date,node_id,node_name,zone,capacity_kg,population_density,day_of_week,month,is_weekend,is_monday,is_festival,festival_name,weather_code,temperature_c,humidity_pct,rainfall_mm,actual_waste_kg,fill_percentage,overflow_occurred
2026-04-06,NODE-001,Lajpat Nagar Market Bin Cluster,South Delhi Zone 3,800,38000,0,4,0,1,0,,0,22.3,43,0.0,587.1,73.4,0
2026-04-06,NODE-002,Sarojini Nagar Community Bins,South Delhi Zone 3,600,32000,0,4,0,1,0,,0,22.3,43,0.0,403.6,67.3,0
2026-04-06,NODE-003,INA Colony Street Cluster,South Delhi Zone 3,400,25000,0,4,0,1,0,,0,22.3,43,0.0,244.9,61.2,0
2026-04-06,NODE-004,Nehru Place Commercial Hub,South Delhi Zone 3,1200,45000,0,4,0,1,0,,0,22.3,43,0.0,1028.1,85.7,0
2026-04-06,NODE-005,Greater Kailash Block N,South Delhi Zone 3,500,20000,0,4,0,1,0,,0,22.3,43,0.0,307.8,61.6,0
2026-04-06,NODE-006,Defence Colony Main Road,South Delhi Zone 3,600,22000,0,4,0,1,0,,0,22.3,43,0.0,382.4,63.7,0
2026-04-06,NODE-007,CR Park Bengali Colony,South Delhi Zone 3,500,28000,0,4,0,1,0,,0,22.3,43,0.0,314.3,62.9,0
2026-04-06,NODE-008,Jangpura Extension Market,South Delhi Zone 3,450,30000,0,4,0,1,0,,0,22.3,43,0.0,293.1,65.1,0
2026-04-06,NODE-009,Bhogal Vegetable Market,South Delhi Zone 3,700,40000,0,4,0,1,0,,0,22.3,43,0.0,524.1,74.9,0
2026-04-06,NODE-010,Andrews Ganj Colony,South Delhi Zone 3,350,18000,0,4,0,1,0,,0,22.3,43,0.0,211.3,60.4,0
2026-04-06,NODE-011,Moolchand Market Cluster,South Delhi Zone 3,550,26000,0,4,0,1,0,,0,22.3,43,0.0,367.9,66.9,0
2026-04-06,NODE-012,Sidhartha Nagar Bins,South Delhi Zone 3,400,35000,0,4,0,1,0,,0,22.3,43,0.0,306.0,76.5,0
2026-04-06,NODE-013,Kotla Mubarakpur Street,South Delhi Zone 3,480,33000,0,4,0,1,0,,0,22.3,43,0.0,357.9,74.6,0
2026-04-06,NODE-014,Malviya Nagar Main Market,South Delhi Zone 4,700,30000,0,4,0,1,0,,0,22.3,43,0.0,481.4,68.8,0
2026-04-06,NODE-015,Okhla Phase 1 Industrial Area,South Delhi Zone 4,1500,15000,0,4,0,1,0,,0,22.3,43,0.0,845.6,56.4,0
2026-04-06,NODE-016,Hauz Khas Village Cluster,South Delhi Zone 4,450,18000,0,4,0,1,0,,0,22.3,43,0.0,257.8,57.3,0
2026-04-06,NODE-017,Saket Select Citywalk Area,South Delhi Zone 4,900,25000,0,4,0,1,0,,0,22.3,43,0.0,623.3,69.3,0
2026-04-06,NODE-018,Sheikh Sarai Phase 2,South Delhi Zone 4,400,22000,0,4,0,1,0,,0,22.3,43,0.0,261.7,65.4,0
2026-04-06,NODE-019,Kalkaji Main Road Bins,South Delhi Zone 4,600,36000,0,4,0,1,0,,0,22.3,43,0.0,424.4,70.7,0
2026-04-06,NODE-020,Govindpuri Market Cluster,South Delhi Zone 4,550,42000,0,4,0,1,0,,0,22.3,43,0.0,434.2,78.9,0
2026-04-06,NODE-021,Sangam Vihar Block A,South Delhi Zone 4,800,48000,0,4,0,1,0,,0,22.3,43,0.0,636.5,79.6,0
2026-04-06,NODE-022,Madanpur Khadar Bins,South Delhi Zone 4,650,44000,0,4,0,1,0,,0,22.3,43,0.0,506.5,77.9,0
2026-04-06,NODE-023,Jasola Apollo Hospital Area,South Delhi Zone 4,500,20000,0,4,0,1,0,,0,22.3,43,0.0,318.4,63.7,0
2026-04-06,NODE-024,Alaknanda Market Community Bins,South Delhi Zone 4,480,27000,0,4,0,1,0,,0,22.3,43,0.0,301.6,62.8,0
2026-04-06,NODE-025,Pul Prehladpur Cluster,South Delhi Zone 4,700,39000,0,4,0,1,0,,0,22.3,43,0.0,531.2,75.9,0
2026-04-07,NODE-001,Lajpat Nagar Market Bin Cluster,South Delhi Zone 3,800,38000,1,4,0,0,0,,0,25.4,43,0.0,572.1,71.5,0
2026-04-07,NODE-002,Sarojini Nagar Community Bins,South Delhi Zone 3,600,32000,1,4,0,0,0,,0,25.4,43,0.0,395.6,65.9,0
2026-04-07,NODE-003,INA Colony Street Cluster,South Delhi Zone 3,400,25000,1,4,0,0,0,,0,25.4,43,0.0,234.4,58.6,0
2026-04-07,NODE-004,Nehru Place Commercial Hub,South Delhi Zone 3,1200,45000,1,4,0,0,0,,0,25.4,43,0.0,948.8,79.1,0
2026-04-07,NODE-005,Greater Kailash Block N,South Delhi Zone 3,500,20000,1,4,0,0,0,,0,25.4,43,0.0,266.9,53.4,0
2026-04-07,NODE-006,Defence Colony Main Road,South Delhi Zone 3,600,22000,1,4,0,0,0,,0,25.4,43,0.0,338.6,56.4,0
2026-04-07,NODE-007,CR Park Bengali Colony,South Delhi Zone 3,500,28000,1,4,0,0,0,,0,25.4,43,0.0,318.7,63.7,0
2026-04-07,NODE-008,Jangpura Extension Market,South Delhi Zone 3,450,30000,1,4,0,0,0,,0,25.4,43,0.0,284.6,63.2,0
2026-04-07,NODE-009,Bhogal Vegetable Market,South Delhi Zone 3,700,40000,1,4,0,0,0,,0,25.4,43,0.0,516.1,73.7,0
2026-04-07,NODE-010,Andrews Ganj Colony,South Delhi Zone 3,350,18000,1,4,0,0,0,,0,25.4,43,0.0,187.5,53.6,0
2026-04-07,NODE-011,Moolchand Market Cluster,South Delhi Zone 3,550,26000,1,4,0,0,0,,0,25.4,43,0.0,335.2,60.9,0
2026-04-07,NODE-012,Sidhartha Nagar Bins,South Delhi Zone 3,400,35000,1,4,0,0,0,,0,25.4,43,0.0,244.4,61.1,0
2026-04-07,NODE-013,Kotla Mubarakpur Street,South Delhi Zone 3,480,33000,1,4,0,0,0,,0,25.4,43,0.0,295.4,61.6,0
2026-04-07,NODE-014,Malviya Nagar Main Market,South Delhi Zone 4,700,30000,1,4,0,0,0,,0,25.4,43,0.0,419.8,60.0,0
2026-04-07,NODE-015,Okhla Phase 1 Industrial Area,South Delhi Zone 4,1500,15000,1,4,0,0,0,,0,25.4,43,0.0,708.4,47.2,0
2026-04-07,NODE-016,Hauz Khas Village Cluster,South Delhi Zone 4,450,18000,1,4,0,0,0,,0,25.4,43,0.0,228.0,50.7,0
2026-04-07,NODE-017,Saket Select Citywalk Area,South Delhi Zone 4,900,25000,1,4,0,0,0,,0,25.4,43,0.0,490.8,54.5,0
2026-04-07,NODE-018,Sheikh Sarai Phase 2,South Delhi Zone 4,400,22000,1,4,0,0,0,,0,25.4,43,0.0,215.9,54.0,0
2026-04-07,NODE-019,Kalkaji Main Road Bins,South Delhi Zone 4,600,36000,1,4,0,0,0,,0,25.4,43,0.0,408.5,68.1,0
2026-04-07,NODE-020,Govindpuri Market Cluster,South Delhi Zone 4,550,42000,1,4,0,0,0,,0,25.4,43,0.0,383.2,69.7,0
2026-04-07,NODE-021,Sangam Vihar Block A,South Delhi Zone 4,800,48000,1,4,0,0,0,,0,25.4,43,0.0,575.8,72.0,0
2026-04-07,NODE-022,Madanpur Khadar Bins,South Delhi Zone 4,650,44000,1,4,0,0,0,,0,25.4,43,0.0,450.8,69.4,0
2026-04-07,NODE-023,Jasola Apollo Hospital Area,South Delhi Zone 4,500,20000,1,4,0,0,0,,0,25.4,43,0.0,262.1,52.4,0
2026-04-07,NODE-024,Alaknanda Market Community Bins,South Delhi Zone 4,480,27000,1,4,0,0,0,,0,25.4,43,0.0,307.0,64.0,0
2026-04-07,NODE-025,Pul Prehladpur Cluster,South Delhi Zone 4,700,39000,1,4,0,0,0,,0,25.4,43,0.0,493.9,70.6,0
2026-04-08,NODE-001,Lajpat Nagar Market Bin Cluster,South Delhi Zone 3,800,38000,2,4,0,0,0,,0,23.7,58,0.0,523.1,65.4,0
2026-04-08,NODE-002,Sarojini Nagar Community Bins,South Delhi Zone 3,600,32000,2,4,0,0,0,,0,23.7,58,0.0,379.2,63.2,0
2026-04-08,NODE-003,INA Colony Street Cluster,South Delhi Zone 3,400,25000,2,4,0,0,0,,0,23.7,58,0.0,224.4,56.1,0
2026-04-08,NODE-004,Nehru Place Commercial Hub,South Delhi Zone 3,1200,45000,2,4,0,0,0,,0,23.7,58,0.0,942.0,78.5,0
2026-04-08,NODE-005,Greater Kailash Block N,South Delhi Zone 3,500,20000,2,4,0,0,0,,0,23.7,58,0.0,280.4,56.1,0
2026-04-08,NODE-006,Defence Colony Main Road,South Delhi Zone 3,600,22000,2,4,0,0,0,,0,23.7,58,0.0,320.7,53.5,0
2026-04-08,NODE-007,CR Park Bengali Colony,South Delhi Zone 3,500,28000,2,4,0,0,0,,0,23.7,58,0.0,294.2,58.8,0
2026-04-08,NODE-008,Jangpura Extension Market,South Delhi Zone 3,450,30000,2,4,0,0,0,,0,23.7,58,0.0,291.3,64.7,0
2026-04-08,NODE-009,Bhogal Vegetable Market,South Delhi Zone 3,700,40000,2,4,0,0,0,,0,23.7,58,0.0,453.2,64.7,0
2026-04-08,NODE-010,Andrews Ganj Colony,South Delhi Zone 3,350,18000,2,4,0,0,0,,0,23.7,58,0.0,194.8,55.6,0
2026-04-08,NODE-011,Moolchand Market Cluster,South Delhi Zone 3,550,26000,2,4,0,0,0,,0,23.7,58,0.0,340.4,61.9,0
2026-04-08,NODE-012,Sidhartha Nagar Bins,South Delhi Zone 3,400,35000,2,4,0,0,0,,0,23.7,58,0.0,259.3,64.8,0
2026-04-08,NODE-013,Kotla Mubarakpur Street,South Delhi Zone 3,480,33000,2,4,0,0,0,,0,23.7,58,0.0,287.5,59.9,0
2026-04-08,NODE-014,Malviya Nagar Main Market,South Delhi Zone 4,700,30000,2,4,0,0,0,,0,23.7,58,0.0,463.2,66.2,0
2026-04-08,NODE-015,Okhla Phase 1 Industrial Area,South Delhi Zone 4,1500,15000,2,4,0,0,0,,0,23.7,58,0.0,767.7,51.2,0
2026-04-08,NODE-016,Hauz Khas Village Cluster,South Delhi Zone 4,450,18000,2,4,0,0,0,,0,23.7,58,0.0,246.4,54.8,0
2026-04-08,NODE-017,Saket Select Citywalk Area,South Delhi Zone 4,900,25000,2,4,0,0,0,,0,23.7,58,0.0,500.2,55.6,0
2026-04-08,NODE-018,Sheikh Sarai Phase 2,South Delhi Zone 4,400,22000,2,4,0,0,0,,0,23.7,58,0.0,223.8,56.0,0
2026-04-08,NODE-019,Kalkaji Main Road Bins,South Delhi Zone 4,600,36000,2,4,0,0,0,,0,23.7,58,0.0,424.4,70.7,0
2026-04-08,NODE-020,Govindpuri Market Cluster,South Delhi Zone 4,550,42000,2,4,0,0,0,,0,23.7,58,0.0,400.6,72.8,0
2026-04-08,NODE-021,Sangam Vihar Block A,South Delhi Zone 4,800,48000,2,4,0,0,0,,0,23.7,58,0.0,554.4,69.3,0
2026-04-08,NODE-022,Madanpur Khadar Bins,South Delhi Zone 4,650,44000,2,4,0,0,0,,0,23.7,58,0.0,445.5,68.5,0
2026-04-08,NODE-023,Jasola Apollo Hospital Area,South Delhi Zone 4,500,20000,2,4,0,0,0,,0,23.7,58,0.0,282.9,56.6,0
2026-04-08,NODE-024,Alaknanda Market Community Bins,South Delhi Zone 4,480,27000,2,4,0,0,0,,0,23.7,58,0.0,288.7,60.2,0
2026-04-08,NODE-025,Pul Prehladpur Cluster,South Delhi Zone 4,700,39000,2,4,0,0,0,,0,23.7,58,0.0,501.6,71.7,0
2026-04-09,NODE-001,Lajpat Nagar Market Bin Cluster,South Delhi Zone 3,800,38000,3,4,0,0,0,,0,27.8,46,0.0,520.8,65.1,0
2026-04-09,NODE-002,Sarojini Nagar Community Bins,South Delhi Zone 3,600,32000,3,4,0,0,0,,0,27.8,46,0.0,411.9,68.7,0
2026-04-09,NODE-003,INA Colony Street Cluster,South Delhi Zone 3,400,25000,3,4,0,0,0,,0,27.8,46,0.0,233.4,58.3,0
2026-04-09,NODE-004,Nehru Place Commercial Hub,South Delhi Zone 3,1200,45000,3,4,0,0,0,,0,27.8,46,0.0,824.3,68.7,0
2026-04-09,NODE-005,Greater Kailash Block N,South Delhi Zone 3,500,20000,3,4,0,0,0,,0,27.8,46,0.0,252.5,50.5,0
2026-04-09,NODE-006,Defence Colony Main Road,South Delhi Zone 3,600,22000,3,4,0,0,0,,0,27.8,46,0.0,314.8,52.5,0
2026-04-09,NODE-007,CR Park Bengali Colony,South Delhi Zone 3,500,28000,3,4,0,0,0,,0,27.8,46,0.0,308.9,61.8,0
2026-04-09,NODE-008,Jangpura Extension Market,South Delhi Zone 3,450,30000,3,4,0,0,0,,0,27.8,46,0.0,292.4,65.0,0
2026-04-09,NODE-009,Bhogal Vegetable Market,South Delhi Zone 3,700,40000,3,4,0,0,0,,0,27.8,46,0.0,481.7,68.8,0
2026-04-09,NODE-010,Andrews Ganj Colony,South Delhi Zone 3,350,18000,3,4,0,0,0,,0,27.8,46,0.0,172.3,49.2,0
2026-04-09,NODE-011,Moolchand Market Cluster,South Delhi Zone 3,550,26000,3,4,0,0,0,,0,27.8,46,0.0,318.4,57.9,0
2026-04-09,NODE-012,Sidhartha Nagar Bins,South Delhi Zone 3,400,35000,3,4,0,0,0,,0,27.8,46,0.0,284.4,71.1,0
2026-04-09,NODE-013,Kotla Mubarakpur Street,South Delhi Zone 3,480,33000,3,4,0,0,0,,0,27.8,46,0.0,310.3,64.7,0
2026-04-09,NODE-014,Malviya Nagar Main Market,South Delhi Zone 4,700,30000,3,4,0,0,0,,0,27.8,46,0.0,467.2,66.7,0
2026-04-09,NODE-015,Okhla Phase 1 Industrial Area,South Delhi Zone 4,1500,15000,3,4,0,0,0,,0,27.8,46,0.0,803.3,53.6,0
2026-04-09,NODE-016,Hauz Khas Village Cluster,South Delhi Zone 4,450,18000,3,4,0,0,0,,0,27.8,46,0.0,219.5,48.8,0
2026-04-09,NODE-017,Saket Select Citywalk Area,South Delhi Zone 4,900,25000,3,4,0,0,0,,0,27.8,46,0.0,542.8,60.3,0
2026-04-09,NODE-018,Sheikh Sarai Phase 2,South Delhi Zone 4,400,22000,3,4,0,0,0,,0,27.8,46,0.0,230.4,57.6,0
2026-04-09,NODE-019,Kalkaji Main Road Bins,South Delhi Zone 4,600,36000,3,4,0,0,0,,0,27.8,46,0.0,402.2,67.0,0
2026-04-09,NODE-020,Govindpuri Market Cluster,South Delhi Zone 4,550,42000,3,4,0,0,0,,0,27.8,46,0.0,377.1,68.6,0
2026-04-09,NODE-021,Sangam Vihar Block A,South Delhi Zone 4,800,48000,3,4,0,0,0,,0,27.8,46,0.0,601.3,75.2,0
2026-04-09,NODE-022,Madanpur Khadar Bins,South Delhi Zone 4,650,44000,3,4,0,0,0,,0,27.8,46,0.0,443.4,68.2,0
2026-04-09,NODE-023,Jasola Apollo Hospital Area,South Delhi Zone 4,500,20000,3,4,0,0,0,,0,27.8,46,0.0,269.4,53.9,0
2026-04-09,NODE-024,Alaknanda Market Community Bins,South Delhi Zone 4,480,27000,3,4,0,0,0,,0,27.8,46,0.0,284.8,59.3,0
2026-04-09,NODE-025,Pul Prehladpur Cluster,South Delhi Zone 4,700,39000,3,4,0,0,0,,0,27.8,46,0.0,517.5,73.9,0
2026-04-10,NODE-001,Lajpat Nagar Market Bin Cluster,South Delhi Zone 3,800,38000,4,4,0,0,0,,1,24.6,51,0.0,568.2,71.0,0
2026-04-10,NODE-002,Sarojini Nagar Community Bins,South Delhi Zone 3,600,32000,4,4,0,0,0,,1,24.6,51,0.0,382.0,63.7,0
2026-04-10,NODE-003,INA Colony Street Cluster,South Delhi Zone 3,400,25000,4,4,0,0,0,,1,24.6,51,0.0,218.3,54.6,0
2026-04-10,NODE-004,Nehru Place Commercial Hub,South Delhi Zone 3,1200,45000,4,4,0,0,0,,1,24.6,51,0.0,899.7,75.0,0
2026-04-10,NODE-005,Greater Kailash Block N,South Delhi Zone 3,500,20000,4,4,0,0,0,,1,24.6,51,0.0,287.1,57.4,0
2026-04-10,NODE-006,Defence Colony Main Road,South Delhi Zone 3,600,22000,4,4,0,0,0,,1,24.6,51,0.0,336.2,56.0,0
2026-04-10,NODE-007,CR Park Bengali Colony,South Delhi Zone 3,500,28000,4,4,0,0,0,,1,24.6,51,0.0,288.1,57.6,0
2026-04-10,NODE-008,Jangpura Extension Market,South Delhi Zone 3,450,30000,4,4,0,0,0,,1,24.6,51,0.0,273.7,60.8,0
2026-04-10,NODE-009,Bhogal Vegetable Market,South Delhi Zone 3,700,40000,4,4,0,0,0,,1,24.6,51,0.0,461.4,65.9,0
2026-04-10,NODE-010,Andrews Ganj Colony,South Delhi Zone 3,350,18000,4,4,0,0,0,,1,24.6,51,0.0,198.7,56.8,0
2026-04-10,NODE-011,Moolchand Market Cluster,South Delhi Zone 3,550,26000,4,4,0,0,0,,1,24.6,51,0.0,346.5,63.0,0
2026-04-10,NODE-012,Sidhartha Nagar Bins,South Delhi Zone 3,400,35000,4,4,0,0,0,,1,24.6,51,0.0,281.2,70.3,0
2026-04-10,NODE-013,Kotla Mubarakpur Street,South Delhi Zone 3,480,33000,4,4,0,0,0,,1,24.6,51,0.0,313.8,65.4,0
2026-04-10,NODE-014,Malviya Nagar Main Market,South Delhi Zone 4,700,30000,4,4,0,0,0,,1,24.6,51,0.0,433.7,62.0,0
2026-04-10,NODE-015,Okhla Phase 1 Industrial Area,South Delhi Zone 4,1500,15000,4,4,0,0,0,,1,24.6,51,0.0,712.3,47.5,0
2026-04-10,NODE-016,Hauz Khas Village Cluster,South Delhi Zone 4,450,18000,4,4,0,0,0,,1,24.6,51,0.0,232.9,51.8,0
2026-04-10,NODE-017,Saket Select Citywalk Area,South Delhi Zone 4,900,25000,4,4,0,0,0,,1,24.6,51,0.0,565.0,62.8,0
2026-04-10,NODE-018,Sheikh Sarai Phase 2,South Delhi Zone 4,400,22000,4,4,0,0,0,,1,24.6,51,0.0,234.9,58.7,0
2026-04-10,NODE-019,Kalkaji Main Road Bins,South Delhi Zone 4,600,36000,4,4,0,0,0,,1,24.6,51,0.0,383.2,63.9,0
2026-04-10,NODE-020,Govindpuri Market Cluster,South Delhi Zone 4,550,42000,4,4,0,0,0,,1,24.6,51,0.0,375.4,68.3,0
2026-04-10,NODE-021,Sangam Vihar Block A,South Delhi Zone 4,800,48000,4,4,0,0,0,,1,24.6,51,0.0,594.3,74.3,0
2026-04-10,NODE-022,Madanpur Khadar Bins,South Delhi Zone 4,650,44000,4,4,0,0,0,,1,24.6,51,0.0,440.9,67.8,0
2026-04-10,NODE-023,Jasola Apollo Hospital Area,South Delhi Zone 4,500,20000,4,4,0,0,0,,1,24.6,51,0.0,282.3,56.5,0
2026-04-10,NODE-024,Alaknanda Market Community Bins,South Delhi Zone 4,480,27000,4,4,0,0,0,,1,24.6,51,0.0,301.5,62.8,0
2026-04-10,NODE-025,Pul Prehladpur Cluster,South Delhi Zone 4,700,39000,4,4,0,0,0,,1,24.6,51,0.0,519.4,74.2,0
2026-04-11,NODE-001,Lajpat Nagar Market Bin Cluster,South Delhi Zone 3,800,38000,5,4,1,0,0,,0,23.3,56,0.0,692.8,86.6,0
2026-04-11,NODE-002,Sarojini Nagar Community Bins,South Delhi Zone 3,600,32000,5,4,1,0,0,,0,23.3,56,0.0,490.5,81.8,0
2026-04-11,NODE-003,INA Colony Street Cluster,South Delhi Zone 3,400,25000,5,4,1,0,0,,0,23.3,56,0.0,286.0,71.5,0
2026-04-11,NODE-004,Nehru Place Commercial Hub,South Delhi Zone 3,1200,45000,5,4,1,0,0,,0,23.3,56,0.0,1192.0,99.3,1
2026-04-11,NODE-005,Greater Kailash Block N,South Delhi Zone 3,500,20000,5,4,1,0,0,,0,23.3,56,0.0,343.0,68.6,0
2026-04-11,NODE-006,Defence Colony Main Road,South Delhi Zone 3,600,22000,5,4,1,0,0,,0,23.3,56,0.0,408.6,68.1,0
2026-04-11,NODE-007,CR Park Bengali Colony,South Delhi Zone 3,500,28000,5,4,1,0,0,,0,23.3,56,0.0,388.5,77.7,0
2026-04-11,NODE-008,Jangpura Extension Market,South Delhi Zone 3,450,30000,5,4,1,0,0,,0,23.3,56,0.0,369.4,82.1,0
2026-04-11,NODE-009,Bhogal Vegetable Market,South Delhi Zone 3,700,40000,5,4,1,0,0,,0,23.3,56,0.0,592.5,84.6,0
2026-04-11,NODE-010,Andrews Ganj Colony,South Delhi Zone 3,350,18000,5,4,1,0,0,,0,23.3,56,0.0,229.1,65.5,0
2026-04-11,NODE-011,Moolchand Market Cluster,South Delhi Zone 3,550,26000,5,4,1,0,0,,0,23.3,56,0.0,446.8,81.2,0
2026-04-11,NODE-012,Sidhartha Nagar Bins,South Delhi Zone 3,400,35000,5,4,1,0,0,,0,23.3,56,0.0,344.2,86.0,0
2026-04-11,NODE-013,Kotla Mubarakpur Street,South Delhi Zone 3,480,33000,5,4,1,0,0,,0,23.3,56,0.0,390.1,81.3,0
2026-04-11,NODE-014,Malviya Nagar Main Market,South Delhi Zone 4,700,30000,5,4,1,0,0,,0,23.3,56,0.0,555.7,79.4,0
2026-04-11,NODE-015,Okhla Phase 1 Industrial Area,South Delhi Zone 4,1500,15000,5,4,1,0,0,,0,23.3,56,0.0,910.0,60.7,0
2026-04-11,NODE-016,Hauz Khas Village Cluster,South Delhi Zone 4,450,18000,5,4,1,0,0,,0,23.3,56,0.0,290.4,64.5,0
2026-04-11,NODE-017,Saket Select Citywalk Area,South Delhi Zone 4,900,25000,5,4,1,0,0,,0,23.3,56,0.0,651.4,72.4,0
2026-04-11,NODE-018,Sheikh Sarai Phase 2,South Delhi Zone 4,400,22000,5,4,1,0,0,,0,23.3,56,0.0,289.6,72.4,0
2026-04-11,NODE-019,Kalkaji Main Road Bins,South Delhi Zone 4,600,36000,5,4,1,0,0,,0,23.3,56,0.0,488.0,81.3,0
2026-04-11,NODE-020,Govindpuri Market Cluster,South Delhi Zone 4,550,42000,5,4,1,0,0,,0,23.3,56,0.0,477.2,86.8,0
2026-04-11,NODE-021,Sangam Vihar Block A,South Delhi Zone 4,800,48000,5,4,1,0,0,,0,23.3,56,0.0,698.5,87.3,0
2026-04-11,NODE-022,Madanpur Khadar Bins,South Delhi Zone 4,650,44000,5,4,1,0,0,,0,23.3,56,0.0,615.7,94.7,0
2026-04-11,NODE-023,Jasola Apollo Hospital Area,South Delhi Zone 4,500,20000,5,4,1,0,0,,0,23.3,56,0.0,332.2,66.4,0
2026-04-11,NODE-024,Alaknanda Market Community Bins,South Delhi Zone 4,480,27000,5,4,1,0,0,,0,23.3,56,0.0,389.7,81.2,0
2026-04-11,NODE-025,Pul Prehladpur Cluster,South Delhi Zone 4,700,39000,5,4,1,0,0,,0,23.3,56,0.0,650.8,93.0,0
2026-04-12,NODE-001,Lajpat Nagar Market Bin Cluster,South Delhi Zone 3,800,38000,6,4,1,0,0,,0,24.4,56,0.0,693.9,86.7,0
2026-04-12,NODE-002,Sarojini Nagar Community Bins,South Delhi Zone 3,600,32000,6,4,1,0,0,,0,24.4,56,0.0,489.7,81.6,0
2026-04-12,NODE-003,INA Colony Street Cluster,South Delhi Zone 3,400,25000,6,4,1,0,0,,0,24.4,56,0.0,307.8,77.0,0
2026-04-12,NODE-004,Nehru Place Commercial Hub,South Delhi Zone 3,1200,45000,6,4,1,0,0,,0,24.4,56,0.0,1193.8,99.5,1
2026-04-12,NODE-005,Greater Kailash Block N,South Delhi Zone 3,500,20000,6,4,1,0,0,,0,24.4,56,0.0,351.5,70.3,0
2026-04-12,NODE-006,Defence Colony Main Road,South Delhi Zone 3,600,22000,6,4,1,0,0,,0,24.4,56,0.0,410.7,68.5,0
2026-04-12,NODE-007,CR Park Bengali Colony,South Delhi Zone 3,500,28000,6,4,1,0,0,,0,24.4,56,0.0,384.4,76.9,0
2026-04-12,NODE-008,Jangpura Extension Market,South Delhi Zone 3,450,30000,6,4,1,0,0,,0,24.4,56,0.0,351.0,78.0,0
2026-04-12,NODE-009,Bhogal Vegetable Market,South Delhi Zone 3,700,40000,6,4,1,0,0,,0,24.4,56,0.0,581.8,83.1,0
2026-04-12,NODE-010,Andrews Ganj Colony,South Delhi Zone 3,350,18000,6,4,1,0,0,,0,24.4,56,0.0,242.3,69.2,0
2026-04-12,NODE-011,Moolchand Market Cluster,South Delhi Zone 3,550,26000,6,4,1,0,0,,0,24.4,56,0.0,404.4,73.5,0
2026-04-12,NODE-012,Sidhartha Nagar Bins,South Delhi Zone 3,400,35000,6,4,1,0,0,,0,24.4,56,0.0,331.3,82.8,0
2026-04-12,NODE-013,Kotla Mubarakpur Street,South Delhi Zone 3,480,33000,6,4,1,0,0,,0,24.4,56,0.0,416.9,86.9,0
2026-04-12,NODE-014,Malviya Nagar Main Market,South Delhi Zone 4,700,30000,6,4,1,0,0,,0,24.4,56,0.0,514.6,73.5,0
2026-04-12,NODE-015,Okhla Phase 1 Industrial Area,South Delhi Zone 4,1500,15000,6,4,1,0,0,,0,24.4,56,0.0,992.5,66.2,0
2026-04-12,NODE-016,Hauz Khas Village Cluster,South Delhi Zone 4,450,18000,6,4,1,0,0,,0,24.4,56,0.0,310.9,69.1,0
2026-04-12,NODE-017,Saket Select Citywalk Area,South Delhi Zone 4,900,25000,6,4,1,0,0,,0,24.4,56,0.0,621.7,69.1,0
2026-04-12,NODE-018,Sheikh Sarai Phase 2,South Delhi Zone 4,400,22000,6,4,1,0,0,,0,24.4,56,0.0,296.0,74.0,0
2026-04-12,NODE-019,Kalkaji Main Road Bins,South Delhi Zone 4,600,36000,6,4,1,0,0,,0,24.4,56,0.0,534.5,89.1,0
2026-04-12,NODE-020,Govindpuri Market Cluster,South Delhi Zone 4,550,42000,6,4,1,0,0,,0,24.4,56,0.0,468.4,85.2,0
2026-04-12,NODE-021,Sangam Vihar Block A,South Delhi Zone 4,800,48000,6,4,1,0,0,,0,24.4,56,0.0,713.0,89.1,0
2026-04-12,NODE-022,Madanpur Khadar Bins,South Delhi Zone 4,650,44000,6,4,1,0,0,,0,24.4,56,0.0,606.6,93.3,0
2026-04-12,NODE-023,Jasola Apollo Hospital Area,South Delhi Zone 4,500,20000,6,4,1,0,0,,0,24.4,56,0.0,327.2,65.4,0
2026-04-12,NODE-024,Alaknanda Market Community Bins,South Delhi Zone 4,480,27000,6,4,1,0,0,,0,24.4,56,0.0,347.5,72.4,0
2026-04-12,NODE-025,Pul Prehladpur Cluster,South Delhi Zone 4,700,39000,6,4,1,0,0,,0,24.4,56,0.0,611.7,87.4,0
2026-04-13,NODE-001,Lajpat Nagar Market Bin Cluster,South Delhi Zone 3,800,38000,0,4,0,1,0,,1,22.8,60,0.0,647.5,80.9,0
2026-04-13,NODE-002,Sarojini Nagar Community Bins,South Delhi Zone 3,600,32000,0,4,0,1,0,,1,22.8,60,0.0,431.7,72.0,0
2026-04-13,NODE-003,INA Colony Street Cluster,South Delhi Zone 3,400,25000,0,4,0,1,0,,1,22.8,60,0.0,242.7,60.7,0
2026-04-13,NODE-004,Nehru Place Commercial Hub,South Delhi Zone 3,1200,45000,0,4,0,1,0,,1,22.8,60,0.0,1069.1,89.1,0
2026-04-13,NODE-005,Greater Kailash Block N,South Delhi Zone 3,500,20000,0,4,0,1,0,,1,22.8,60,0.0,322.0,64.4,0
2026-04-13,NODE-006,Defence Colony Main Road,South Delhi Zone 3,600,22000,0,4,0,1,0,,1,22.8,60,0.0,405.2,67.5,0
2026-04-13,NODE-007,CR Park Bengali Colony,South Delhi Zone 3,500,28000,0,4,0,1,0,,1,22.8,60,0.0,363.0,72.6,0
2026-04-13,NODE-008,Jangpura Extension Market,South Delhi Zone 3,450,30000,0,4,0,1,0,,1,22.8,60,0.0,331.0,73.6,0
2026-04-13,NODE-009,Bhogal Vegetable Market,South Delhi Zone 3,700,40000,0,4,0,1,0,,1,22.8,60,0.0,518.3,74.0,0
2026-04-13,NODE-010,Andrews Ganj Colony,South Delhi Zone 3,350,18000,0,4,0,1,0,,1,22.8,60,0.0,207.4,59.3,0
2026-04-13,NODE-011,Moolchand Market Cluster,South Delhi Zone 3,550,26000,0,4,0,1,0,,1,22.8,60,0.0,347.7,63.2,0
2026-04-13,NODE-012,Sidhartha Nagar Bins,South Delhi Zone 3,400,35000,0,4,0,1,0,,1,22.8,60,0.0,291.1,72.8,0
2026-04-13,NODE-013,Kotla Mubarakpur Street,South Delhi Zone 3,480,33000,0,4,0,1,0,,1,22.8,60,0.0,322.2,67.1,0
2026-04-13,NODE-014,Malviya Nagar Main Market,South Delhi Zone 4,700,30000,0,4,0,1,0,,1,22.8,60,0.0,478.2,68.3,0
2026-04-13,NODE-015,Okhla Phase 1 Industrial Area,South Delhi Zone 4,1500,15000,0,4,0,1,0,,1,22.8,60,0.0,918.7,61.2,0
2026-04-13,NODE-016,Hauz Khas Village Cluster,South Delhi Zone 4,450,18000,0,4,0,1,0,,1,22.8,60,0.0,257.3,57.2,0
2026-04-13,NODE-017,Saket Select Citywalk Area,South Delhi Zone 4,900,25000,0,4,0,1,0,,1,22.8,60,0.0,615.2,68.4,0
2026-04-13,NODE-018,Sheikh Sarai Phase 2,South Delhi Zone 4,400,22000,0,4,0,1,0,,1,22.8,60,0.0,249.5,62.4,0
2026-04-13,NODE-019,Kalkaji Main Road Bins,South Delhi Zone 4,600,36000,0,4,0,1,0,,1,22.8,60,0.0,443.3,73.9,0
2026-04-13,NODE-020,Govindpuri Market Cluster,South Delhi Zone 4,550,42000,0,4,0,1,0,,1,22.8,60,0.0,471.8,85.8,0
2026-04-13,NODE-021,Sangam Vihar Block A,South Delhi Zone 4,800,48000,0,4,0,1,0,,1,22.8,60,0.0,712.3,89.0,0
2026-04-13,NODE-022,Madanpur Khadar Bins,South Delhi Zone 4,650,44000,0,4,0,1,0,,1,22.8,60,0.0,535.4,82.4,0
2026-04-13,NODE-023,Jasola Apollo Hospital Area,South Delhi Zone 4,500,20000,0,4,0,1,0,,1,22.8,60,0.0,316.2,63.2,0
2026-04-13,NODE-024,Alaknanda Market Community Bins,South Delhi Zone 4,480,27000,0,4,0,1,0,,1,22.8,60,0.0,304.3,63.4,0
2026-04-13,NODE-025,Pul Prehladpur Cluster,South Delhi Zone 4,700,39000,0,4,0,1,0,,1,22.8,60,0.0,524.0,74.9,0
2026-04-14,NODE-001,Lajpat Nagar Market Bin Cluster,South Delhi Zone 3,800,38000,1,4,0,0,0,,3,27.8,52,0.0,507.0,63.4,0
2026-04-14,NODE-002,Sarojini Nagar Community Bins,South Delhi Zone 3,600,32000,1,4,0,0,0,,3,27.8,52,0.0,370.2,61.7,0
2026-04-14,NODE-003,INA Colony Street Cluster,South Delhi Zone 3,400,25000,1,4,0,0,0,,3,27.8,52,0.0,216.2,54.1,0
2026-04-14,NODE-004,Nehru Place Commercial Hub,South Delhi Zone 3,1200,45000,1,4,0,0,0,,3,27.8,52,0.0,878.7,73.2,0
2026-04-14,NODE-005,Greater Kailash Block N,South Delhi Zone 3,500,20000,1,4,0,0,0,,3,27.8,52,0.0,290.5,58.1,0
2026-04-14,NODE-006,Defence Colony Main Road,South Delhi Zone 3,600,22000,1,4,0,0,0,,3,27.8,52,0.0,337.5,56.2,0
2026-04-14,NODE-007,CR Park Bengali Colony,South Delhi Zone 3,500,28000,1,4,0,0,0,,3,27.8,52,0.0,281.2,56.2,0
2026-04-14,NODE-008,Jangpura Extension Market,South Delhi Zone 3,450,30000,1,4,0,0,0,,3,27.8,52,0.0,279.6,62.1,0
2026-04-14,NODE-009,Bhogal Vegetable Market,South Delhi Zone 3,700,40000,1,4,0,0,0,,3,27.8,52,0.0,515.2,73.6,0
2026-04-14,NODE-010,Andrews Ganj Colony,South Delhi Zone 3,350,18000,1,4,0,0,0,,3,27.8,52,0.0,172.4,49.3,0
2026-04-14,NODE-011,Moolchand Market Cluster,South Delhi Zone 3,550,26000,1,4,0,0,0,,3,27.8,52,0.0,302.2,54.9,0
2026-04-14,NODE-012,Sidhartha Nagar Bins,South Delhi Zone 3,400,35000,1,4,0,0,0,,3,27.8,52,0.0,278.8,69.7,0
2026-04-14,NODE-013,Kotla Mubarakpur Street,South Delhi Zone 3,480,33000,1,4,0,0,0,,3,27.8,52,0.0,304.1,63.4,0
2026-04-14,NODE-014,Malviya Nagar Main Market,South Delhi Zone 4,700,30000,1,4,0,0,0,,3,27.8,52,0.0,465.2,66.5,0
2026-04-14,NODE-015,Okhla Phase 1 Industrial Area,South Delhi Zone 4,1500,15000,1,4,0,0,0,,3,27.8,52,0.0,768.0,51.2,0
2026-04-14,NODE-016,Hauz Khas Village Cluster,South Delhi Zone 4,450,18000,1,4,0,0,0,,3,27.8,52,0.0,241.1,53.6,0
2026-04-14,NODE-017,Saket Select Citywalk Area,South Delhi Zone 4,900,25000,1,4,0,0,0,,3,27.8,52,0.0,485.7,54.0,0
2026-04-14,NODE-018,Sheikh Sarai Phase 2,South Delhi Zone 4,400,22000,1,4,0,0,0,,3,27.8,52,0.0,208.9,52.2,0
2026-04-14,NODE-019,Kalkaji Main Road Bins,South Delhi Zone 4,600,36000,1,4,0,0,0,,3,27.8,52,0.0,409.9,68.3,0
2026-04-14,NODE-020,Govindpuri Market Cluster,South Delhi Zone 4,550,42000,1,4,0,0,0,,3,27.8,52,0.0,395.8,72.0,0
2026-04-14,NODE-021,Sangam Vihar Block A,South Delhi Zone 4,800,48000,1,4,0,0,0,,3,27.8,52,0.0,570.7,71.3,0
2026-04-14,NODE-022,Madanpur Khadar Bins,South Delhi Zone 4,650,44000,1,4,0,0,0,,3,27.8,52,0.0,454.7,70.0,0
2026-04-14,NODE-023,Jasola Apollo Hospital Area,South Delhi Zone 4,500,20000,1,4,0,0,0,,3,27.8,52,0.0,279.6,55.9,0
2026-04-14,NODE-024,Alaknanda Market Community Bins,South Delhi Zone 4,480,27000,1,4,0,0,0,,3,27.8,52,0.0,278.4,58.0,0
2026-04-14,NODE-025,Pul Prehladpur Cluster,South Delhi Zone 4,700,39000,1,4,0,0,0,,3,27.8,52,0.0,464.4,66.3,0
2026-04-15,NODE-001,Lajpat Nagar Market Bin Cluster,South Delhi Zone 3,800,38000,2,4,0,0,0,,0,28.5,49,0.0,529.3,66.2,0
2026-04-15,NODE-002,Sarojini Nagar Community Bins,South Delhi Zone 3,600,32000,2,4,0,0,0,,0,28.5,49,0.0,396.9,66.2,0
2026-04-15,NODE-003,INA Colony Street Cluster,South Delhi Zone 3,400,25000,2,4,0,0,0,,0,28.5,49,0.0,217.1,54.3,0
2026-04-15,NODE-004,Nehru Place Commercial Hub,South Delhi Zone 3,1200,45000,2,4,0,0,0,,0,28.5,49,0.0,876.1,73.0,0
2026-04-15,NODE-005,Greater Kailash Block N,South Delhi Zone 3,500,20000,2,4,0,0,0,,0,28.5,49,0.0,293.9,58.8,0
2026-04-15,NODE-006,Defence Colony Main Road,South Delhi Zone 3,600,22000,2,4,0,0,0,,0,28.5,49,0.0,362.5,60.4,0
2026-04-15,NODE-007,CR Park Bengali Colony,South Delhi Zone 3,500,28000,2,4,0,0,0,,0,28.5,49,0.0,282.0,56.4,0
2026-04-15,NODE-008,Jangpura Extension Market,South Delhi Zone 3,450,30000,2,4,0,0,0,,0,28.5,49,0.0,266.5,59.2,0
2026-04-15,NODE-009,Bhogal Vegetable Market,South Delhi Zone 3,700,40000,2,4,0,0,0,,0,28.5,49,0.0,469.5,67.1,0
2026-04-15,NODE-010,Andrews Ganj Colony,South Delhi Zone 3,350,18000,2,4,0,0,0,,0,28.5,49,0.0,198.1,56.6,0
2026-04-15,NODE-011,Moolchand Market Cluster,South Delhi Zone 3,550,26000,2,4,0,0,0,,0,28.5,49,0.0,344.4,62.6,0
2026-04-15,NODE-012,Sidhartha Nagar Bins,South Delhi Zone 3,400,35000,2,4,0,0,0,,0,28.5,49,0.0,279.5,69.9,0
2026-04-15,NODE-013,Kotla Mubarakpur Street,South Delhi Zone 3,480,33000,2,4,0,0,0,,0,28.5,49,0.0,302.4,63.0,0
2026-04-15,NODE-014,Malviya Nagar Main Market,South Delhi Zone 4,700,30000,2,4,0,0,0,,0,28.5,49,0.0,410.7,58.7,0
2026-04-15,NODE-015,Okhla Phase 1 Industrial Area,South Delhi Zone 4,1500,15000,2,4,0,0,0,,0,28.5,49,0.0,800.1,53.3,0
2026-04-15,NODE-016,Hauz Khas Village Cluster,South Delhi Zone 4,450,18000,2,4,0,0,0,,0,28.5,49,0.0,245.9,54.6,0
2026-04-15,NODE-017,Saket Select Citywalk Area,South Delhi Zone 4,900,25000,2,4,0,0,0,,0,28.5,49,0.0,533.7,59.3,0
2026-04-15,NODE-018,Sheikh Sarai Phase 2,South Delhi Zone 4,400,22000,2,4,0,0,0,,0,28.5,49,0.0,241.3,60.3,0
2026-04-15,NODE-019,Kalkaji Main Road Bins,South Delhi Zone 4,600,36000,2,4,0,0,0,,0,28.5,49,0.0,409.7,68.3,0
2026-04-15,NODE-020,Govindpuri Market Cluster,South Delhi Zone 4,550,42000,2,4,0,0,0,,0,28.5,49,0.0,360.8,65.6,0
2026-04-15,NODE-021,Sangam Vihar Block A,South Delhi Zone 4,800,48000,2,4,0,0,0,,0,28.5,49,0.0,617.8,77.2,0
2026-04-15,NODE-022,Madanpur Khadar Bins,South Delhi Zone 4,650,44000,2,4,0,0,0,,0,28.5,49,0.0,457.6,70.4,0
2026-04-15,NODE-023,Jasola Apollo Hospital Area,South Delhi Zone 4,500,20000,2,4,0,0,0,,0,28.5,49,0.0,279.3,55.9,0
2026-04-15,NODE-024,Alaknanda Market Community Bins,South Delhi Zone 4,480,27000,2,4,0,0,0,,0,28.5,49,0.0,307.1,64.0,0
2026-04-15,NODE-025,Pul Prehladpur Cluster,South Delhi Zone 4,700,39000,2,4,0,0,0,,0,28.5,49,0.0,454.3,64.9,0
2026-04-16,NODE-001,Lajpat Nagar Market Bin Cluster,South Delhi Zone 3,800,38000,3,4,0,0,0,,0,23.1,52,0.0,515.3,64.4,0
2026-04-16,NODE-002,Sarojini Nagar Community Bins,South Delhi Zone 3,600,32000,3,4,0,0,0,,0,23.1,52,0.0,368.2,61.4,0
2026-04-16,NODE-003,INA Colony Street Cluster,South Delhi Zone 3,400,25000,3,4,0,0,0,,0,23.1,52,0.0,222.2,55.6,0
2026-04-16,NODE-004,Nehru Place Commercial Hub,South Delhi Zone 3,1200,45000,3,4,0,0,0,,0,23.1,52,0.0,859.8,71.7,0
2026-04-16,NODE-005,Greater Kailash Block N,South Delhi Zone 3,500,20000,3,4,0,0,0,,0,23.1,52,0.0,280.4,56.1,0
2026-04-16,NODE-006,Defence Colony Main Road,South Delhi Zone 3,600,22000,3,4,0,0,0,,0,23.1,52,0.0,354.8,59.1,0
2026-04-16,NODE-007,CR Park Bengali Colony,South Delhi Zone 3,500,28000,3,4,0,0,0,,0,23.1,52,0.0,303.0,60.6,0
2026-04-16,NODE-008,Jangpura Extension Market,South Delhi Zone 3,450,30000,3,4,0,0,0,,0,23.1,52,0.0,268.2,59.6,0
2026-04-16,NODE-009,Bhogal Vegetable Market,South Delhi Zone 3,700,40000,3,4,0,0,0,,0,23.1,52,0.0,519.7,74.2,0
2026-04-16,NODE-010,Andrews Ganj Colony,South Delhi Zone 3,350,18000,3,4,0,0,0,,0,23.1,52,0.0,171.9,49.1,0
2026-04-16,NODE-011,Moolchand Market Cluster,South Delhi Zone 3,550,26000,3,4,0,0,0,,0,23.1,52,0.0,331.6,60.3,0
2026-04-16,NODE-012,Sidhartha Nagar Bins,South Delhi Zone 3,400,35000,3,4,0,0,0,,0,23.1,52,0.0,277.4,69.3,0
2026-04-16,NODE-013,Kotla Mubarakpur Street,South Delhi Zone 3,480,33000,3,4,0,0,0,,0,23.1,52,0.0,286.4,59.7,0
2026-04-16,NODE-014,Malviya Nagar Main Market,South Delhi Zone 4,700,30000,3,4,0,0,0,,0,23.1,52,0.0,422.9,60.4,0
2026-04-16,NODE-015,Okhla Phase 1 Industrial Area,South Delhi Zone 4,1500,15000,3,4,0,0,0,,0,23.1,52,0.0,714.6,47.6,0
2026-04-16,NODE-016,Hauz Khas Village Cluster,South Delhi Zone 4,450,18000,3,4,0,0,0,,0,23.1,52,0.0,256.4,57.0,0
2026-04-16,NODE-017,Saket Select Citywalk Area,South Delhi Zone 4,900,25000,3,4,0,0,0,,0,23.1,52,0.0,495.9,55.1,0
2026-04-16,NODE-018,Sheikh Sarai Phase 2,South Delhi Zone 4,400,22000,3,4,0,0,0,,0,23.1,52,0.0,221.8,55.4,0
2026-04-16,NODE-019,Kalkaji Main Road Bins,South Delhi Zone 4,600,36000,3,4,0,0,0,,0,23.1,52,0.0,413.0,68.8,0
2026-04-16,NODE-020,Govindpuri Market Cluster,South Delhi Zone 4,550,42000,3,4,0,0,0,,0,23.1,52,0.0,395.5,71.9,0
2026-04-16,NODE-021,Sangam Vihar Block A,South Delhi Zone 4,800,48000,3,4,0,0,0,,0,23.1,52,0.0,551.5,68.9,0
2026-04-16,NODE-022,Madanpur Khadar Bins,South Delhi Zone 4,650,44000,3,4,0,0,0,,0,23.1,52,0.0,506.5,77.9,0
2026-04-16,NODE-023,Jasola Apollo Hospital Area,South Delhi Zone 4,500,20000,3,4,0,0,0,,0,23.1,52,0.0,280.5,56.1,0
2026-04-16,NODE-024,Alaknanda Market Community Bins,South Delhi Zone 4,480,27000,3,4,0,0,0,,0,23.1,52,0.0,270.8,56.4,0
2026-04-16,NODE-025,Pul Prehladpur Cluster,South Delhi Zone 4,700,39000,3,4,0,0,0,,0,23.1,52,0.0,446.7,63.8,0
2026-04-17,NODE-001,Lajpat Nagar Market Bin Cluster,South Delhi Zone 3,800,38000,4,4,0,0,0,,0,27.5,48,0.0,512.8,64.1,0
2026-04-17,NODE-002,Sarojini Nagar Community Bins,South Delhi Zone 3,600,32000,4,4,0,0,0,,0,27.5,48,0.0,369.8,61.6,0
2026-04-17,NODE-003,INA Colony Street Cluster,South Delhi Zone 3,400,25000,4,4,0,0,0,,0,27.5,48,0.0,247.9,62.0,0
2026-04-17,NODE-004,Nehru Place Commercial Hub,South Delhi Zone 3,1200,45000,4,4,0,0,0,,0,27.5,48,0.0,923.8,77.0,0
2026-04-17,NODE-005,Greater Kailash Block N,South Delhi Zone 3,500,20000,4,4,0,0,0,,0,27.5,48,0.0,287.9,57.6,0
2026-04-17,NODE-006,Defence Colony Main Road,South Delhi Zone 3,600,22000,4,4,0,0,0,,0,27.5,48,0.0,357.2,59.5,0
2026-04-17,NODE-007,CR Park Bengali Colony,South Delhi Zone 3,500,28000,4,4,0,0,0,,0,27.5,48,0.0,288.7,57.7,0
2026-04-17,NODE-008,Jangpura Extension Market,South Delhi Zone 3,450,30000,4,4,0,0,0,,0,27.5,48,0.0,268.1,59.6,0
2026-04-17,NODE-009,Bhogal Vegetable Market,South Delhi Zone 3,700,40000,4,4,0,0,0,,0,27.5,48,0.0,456.8,65.3,0
2026-04-17,NODE-010,Andrews Ganj Colony,South Delhi Zone 3,350,18000,4,4,0,0,0,,0,27.5,48,0.0,193.5,55.3,0
2026-04-17,NODE-011,Moolchand Market Cluster,South Delhi Zone 3,550,26000,4,4,0,0,0,,0,27.5,48,0.0,344.5,62.6,0
2026-04-17,NODE-012,Sidhartha Nagar Bins,South Delhi Zone 3,400,35000,4,4,0,0,0,,0,27.5,48,0.0,259.6,64.9,0
2026-04-17,NODE-013,Kotla Mubarakpur Street,South Delhi Zone 3,480,33000,4,4,0,0,0,,0,27.5,48,0.0,314.9,65.6,0
2026-04-17,NODE-014,Malviya Nagar Main Market,South Delhi Zone 4,700,30000,4,4,0,0,0,,0,27.5,48,0.0,410.5,58.6,0
2026-04-17,NODE-015,Okhla Phase 1 Industrial Area,South Delhi Zone 4,1500,15000,4,4,0,0,0,,0,27.5,48,0.0,811.7,54.1,0
2026-04-17,NODE-016,Hauz Khas Village Cluster,South Delhi Zone 4,450,18000,4,4,0,0,0,,0,27.5,48,0.0,252.0,56.0,0
2026-04-17,NODE-017,Saket Select Citywalk Area,South Delhi Zone 4,900,25000,4,4,0,0,0,,0,27.5,48,0.0,564.2,62.7,0
2026-04-17,NODE-018,Sheikh Sarai Phase 2,South Delhi Zone 4,400,22000,4,4,0,0,0,,0,27.5,48,0.0,235.0,58.8,0
2026-04-17,NODE-019,Kalkaji Main Road Bins,South Delhi Zone 4,600,36000,4,4,0,0,0,,0,27.5,48,0.0,424.2,70.7,0
2026-04-17,NODE-020,Govindpuri Market Cluster,South Delhi Zone 4,550,42000,4,4,0,0,0,,0,27.5,48,0.0,361.9,65.8,0
2026-04-17,NODE-021,Sangam Vihar Block A,South Delhi Zone 4,800,48000,4,4,0,0,0,,0,27.5,48,0.0,610.3,76.3,0
2026-04-17,NODE-022,Madanpur Khadar Bins,South Delhi Zone 4,650,44000,4,4,0,0,0,,0,27.5,48,0.0,460.1,70.8,0
2026-04-17,NODE-023,Jasola Apollo Hospital Area,South Delhi Zone 4,500,20000,4,4,0,0,0,,0,27.5,48,0.0,291.0,58.2,0
2026-04-17,NODE-024,Alaknanda Market Community Bins,South Delhi Zone 4,480,27000,4,4,0,0,0,,0,27.5,48,0.0,300.8,62.7,0
2026-04-17,NODE-025,Pul Prehladpur Cluster,South Delhi Zone 4,700,39000,4,4,0,0,0,,0,27.5,48,0.0,510.6,72.9,0
2026-04-18,NODE-001,Lajpat Nagar Market Bin Cluster,South Delhi Zone 3,800,38000,5,4,1,0,0,,1,24.7,60,0.0,718.0,89.7,0
2026-04-18,NODE-002,Sarojini Nagar Community Bins,South Delhi Zone 3,600,32000,5,4,1,0,0,,1,24.7,60,0.0,477.5,79.6,0
2026-04-18,NODE-003,INA Colony Street Cluster,South Delhi Zone 3,400,25000,5,4,1,0,0,,1,24.7,60,0.0,275.3,68.8,0
2026-04-18,NODE-004,Nehru Place Commercial Hub,South Delhi Zone 3,1200,45000,5,4,1,0,0,,1,24.7,60,0.0,1119.7,93.3,0
2026-04-18,NODE-005,Greater Kailash Block N,South Delhi Zone 3,500,20000,5,4,1,0,0,,1,24.7,60,0.0,330.5,66.1,0
2026-04-18,NODE-006,Defence Colony Main Road,South Delhi Zone 3,600,22000,5,4,1,0,0,,1,24.7,60,0.0,457.0,76.2,0
2026-04-18,NODE-007,CR Park Bengali Colony,South Delhi Zone 3,500,28000,5,4,1,0,0,,1,24.7,60,0.0,376.8,75.4,0
2026-04-18,NODE-008,Jangpura Extension Market,South Delhi Zone 3,450,30000,5,4,1,0,0,,1,24.7,60,0.0,374.5,83.2,0
2026-04-18,NODE-009,Bhogal Vegetable Market,South Delhi Zone 3,700,40000,5,4,1,0,0,,1,24.7,60,0.0,659.2,94.2,0
2026-04-18,NODE-010,Andrews Ganj Colony,South Delhi Zone 3,350,18000,5,4,1,0,0,,1,24.7,60,0.0,225.8,64.5,0
2026-04-18,NODE-011,Moolchand Market Cluster,South Delhi Zone 3,550,26000,5,4,1,0,0,,1,24.7,60,0.0,424.6,77.2,0
2026-04-18,NODE-012,Sidhartha Nagar Bins,South Delhi Zone 3,400,35000,5,4,1,0,0,,1,24.7,60,0.0,330.7,82.7,0
2026-04-18,NODE-013,Kotla Mubarakpur Street,South Delhi Zone 3,480,33000,5,4,1,0,0,,1,24.7,60,0.0,380.0,79.2,0
2026-04-18,NODE-014,Malviya Nagar Main Market,South Delhi Zone 4,700,30000,5,4,1,0,0,,1,24.7,60,0.0,516.0,73.7,0
2026-04-18,NODE-015,Okhla Phase 1 Industrial Area,South Delhi Zone 4,1500,15000,5,4,1,0,0,,1,24.7,60,0.0,1011.1,67.4,0
2026-04-18,NODE-016,Hauz Khas Village Cluster,South Delhi Zone 4,450,18000,5,4,1,0,0,,1,24.7,60,0.0,296.5,65.9,0
2026-04-18,NODE-017,Saket Select Citywalk Area,South Delhi Zone 4,900,25000,5,4,1,0,0,,1,24.7,60,0.0,669.8,74.4,0
2026-04-18,NODE-018,Sheikh Sarai Phase 2,South Delhi Zone 4,400,22000,5,4,1,0,0,,1,24.7,60,0.0,293.8,73.4,0
2026-04-18,NODE-019,Kalkaji Main Road Bins,South Delhi Zone 4,600,36000,5,4,1,0,0,,1,24.7,60,0.0,538.0,89.7,0
2026-04-18,NODE-020,Govindpuri Market Cluster,South Delhi Zone 4,550,42000,5,4,1,0,0,,1,24.7,60,0.0,486.1,88.4,0
2026-04-18,NODE-021,Sangam Vihar Block A,South Delhi Zone 4,800,48000,5,4,1,0,0,,1,24.7,60,0.0,693.3,86.7,0
2026-04-18,NODE-022,Madanpur Khadar Bins,South Delhi Zone 4,650,44000,5,4,1,0,0,,1,24.7,60,0.0,639.4,98.4,1
2026-04-18,NODE-023,Jasola Apollo Hospital Area,South Delhi Zone 4,500,20000,5,4,1,0,0,,1,24.7,60,0.0,334.0,66.8,0
2026-04-18,NODE-024,Alaknanda Market Community Bins,South Delhi Zone 4,480,27000,5,4,1,0,0,,1,24.7,60,0.0,370.7,77.2,0
2026-04-18,NODE-025,Pul Prehladpur Cluster,South Delhi Zone 4,700,39000,5,4,1,0,0,,1,24.7,60,0.0,663.0,94.7,0
2026-04-19,NODE-001,Lajpat Nagar Market Bin Cluster,South Delhi Zone 3,800,38000,6,4,1,0,0,,0,28.0,46,0.0,721.0,90.1,0
2026-04-19,NODE-002,Sarojini Nagar Community Bins,South Delhi Zone 3,600,32000,6,4,1,0,0,,0,28.0,46,0.0,472.2,78.7,0
2026-04-19,NODE-003,INA Colony Street Cluster,South Delhi Zone 3,400,25000,6,4,1,0,0,,0,28.0,46,0.0,302.3,75.6,0
2026-04-19,NODE-004,Nehru Place Commercial Hub,South Delhi Zone 3,1200,45000,6,4,1,0,0,,0,28.0,46,0.0,1127.1,93.9,0
2026-04-19,NODE-005,Greater Kailash Block N,South Delhi Zone 3,500,20000,6,4,1,0,0,,0,28.0,46,0.0,340.8,68.2,0
2026-04-19,NODE-006,Defence Colony Main Road,South Delhi Zone 3,600,22000,6,4,1,0,0,,0,28.0,46,0.0,433.6,72.3,0
2026-04-19,NODE-007,CR Park Bengali Colony,South Delhi Zone 3,500,28000,6,4,1,0,0,,0,28.0,46,0.0,371.0,74.2,0
2026-04-19,NODE-008,Jangpura Extension Market,South Delhi Zone 3,450,30000,6,4,1,0,0,,0,28.0,46,0.0,368.2,81.8,0
2026-04-19,NODE-009,Bhogal Vegetable Market,South Delhi Zone 3,700,40000,6,4,1,0,0,,0,28.0,46,0.0,572.6,81.8,0
2026-04-19,NODE-010,Andrews Ganj Colony,South Delhi Zone 3,350,18000,6,4,1,0,0,,0,28.0,46,0.0,252.3,72.1,0
2026-04-19,NODE-011,Moolchand Market Cluster,South Delhi Zone 3,550,26000,6,4,1,0,0,,0,28.0,46,0.0,416.6,75.7,0
2026-04-19,NODE-012,Sidhartha Nagar Bins,South Delhi Zone 3,400,35000,6,4,1,0,0,,0,28.0,46,0.0,347.9,87.0,0
2026-04-19,NODE-013,Kotla Mubarakpur Street,South Delhi Zone 3,480,33000,6,4,1,0,0,,0,28.0,46,0.0,409.3,85.3,0
2026-04-19,NODE-014,Malviya Nagar Main Market,South Delhi Zone 4,700,30000,6,4,1,0,0,,0,28.0,46,0.0,569.3,81.3,0
2026-04-19,NODE-015,Okhla Phase 1 Industrial Area,South Delhi Zone 4,1500,15000,6,4,1,0,0,,0,28.0,46,0.0,947.7,63.2,0
2026-04-19,NODE-016,Hauz Khas Village Cluster,South Delhi Zone 4,450,18000,6,4,1,0,0,,0,28.0,46,0.0,282.9,62.9,0
2026-04-19,NODE-017,Saket Select Citywalk Area,South Delhi Zone 4,900,25000,6,4,1,0,0,,0,28.0,46,0.0,686.3,76.3,0
2026-04-19,NODE-018,Sheikh Sarai Phase 2,South Delhi Zone 4,400,22000,6,4,1,0,0,,0,28.0,46,0.0,277.8,69.4,0
2026-04-19,NODE-019,Kalkaji Main Road Bins,South Delhi Zone 4,600,36000,6,4,1,0,0,,0,28.0,46,0.0,494.8,82.5,0
2026-04-19,NODE-020,Govindpuri Market Cluster,South Delhi Zone 4,550,42000,6,4,1,0,0,,0,28.0,46,0.0,527.4,95.9,0
2026-04-19,NODE-021,Sangam Vihar Block A,South Delhi Zone 4,800,48000,6,4,1,0,0,,0,28.0,46,0.0,776.4,97.0,0
2026-04-19,NODE-022,Madanpur Khadar Bins,South Delhi Zone 4,650,44000,6,4,1,0,0,,0,28.0,46,0.0,583.8,89.8,0
2026-04-19,NODE-023,Jasola Apollo Hospital Area,South Delhi Zone 4,500,20000,6,4,1,0,0,,0,28.0,46,0.0,336.6,67.3,0
2026-04-19,NODE-024,Alaknanda Market Community Bins,South Delhi Zone 4,480,27000,6,4,1,0,0,,0,28.0,46,0.0,360.6,75.1,0
2026-04-19,NODE-025,Pul Prehladpur Cluster,South Delhi Zone 4,700,39000,6,4,1,0,0,,0,28.0,46,0.0,605.8,86.5,0
2026-04-20,NODE-001,Lajpat Nagar Market Bin Cluster,South Delhi Zone 3,800,38000,0,4,0,1,0,,0,23.3,48,0.0,628.2,78.5,0
2026-04-20,NODE-002,Sarojini Nagar Community Bins,South Delhi Zone 3,600,32000,0,4,0,1,0,,0,23.3,48,0.0,420.0,70.0,0
2026-04-20,NODE-003,INA Colony Street Cluster,South Delhi Zone 3,400,25000,0,4,0,1,0,,0,23.3,48,0.0,271.9,68.0,0
2026-04-20,NODE-004,Nehru Place Commercial Hub,South Delhi Zone 3,1200,45000,0,4,0,1,0,,0,23.3,48,0.0,938.4,78.2,0
2026-04-20,NODE-005,Greater Kailash Block N,South Delhi Zone 3,500,20000,0,4,0,1,0,,0,23.3,48,0.0,308.9,61.8,0
2026-04-20,NODE-006,Defence Colony Main Road,South Delhi Zone 3,600,22000,0,4,0,1,0,,0,23.3,48,0.0,371.3,61.9,0
2026-04-20,NODE-007,CR Park Bengali Colony,South Delhi Zone 3,500,28000,0,4,0,1,0,,0,23.3,48,0.0,357.9,71.6,0
2026-04-20,NODE-008,Jangpura Extension Market,South Delhi Zone 3,450,30000,0,4,0,1,0,,0,23.3,48,0.0,303.7,67.5,0
2026-04-20,NODE-009,Bhogal Vegetable Market,South Delhi Zone 3,700,40000,0,4,0,1,0,,0,23.3,48,0.0,522.2,74.6,0
2026-04-20,NODE-010,Andrews Ganj Colony,South Delhi Zone 3,350,18000,0,4,0,1,0,,0,23.3,48,0.0,217.4,62.1,0
2026-04-20,NODE-011,Moolchand Market Cluster,South Delhi Zone 3,550,26000,0,4,0,1,0,,0,23.3,48,0.0,370.6,67.4,0
2026-04-20,NODE-012,Sidhartha Nagar Bins,South Delhi Zone 3,400,35000,0,4,0,1,0,,0,23.3,48,0.0,287.4,71.8,0
2026-04-20,NODE-013,Kotla Mubarakpur Street,South Delhi Zone 3,480,33000,0,4,0,1,0,,0,23.3,48,0.0,343.5,71.6,0
2026-04-20,NODE-014,Malviya Nagar Main Market,South Delhi Zone 4,700,30000,0,4,0,1,0,,0,23.3,48,0.0,501.4,71.6,0
2026-04-20,NODE-015,Okhla Phase 1 Industrial Area,South Delhi Zone 4,1500,15000,0,4,0,1,0,,0,23.3,48,0.0,854.0,56.9,0
2026-04-20,NODE-016,Hauz Khas Village Cluster,South Delhi Zone 4,450,18000,0,4,0,1,0,,0,23.3,48,0.0,279.9,62.2,0
2026-04-20,NODE-017,Saket Select Citywalk Area,South Delhi Zone 4,900,25000,0,4,0,1,0,,0,23.3,48,0.0,631.8,70.2,0
2026-04-20,NODE-018,Sheikh Sarai Phase 2,South Delhi Zone 4,400,22000,0,4,0,1,0,,0,23.3,48,0.0,260.8,65.2,0
2026-04-20,NODE-019,Kalkaji Main Road Bins,South Delhi Zone 4,600,36000,0,4,0,1,0,,0,23.3,48,0.0,460.2,76.7,0
2026-04-20,NODE-020,Govindpuri Market Cluster,South Delhi Zone 4,550,42000,0,4,0,1,0,,0,23.3,48,0.0,424.4,77.2,0
2026-04-20,NODE-021,Sangam Vihar Block A,South Delhi Zone 4,800,48000,0,4,0,1,0,,0,23.3,48,0.0,677.3,84.7,0
2026-04-20,NODE-022,Madanpur Khadar Bins,South Delhi Zone 4,650,44000,0,4,0,1,0,,0,23.3,48,0.0,540.8,83.2,0
2026-04-20,NODE-023,Jasola Apollo Hospital Area,South Delhi Zone 4,500,20000,0,4,0,1,0,,0,23.3,48,0.0,285.7,57.1,0
2026-04-20,NODE-024,Alaknanda Market Community Bins,South Delhi Zone 4,480,27000,0,4,0,1,0,,0,23.3,48,0.0,345.4,72.0,0
2026-04-20,NODE-025,Pul Prehladpur Cluster,South Delhi Zone 4,700,39000,0,4,0,1,0,,0,23.3,48,0.0,518.6,74.1,0
2026-04-21,NODE-001,Lajpat Nagar Market Bin Cluster,South Delhi Zone 3,800,38000,1,4,0,0,0,,0,30.1,39,0.0,503.8,63.0,0
2026-04-21,NODE-002,Sarojini Nagar Community Bins,South Delhi Zone 3,600,32000,1,4,0,0,0,,0,30.1,39,0.0,366.0,61.0,0
2026-04-21,NODE-003,INA Colony Street Cluster,South Delhi Zone 3,400,25000,1,4,0,0,0,,0,30.1,39,0.0,232.1,58.0,0
2026-04-21,NODE-004,Nehru Place Commercial Hub,South Delhi Zone 3,1200,45000,1,4,0,0,0,,0,30.1,39,0.0,931.4,77.6,0
2026-04-21,NODE-005,Greater Kailash Block N,South Delhi Zone 3,500,20000,1,4,0,0,0,,0,30.1,39,0.0,253.6,50.7,0
2026-04-21,NODE-006,Defence Colony Main Road,South Delhi Zone 3,600,22000,1,4,0,0,0,,0,30.1,39,0.0,331.2,55.2,0
2026-04-21,NODE-007,CR Park Bengali Colony,South Delhi Zone 3,500,28000,1,4,0,0,0,,0,30.1,39,0.0,309.0,61.8,0
2026-04-21,NODE-008,Jangpura Extension Market,South Delhi Zone 3,450,30000,1,4,0,0,0,,0,30.1,39,0.0,265.6,59.0,0
2026-04-21,NODE-009,Bhogal Vegetable Market,South Delhi Zone 3,700,40000,1,4,0,0,0,,0,30.1,39,0.0,503.1,71.9,0
2026-04-21,NODE-010,Andrews Ganj Colony,South Delhi Zone 3,350,18000,1,4,0,0,0,,0,30.1,39,0.0,185.1,52.9,0
2026-04-21,NODE-011,Moolchand Market Cluster,South Delhi Zone 3,550,26000,1,4,0,0,0,,0,30.1,39,0.0,311.3,56.6,0
2026-04-21,NODE-012,Sidhartha Nagar Bins,South Delhi Zone 3,400,35000,1,4,0,0,0,,0,30.1,39,0.0,270.1,67.5,0
2026-04-21,NODE-013,Kotla Mubarakpur Street,South Delhi Zone 3,480,33000,1,4,0,0,0,,0,30.1,39,0.0,284.5,59.3,0
2026-04-21,NODE-014,Malviya Nagar Main Market,South Delhi Zone 4,700,30000,1,4,0,0,0,,0,30.1,39,0.0,451.9,64.6,0
2026-04-21,NODE-015,Okhla Phase 1 Industrial Area,South Delhi Zone 4,1500,15000,1,4,0,0,0,,0,30.1,39,0.0,792.3,52.8,0
2026-04-21,NODE-016,Hauz Khas Village Cluster,South Delhi Zone 4,450,18000,1,4,0,0,0,,0,30.1,39,0.0,223.2,49.6,0
2026-04-21,NODE-017,Saket Select Citywalk Area,South Delhi Zone 4,900,25000,1,4,0,0,0,,0,30.1,39,0.0,518.0,57.6,0
2026-04-21,NODE-018,Sheikh Sarai Phase 2,South Delhi Zone 4,400,22000,1,4,0,0,0,,0,30.1,39,0.0,212.3,53.1,0
2026-04-21,NODE-019,Kalkaji Main Road Bins,South Delhi Zone 4,600,36000,1,4,0,0,0,,0,30.1,39,0.0,429.1,71.5,0
2026-04-21,NODE-020,Govindpuri Market Cluster,South Delhi Zone 4,550,42000,1,4,0,0,0,,0,30.1,39,0.0,392.8,71.4,0
2026-04-21,NODE-021,Sangam Vihar Block A,South Delhi Zone 4,800,48000,1,4,0,0,0,,0,30.1,39,0.0,545.7,68.2,0
2026-04-21,NODE-022,Madanpur Khadar Bins,South Delhi Zone 4,650,44000,1,4,0,0,0,,0,30.1,39,0.0,453.8,69.8,0
2026-04-21,NODE-023,Jasola Apollo Hospital Area,South Delhi Zone 4,500,20000,1,4,0,0,0,,0,30.1,39,0.0,287.4,57.5,0
2026-04-21,NODE-024,Alaknanda Market Community Bins,South Delhi Zone 4,480,27000,1,4,0,0,0,,0,30.1,39,0.0,284.9,59.4,0
2026-04-21,NODE-025,Pul Prehladpur Cluster,South Delhi Zone 4,700,39000,1,4,0,0,0,,0,30.1,39,0.0,505.8,72.3,0
2026-04-22,NODE-001,Lajpat Nagar Market Bin Cluster,South Delhi Zone 3,800,38000,2,4,0,0,0,,0,31.9,54,0.0,529.4,66.2,0
2026-04-22,NODE-002,Sarojini Nagar Community Bins,South Delhi Zone 3,600,32000,2,4,0,0,0,,0,31.9,54,0.0,397.1,66.2,0
2026-04-22,NODE-003,INA Colony Street Cluster,South Delhi Zone 3,400,25000,2,4,0,0,0,,0,31.9,54,0.0,230.9,57.7,0
2026-04-22,NODE-004,Nehru Place Commercial Hub,South Delhi Zone 3,1200,45000,2,4,0,0,0,,0,31.9,54,0.0,926.5,77.2,0
2026-04-22,NODE-005,Greater Kailash Block N,South Delhi Zone 3,500,20000,2,4,0,0,0,,0,31.9,54,0.0,289.3,57.9,0
2026-04-22,NODE-006,Defence Colony Main Road,South Delhi Zone 3,600,22000,2,4,0,0,0,,0,31.9,54,0.0,331.9,55.3,0
2026-04-22,NODE-007,CR Park Bengali Colony,South Delhi Zone 3,500,28000,2,4,0,0,0,,0,31.9,54,0.0,322.4,64.5,0
2026-04-22,NODE-008,Jangpura Extension Market,South Delhi Zone 3,450,30000,2,4,0,0,0,,0,31.9,54,0.0,276.9,61.5,0
2026-04-22,NODE-009,Bhogal Vegetable Market,South Delhi Zone 3,700,40000,2,4,0,0,0,,0,31.9,54,0.0,461.2,65.9,0
2026-04-22,NODE-010,Andrews Ganj Colony,South Delhi Zone 3,350,18000,2,4,0,0,0,,0,31.9,54,0.0,195.9,56.0,0
2026-04-22,NODE-011,Moolchand Market Cluster,South Delhi Zone 3,550,26000,2,4,0,0,0,,0,31.9,54,0.0,322.0,58.5,0
2026-04-22,NODE-012,Sidhartha Nagar Bins,South Delhi Zone 3,400,35000,2,4,0,0,0,,0,31.9,54,0.0,274.1,68.5,0
2026-04-22,NODE-013,Kotla Mubarakpur Street,South Delhi Zone 3,480,33000,2,4,0,0,0,,0,31.9,54,0.0,325.7,67.9,0
2026-04-22,NODE-014,Malviya Nagar Main Market,South Delhi Zone 4,700,30000,2,4,0,0,0,,0,31.9,54,0.0,419.0,59.9,0
2026-04-22,NODE-015,Okhla Phase 1 Industrial Area,South Delhi Zone 4,1500,15000,2,4,0,0,0,,0,31.9,54,0.0,793.2,52.9,0
2026-04-22,NODE-016,Hauz Khas Village Cluster,South Delhi Zone 4,450,18000,2,4,0,0,0,,0,31.9,54,0.0,237.6,52.8,0
2026-04-22,NODE-017,Saket Select Citywalk Area,South Delhi Zone 4,900,25000,2,4,0,0,0,,0,31.9,54,0.0,502.4,55.8,0
2026-04-22,NODE-018,Sheikh Sarai Phase 2,South Delhi Zone 4,400,22000,2,4,0,0,0,,0,31.9,54,0.0,221.7,55.4,0
2026-04-22,NODE-019,Kalkaji Main Road Bins,South Delhi Zone 4,600,36000,2,4,0,0,0,,0,31.9,54,0.0,413.5,68.9,0
2026-04-22,NODE-020,Govindpuri Market Cluster,South Delhi Zone 4,550,42000,2,4,0,0,0,,0,31.9,54,0.0,375.0,68.2,0
2026-04-22,NODE-021,Sangam Vihar Block A,South Delhi Zone 4,800,48000,2,4,0,0,0,,0,31.9,54,0.0,572.6,71.6,0
2026-04-22,NODE-022,Madanpur Khadar Bins,South Delhi Zone 4,650,44000,2,4,0,0,0,,0,31.9,54,0.0,502.5,77.3,0
2026-04-22,NODE-023,Jasola Apollo Hospital Area,South Delhi Zone 4,500,20000,2,4,0,0,0,,0,31.9,54,0.0,254.0,50.8,0
2026-04-22,NODE-024,Alaknanda Market Community Bins,South Delhi Zone 4,480,27000,2,4,0,0,0,,0,31.9,54,0.0,270.9,56.4,0
2026-04-22,NODE-025,Pul Prehladpur Cluster,South Delhi Zone 4,700,39000,2,4,0,0,0,,0,31.9,54,0.0,473.5,67.6,0
2026-04-23,NODE-001,Lajpat Nagar Market Bin Cluster,South Delhi Zone 3,800,38000,3,4,0,0,0,,0,24.1,48,0.0,537.3,67.2,0
2026-04-23,NODE-002,Sarojini Nagar Community Bins,South Delhi Zone 3,600,32000,3,4,0,0,0,,0,24.1,48,0.0,384.1,64.0,0
2026-04-23,NODE-003,INA Colony Street Cluster,South Delhi Zone 3,400,25000,3,4,0,0,0,,0,24.1,48,0.0,229.9,57.5,0
2026-04-23,NODE-004,Nehru Place Commercial Hub,South Delhi Zone 3,1200,45000,3,4,0,0,0,,0,24.1,48,0.0,840.6,70.1,0
2026-04-23,NODE-005,Greater Kailash Block N,South Delhi Zone 3,500,20000,3,4,0,0,0,,0,24.1,48,0.0,268.7,53.7,0
2026-04-23,NODE-006,Defence Colony Main Road,South Delhi Zone 3,600,22000,3,4,0,0,0,,0,24.1,48,0.0,357.6,59.6,0
2026-04-23,NODE-007,CR Park Bengali Colony,South Delhi Zone 3,500,28000,3,4,0,0,0,,0,24.1,48,0.0,306.8,61.4,0
2026-04-23,NODE-008,Jangpura Extension Market,South Delhi Zone 3,450,30000,3,4,0,0,0,,0,24.1,48,0.0,288.0,64.0,0
2026-04-23,NODE-009,Bhogal Vegetable Market,South Delhi Zone 3,700,40000,3,4,0,0,0,,0,24.1,48,0.0,515.7,73.7,0
2026-04-23,NODE-010,Andrews Ganj Colony,South Delhi Zone 3,350,18000,3,4,0,0,0,,0,24.1,48,0.0,193.1,55.2,0
2026-04-23,NODE-011,Moolchand Market Cluster,South Delhi Zone 3,550,26000,3,4,0,0,0,,0,24.1,48,0.0,318.4,57.9,0
2026-04-23,NODE-012,Sidhartha Nagar Bins,South Delhi Zone 3,400,35000,3,4,0,0,0,,0,24.1,48,0.0,242.7,60.7,0
2026-04-23,NODE-013,Kotla Mubarakpur Street,South Delhi Zone 3,480,33000,3,4,0,0,0,,0,24.1,48,0.0,301.6,62.8,0
2026-04-23,NODE-014,Malviya Nagar Main Market,South Delhi Zone 4,700,30000,3,4,0,0,0,,0,24.1,48,0.0,452.1,64.6,0
2026-04-23,NODE-015,Okhla Phase 1 Industrial Area,South Delhi Zone 4,1500,15000,3,4,0,0,0,,0,24.1,48,0.0,802.5,53.5,0
2026-04-23,NODE-016,Hauz Khas Village Cluster,South Delhi Zone 4,450,18000,3,4,0,0,0,,0,24.1,48,0.0,255.4,56.8,0
2026-04-23,NODE-017,Saket Select Citywalk Area,South Delhi Zone 4,900,25000,3,4,0,0,0,,0,24.1,48,0.0,517.5,57.5,0
2026-04-23,NODE-018,Sheikh Sarai Phase 2,South Delhi Zone 4,400,22000,3,4,0,0,0,,0,24.1,48,0.0,232.7,58.2,0
2026-04-23,NODE-019,Kalkaji Main Road Bins,South Delhi Zone 4,600,36000,3,4,0,0,0,,0,24.1,48,0.0,402.8,67.1,0
2026-04-23,NODE-020,Govindpuri Market Cluster,South Delhi Zone 4,550,42000,3,4,0,0,0,,0,24.1,48,0.0,398.1,72.4,0
2026-04-23,NODE-021,Sangam Vihar Block A,South Delhi Zone 4,800,48000,3,4,0,0,0,,0,24.1,48,0.0,561.7,70.2,0
2026-04-23,NODE-022,Madanpur Khadar Bins,South Delhi Zone 4,650,44000,3,4,0,0,0,,0,24.1,48,0.0,451.6,69.5,0
2026-04-23,NODE-023,Jasola Apollo Hospital Area,South Delhi Zone 4,500,20000,3,4,0,0,0,,0,24.1,48,0.0,269.4,53.9,0
2026-04-23,NODE-024,Alaknanda Market Community Bins,South Delhi Zone 4,480,27000,3,4,0,0,0,,0,24.1,48,0.0,265.3,55.3,0
2026-04-23,NODE-025,Pul Prehladpur Cluster,South Delhi Zone 4,700,39000,3,4,0,0,0,,0,24.1,48,0.0,469.8,67.1,0
2026-04-24,NODE-001,Lajpat Nagar Market Bin Cluster,South Delhi Zone 3,800,38000,4,4,0,0,0,,0,26.0,40,0.0,575.0,71.9,0
2026-04-24,NODE-002,Sarojini Nagar Community Bins,South Delhi Zone 3,600,32000,4,4,0,0,0,,0,26.0,40,0.0,407.2,67.9,0
2026-04-24,NODE-003,INA Colony Street Cluster,South Delhi Zone 3,400,25000,4,4,0,0,0,,0,26.0,40,0.0,250.9,62.7,0
2026-04-24,NODE-004,Nehru Place Commercial Hub,South Delhi Zone 3,1200,45000,4,4,0,0,0,,0,26.0,40,0.0,886.8,73.9,0
2026-04-24,NODE-005,Greater Kailash Block N,South Delhi Zone 3,500,20000,4,4,0,0,0,,0,26.0,40,0.0,289.9,58.0,0
2026-04-24,NODE-006,Defence Colony Main Road,South Delhi Zone 3,600,22000,4,4,0,0,0,,0,26.0,40,0.0,340.8,56.8,0
2026-04-24,NODE-007,CR Park Bengali Colony,South Delhi Zone 3,500,28000,4,4,0,0,0,,0,26.0,40,0.0,310.6,62.1,0
2026-04-24,NODE-008,Jangpura Extension Market,South Delhi Zone 3,450,30000,4,4,0,0,0,,0,26.0,40,0.0,260.7,57.9,0
2026-04-24,NODE-009,Bhogal Vegetable Market,South Delhi Zone 3,700,40000,4,4,0,0,0,,0,26.0,40,0.0,482.3,68.9,0
2026-04-24,NODE-010,Andrews Ganj Colony,South Delhi Zone 3,350,18000,4,4,0,0,0,,0,26.0,40,0.0,196.1,56.0,0
2026-04-24,NODE-011,Moolchand Market Cluster,South Delhi Zone 3,550,26000,4,4,0,0,0,,0,26.0,40,0.0,308.1,56.0,0
2026-04-24,NODE-012,Sidhartha Nagar Bins,South Delhi Zone 3,400,35000,4,4,0,0,0,,0,26.0,40,0.0,253.4,63.3,0
2026-04-24,NODE-013,Kotla Mubarakpur Street,South Delhi Zone 3,480,33000,4,4,0,0,0,,0,26.0,40,0.0,300.4,62.6,0
2026-04-24,NODE-014,Malviya Nagar Main Market,South Delhi Zone 4,700,30000,4,4,0,0,0,,0,26.0,40,0.0,431.3,61.6,0
2026-04-24,NODE-015,Okhla Phase 1 Industrial Area,South Delhi Zone 4,1500,15000,4,4,0,0,0,,0,26.0,40,0.0,739.8,49.3,0
2026-04-24,NODE-016,Hauz Khas Village Cluster,South Delhi Zone 4,450,18000,4,4,0,0,0,,0,26.0,40,0.0,252.6,56.1,0
2026-04-24,NODE-017,Saket Select Citywalk Area,South Delhi Zone 4,900,25000,4,4,0,0,0,,0,26.0,40,0.0,505.7,56.2,0
2026-04-24,NODE-018,Sheikh Sarai Phase 2,South Delhi Zone 4,400,22000,4,4,0,0,0,,0,26.0,40,0.0,240.0,60.0,0
2026-04-24,NODE-019,Kalkaji Main Road Bins,South Delhi Zone 4,600,36000,4,4,0,0,0,,0,26.0,40,0.0,394.8,65.8,0
2026-04-24,NODE-020,Govindpuri Market Cluster,South Delhi Zone 4,550,42000,4,4,0,0,0,,0,26.0,40,0.0,412.7,75.0,0
2026-04-24,NODE-021,Sangam Vihar Block A,South Delhi Zone 4,800,48000,4,4,0,0,0,,0,26.0,40,0.0,585.2,73.2,0
2026-04-24,NODE-022,Madanpur Khadar Bins,South Delhi Zone 4,650,44000,4,4,0,0,0,,0,26.0,40,0.0,491.6,75.6,0
2026-04-24,NODE-023,Jasola Apollo Hospital Area,South Delhi Zone 4,500,20000,4,4,0,0,0,,0,26.0,40,0.0,252.7,50.5,0
2026-04-24,NODE-024,Alaknanda Market Community Bins,South Delhi Zone 4,480,27000,4,4,0,0,0,,0,26.0,40,0.0,307.7,64.1,0
2026-04-24,NODE-025,Pul Prehladpur Cluster,South Delhi Zone 4,700,39000,4,4,0,0,0,,0,26.0,40,0.0,461.2,65.9,0
2026-04-25,NODE-001,Lajpat Nagar Market Bin Cluster,South Delhi Zone 3,800,38000,5,4,1,0,0,,0,31.6,36,0.0,723.8,90.5,0
2026-04-25,NODE-002,Sarojini Nagar Community Bins,South Delhi Zone 3,600,32000,5,4,1,0,0,,0,31.6,36,0.0,521.7,86.9,0
2026-04-25,NODE-003,INA Colony Street Cluster,South Delhi Zone 3,400,25000,5,4,1,0,0,,0,31.6,36,0.0,282.9,70.7,0
2026-04-25,NODE-004,Nehru Place Commercial Hub,South Delhi Zone 3,1200,45000,5,4,1,0,0,,0,31.6,36,0.0,1038.7,86.6,0
2026-04-25,NODE-005,Greater Kailash Block N,South Delhi Zone 3,500,20000,5,4,1,0,0,,0,31.6,36,0.0,327.9,65.6,0
2026-04-25,NODE-006,Defence Colony Main Road,South Delhi Zone 3,600,22000,5,4,1,0,0,,0,31.6,36,0.0,402.7,67.1,0
2026-04-25,NODE-007,CR Park Bengali Colony,South Delhi Zone 3,500,28000,5,4,1,0,0,,0,31.6,36,0.0,396.6,79.3,0
2026-04-25,NODE-008,Jangpura Extension Market,South Delhi Zone 3,450,30000,5,4,1,0,0,,0,31.6,36,0.0,359.9,80.0,0
2026-04-25,NODE-009,Bhogal Vegetable Market,South Delhi Zone 3,700,40000,5,4,1,0,0,,0,31.6,36,0.0,594.1,84.9,0
2026-04-25,NODE-010,Andrews Ganj Colony,South Delhi Zone 3,350,18000,5,4,1,0,0,,0,31.6,36,0.0,243.8,69.7,0
2026-04-25,NODE-011,Moolchand Market Cluster,South Delhi Zone 3,550,26000,5,4,1,0,0,,0,31.6,36,0.0,431.7,78.5,0
2026-04-25,NODE-012,Sidhartha Nagar Bins,South Delhi Zone 3,400,35000,5,4,1,0,0,,0,31.6,36,0.0,318.2,79.6,0
2026-04-25,NODE-013,Kotla Mubarakpur Street,South Delhi Zone 3,480,33000,5,4,1,0,0,,0,31.6,36,0.0,400.8,83.5,0
2026-04-25,NODE-014,Malviya Nagar Main Market,South Delhi Zone 4,700,30000,5,4,1,0,0,,0,31.6,36,0.0,576.1,82.3,0
2026-04-25,NODE-015,Okhla Phase 1 Industrial Area,South Delhi Zone 4,1500,15000,5,4,1,0,0,,0,31.6,36,0.0,909.0,60.6,0
2026-04-25,NODE-016,Hauz Khas Village Cluster,South Delhi Zone 4,450,18000,5,4,1,0,0,,0,31.6,36,0.0,319.3,70.9,0
2026-04-25,NODE-017,Saket Select Citywalk Area,South Delhi Zone 4,900,25000,5,4,1,0,0,,0,31.6,36,0.0,718.5,79.8,0
2026-04-25,NODE-018,Sheikh Sarai Phase 2,South Delhi Zone 4,400,22000,5,4,1,0,0,,0,31.6,36,0.0,267.7,66.9,0
2026-04-25,NODE-019,Kalkaji Main Road Bins,South Delhi Zone 4,600,36000,5,4,1,0,0,,0,31.6,36,0.0,471.3,78.5,0
2026-04-25,NODE-020,Govindpuri Market Cluster,South Delhi Zone 4,550,42000,5,4,1,0,0,,0,31.6,36,0.0,484.6,88.1,0
2026-04-25,NODE-021,Sangam Vihar Block A,South Delhi Zone 4,800,48000,5,4,1,0,0,,0,31.6,36,0.0,771.3,96.4,0
2026-04-25,NODE-022,Madanpur Khadar Bins,South Delhi Zone 4,650,44000,5,4,1,0,0,,0,31.6,36,0.0,647.3,99.6,1
2026-04-25,NODE-023,Jasola Apollo Hospital Area,South Delhi Zone 4,500,20000,5,4,1,0,0,,0,31.6,36,0.0,341.5,68.3,0
2026-04-25,NODE-024,Alaknanda Market Community Bins,South Delhi Zone 4,480,27000,5,4,1,0,0,,0,31.6,36,0.0,378.6,78.9,0
2026-04-25,NODE-025,Pul Prehladpur Cluster,South Delhi Zone 4,700,39000,5,4,1,0,0,,0,31.6,36,0.0,573.7,82.0,0
2026-04-26,NODE-001,Lajpat Nagar Market Bin Cluster,South Delhi Zone 3,800,38000,6,4,1,0,0,,0,28.3,38,0.0,717.5,89.7,0
2026-04-26,NODE-002,Sarojini Nagar Community Bins,South Delhi Zone 3,600,32000,6,4,1,0,0,,0,28.3,38,0.0,471.2,78.5,0
2026-04-26,NODE-003,INA Colony Street Cluster,South Delhi Zone 3,400,25000,6,4,1,0,0,,0,28.3,38,0.0,306.0,76.5,0
2026-04-26,NODE-004,Nehru Place Commercial Hub,South Delhi Zone 3,1200,45000,6,4,1,0,0,,0,28.3,38,0.0,1180.0,98.3,1
2026-04-26,NODE-005,Greater Kailash Block N,South Delhi Zone 3,500,20000,6,4,1,0,0,,0,28.3,38,0.0,363.7,72.7,0
2026-04-26,NODE-006,Defence Colony Main Road,South Delhi Zone 3,600,22000,6,4,1,0,0,,0,28.3,38,0.0,432.9,72.1,0
2026-04-26,NODE-007,CR Park Bengali Colony,South Delhi Zone 3,500,28000,6,4,1,0,0,,0,28.3,38,0.0,357.8,71.6,0
2026-04-26,NODE-008,Jangpura Extension Market,South Delhi Zone 3,450,30000,6,4,1,0,0,,0,28.3,38,0.0,358.1,79.6,0
2026-04-26,NODE-009,Bhogal Vegetable Market,South Delhi Zone 3,700,40000,6,4,1,0,0,,0,28.3,38,0.0,638.3,91.2,0
2026-04-26,NODE-010,Andrews Ganj Colony,South Delhi Zone 3,350,18000,6,4,1,0,0,,0,28.3,38,0.0,220.0,62.8,0
2026-04-26,NODE-011,Moolchand Market Cluster,South Delhi Zone 3,550,26000,6,4,1,0,0,,0,28.3,38,0.0,423.8,77.1,0
2026-04-26,NODE-012,Sidhartha Nagar Bins,South Delhi Zone 3,400,35000,6,4,1,0,0,,0,28.3,38,0.0,309.9,77.5,0
2026-04-26,NODE-013,Kotla Mubarakpur Street,South Delhi Zone 3,480,33000,6,4,1,0,0,,0,28.3,38,0.0,389.0,81.0,0
2026-04-26,NODE-014,Malviya Nagar Main Market,South Delhi Zone 4,700,30000,6,4,1,0,0,,0,28.3,38,0.0,553.3,79.0,0
2026-04-26,NODE-015,Okhla Phase 1 Industrial Area,South Delhi Zone 4,1500,15000,6,4,1,0,0,,0,28.3,38,0.0,958.4,63.9,0
2026-04-26,NODE-016,Hauz Khas Village Cluster,South Delhi Zone 4,450,18000,6,4,1,0,0,,0,28.3,38,0.0,297.1,66.0,0
2026-04-26,NODE-017,Saket Select Citywalk Area,South Delhi Zone 4,900,25000,6,4,1,0,0,,0,28.3,38,0.0,710.6,79.0,0
2026-04-26,NODE-018,Sheikh Sarai Phase 2,South Delhi Zone 4,400,22000,6,4,1,0,0,,0,28.3,38,0.0,283.7,70.9,0
2026-04-26,NODE-019,Kalkaji Main Road Bins,South Delhi Zone 4,600,36000,6,4,1,0,0,,0,28.3,38,0.0,481.7,80.3,0
2026-04-26,NODE-020,Govindpuri Market Cluster,South Delhi Zone 4,550,42000,6,4,1,0,0,,0,28.3,38,0.0,473.7,86.1,0
2026-04-26,NODE-021,Sangam Vihar Block A,South Delhi Zone 4,800,48000,6,4,1,0,0,,0,28.3,38,0.0,752.6,94.1,0
2026-04-26,NODE-022,Madanpur Khadar Bins,South Delhi Zone 4,650,44000,6,4,1,0,0,,0,28.3,38,0.0,617.6,95.0,0
2026-04-26,NODE-023,Jasola Apollo Hospital Area,South Delhi Zone 4,500,20000,6,4,1,0,0,,0,28.3,38,0.0,353.7,70.7,0
2026-04-26,NODE-024,Alaknanda Market Community Bins,South Delhi Zone 4,480,27000,6,4,1,0,0,,0,28.3,38,0.0,390.6,81.4,0
2026-04-26,NODE-025,Pul Prehladpur Cluster,South Delhi Zone 4,700,39000,6,4,1,0,0,,0,28.3,38,0.0,642.5,91.8,0
2026-04-27,NODE-001,Lajpat Nagar Market Bin Cluster,South Delhi Zone 3,800,38000,0,4,0,1,0,,0,30.3,53,0.0,589.4,73.7,0
2026-04-27,NODE-002,Sarojini Nagar Community Bins,South Delhi Zone 3,600,32000,0,4,0,1,0,,0,30.3,53,0.0,452.4,75.4,0
2026-04-27,NODE-003,INA Colony Street Cluster,South Delhi Zone 3,400,25000,0,4,0,1,0,,0,30.3,53,0.0,275.4,68.8,0
2026-04-27,NODE-004,Nehru Place Commercial Hub,South Delhi Zone 3,1200,45000,0,4,0,1,0,,0,30.3,53,0.0,924.5,77.0,0
2026-04-27,NODE-005,Greater Kailash Block N,South Delhi Zone 3,500,20000,0,4,0,1,0,,0,30.3,53,0.0,324.2,64.8,0
2026-04-27,NODE-006,Defence Colony Main Road,South Delhi Zone 3,600,22000,0,4,0,1,0,,0,30.3,53,0.0,361.5,60.2,0
2026-04-27,NODE-007,CR Park Bengali Colony,South Delhi Zone 3,500,28000,0,4,0,1,0,,0,30.3,53,0.0,337.9,67.6,0
2026-04-27,NODE-008,Jangpura Extension Market,South Delhi Zone 3,450,30000,0,4,0,1,0,,0,30.3,53,0.0,319.0,70.9,0
2026-04-27,NODE-009,Bhogal Vegetable Market,South Delhi Zone 3,700,40000,0,4,0,1,0,,0,30.3,53,0.0,537.0,76.7,0
2026-04-27,NODE-010,Andrews Ganj Colony,South Delhi Zone 3,350,18000,0,4,0,1,0,,0,30.3,53,0.0,192.2,54.9,0
2026-04-27,NODE-011,Moolchand Market Cluster,South Delhi Zone 3,550,26000,0,4,0,1,0,,0,30.3,53,0.0,384.8,70.0,0
2026-04-27,NODE-012,Sidhartha Nagar Bins,South Delhi Zone 3,400,35000,0,4,0,1,0,,0,30.3,53,0.0,280.7,70.2,0
2026-04-27,NODE-013,Kotla Mubarakpur Street,South Delhi Zone 3,480,33000,0,4,0,1,0,,0,30.3,53,0.0,330.7,68.9,0
2026-04-27,NODE-014,Malviya Nagar Main Market,South Delhi Zone 4,700,30000,0,4,0,1,0,,0,30.3,53,0.0,510.9,73.0,0
2026-04-27,NODE-015,Okhla Phase 1 Industrial Area,South Delhi Zone 4,1500,15000,0,4,0,1,0,,0,30.3,53,0.0,830.7,55.4,0
2026-04-27,NODE-016,Hauz Khas Village Cluster,South Delhi Zone 4,450,18000,0,4,0,1,0,,0,30.3,53,0.0,283.6,63.0,0
2026-04-27,NODE-017,Saket Select Citywalk Area,South Delhi Zone 4,900,25000,0,4,0,1,0,,0,30.3,53,0.0,607.4,67.5,0
2026-04-27,NODE-018,Sheikh Sarai Phase 2,South Delhi Zone 4,400,22000,0,4,0,1,0,,0,30.3,53,0.0,242.3,60.6,0
2026-04-27,NODE-019,Kalkaji Main Road Bins,South Delhi Zone 4,600,36000,0,4,0,1,0,,0,30.3,53,0.0,413.6,68.9,0
2026-04-27,NODE-020,Govindpuri Market Cluster,South Delhi Zone 4,550,42000,0,4,0,1,0,,0,30.3,53,0.0,471.2,85.7,0
2026-04-27,NODE-021,Sangam Vihar Block A,South Delhi Zone 4,800,48000,0,4,0,1,0,,0,30.3,53,0.0,616.2,77.0,0
2026-04-27,NODE-022,Madanpur Khadar Bins,South Delhi Zone 4,650,44000,0,4,0,1,0,,0,30.3,53,0.0,549.4,84.5,0
2026-04-27,NODE-023,Jasola Apollo Hospital Area,South Delhi Zone 4,500,20000,0,4,0,1,0,,0,30.3,53,0.0,305.0,61.0,0
2026-04-27,NODE-024,Alaknanda Market Community Bins,South Delhi Zone 4,480,27000,0,4,0,1,0,,0,30.3,53,0.0,335.4,69.9,0
2026-04-27,NODE-025,Pul Prehladpur Cluster,South Delhi Zone 4,700,39000,0,4,0,1,0,,0,30.3,53,0.0,558.1,79.7,0
2026-04-28,NODE-001,Lajpat Nagar Market Bin Cluster,South Delhi Zone 3,800,38000,1,4,0,0,0,,0,26.9,60,0.0,503.2,62.9,0
2026-04-28,NODE-002,Sarojini Nagar Community Bins,South Delhi Zone 3,600,32000,1,4,0,0,0,,0,26.9,60,0.0,369.0,61.5,0
2026-04-28,NODE-003,INA Colony Street Cluster,South Delhi Zone 3,400,25000,1,4,0,0,0,,0,26.9,60,0.0,229.5,57.4,0
2026-04-28,NODE-004,Nehru Place Commercial Hub,South Delhi Zone 3,1200,45000,1,4,0,0,0,,0,26.9,60,0.0,845.8,70.5,0
2026-04-28,NODE-005,Greater Kailash Block N,South Delhi Zone 3,500,20000,1,4,0,0,0,,0,26.9,60,0.0,279.4,55.9,0
2026-04-28,NODE-006,Defence Colony Main Road,South Delhi Zone 3,600,22000,1,4,0,0,0,,0,26.9,60,0.0,328.8,54.8,0
2026-04-28,NODE-007,CR Park Bengali Colony,South Delhi Zone 3,500,28000,1,4,0,0,0,,0,26.9,60,0.0,305.3,61.1,0
2026-04-28,NODE-008,Jangpura Extension Market,South Delhi Zone 3,450,30000,1,4,0,0,0,,0,26.9,60,0.0,272.3,60.5,0
2026-04-28,NODE-009,Bhogal Vegetable Market,South Delhi Zone 3,700,40000,1,4,0,0,0,,0,26.9,60,0.0,526.6,75.2,0
2026-04-28,NODE-010,Andrews Ganj Colony,South Delhi Zone 3,350,18000,1,4,0,0,0,,0,26.9,60,0.0,186.7,53.3,0
2026-04-28,NODE-011,Moolchand Market Cluster,South Delhi Zone 3,550,26000,1,4,0,0,0,,0,26.9,60,0.0,316.9,57.6,0
2026-04-28,NODE-012,Sidhartha Nagar Bins,South Delhi Zone 3,400,35000,1,4,0,0,0,,0,26.9,60,0.0,261.6,65.4,0
2026-04-28,NODE-013,Kotla Mubarakpur Street,South Delhi Zone 3,480,33000,1,4,0,0,0,,0,26.9,60,0.0,299.3,62.4,0
2026-04-28,NODE-014,Malviya Nagar Main Market,South Delhi Zone 4,700,30000,1,4,0,0,0,,0,26.9,60,0.0,415.7,59.4,0
2026-04-28,NODE-015,Okhla Phase 1 Industrial Area,South Delhi Zone 4,1500,15000,1,4,0,0,0,,0,26.9,60,0.0,786.4,52.4,0
2026-04-28,NODE-016,Hauz Khas Village Cluster,South Delhi Zone 4,450,18000,1,4,0,0,0,,0,26.9,60,0.0,231.1,51.4,0
2026-04-28,NODE-017,Saket Select Citywalk Area,South Delhi Zone 4,900,25000,1,4,0,0,0,,0,26.9,60,0.0,544.7,60.5,0
2026-04-28,NODE-018,Sheikh Sarai Phase 2,South Delhi Zone 4,400,22000,1,4,0,0,0,,0,26.9,60,0.0,240.0,60.0,0
2026-04-28,NODE-019,Kalkaji Main Road Bins,South Delhi Zone 4,600,36000,1,4,0,0,0,,0,26.9,60,0.0,412.0,68.7,0
2026-04-28,NODE-020,Govindpuri Market Cluster,South Delhi Zone 4,550,42000,1,4,0,0,0,,0,26.9,60,0.0,372.3,67.7,0
2026-04-28,NODE-021,Sangam Vihar Block A,South Delhi Zone 4,800,48000,1,4,0,0,0,,0,26.9,60,0.0,610.4,76.3,0
2026-04-28,NODE-022,Madanpur Khadar Bins,South Delhi Zone 4,650,44000,1,4,0,0,0,,0,26.9,60,0.0,455.9,70.1,0
2026-04-28,NODE-023,Jasola Apollo Hospital Area,South Delhi Zone 4,500,20000,1,4,0,0,0,,0,26.9,60,0.0,276.1,55.2,0
2026-04-28,NODE-024,Alaknanda Market Community Bins,South Delhi Zone 4,480,27000,1,4,0,0,0,,0,26.9,60,0.0,298.9,62.3,0
2026-04-28,NODE-025,Pul Prehladpur Cluster,South Delhi Zone 4,700,39000,1,4,0,0,0,,0,26.9,60,0.0,490.0,70.0,0
2026-04-29,NODE-001,Lajpat Nagar Market Bin Cluster,South Delhi Zone 3,800,38000,2,4,0,0,0,,3,30.3,44,0.0,521.5,65.2,0
2026-04-29,NODE-002,Sarojini Nagar Community Bins,South Delhi Zone 3,600,32000,2,4,0,0,0,,3,30.3,44,0.0,362.0,60.3,0
2026-04-29,NODE-003,INA Colony Street Cluster,South Delhi Zone 3,400,25000,2,4,0,0,0,,3,30.3,44,0.0,214.9,53.7,0
2026-04-29,NODE-004,Nehru Place Commercial Hub,South Delhi Zone 3,1200,45000,2,4,0,0,0,,3,30.3,44,0.0,886.8,73.9,0
2026-04-29,NODE-005,Greater Kailash Block N,South Delhi Zone 3,500,20000,2,4,0,0,0,,3,30.3,44,0.0,262.4,52.5,0
2026-04-29,NODE-006,Defence Colony Main Road,South Delhi Zone 3,600,22000,2,4,0,0,0,,3,30.3,44,0.0,361.3,60.2,0
2026-04-29,NODE-007,CR Park Bengali Colony,South Delhi Zone 3,500,28000,2,4,0,0,0,,3,30.3,44,0.0,305.3,61.1,0
2026-04-29,NODE-008,Jangpura Extension Market,South Delhi Zone 3,450,30000,2,4,0,0,0,,3,30.3,44,0.0,288.1,64.0,0
2026-04-29,NODE-009,Bhogal Vegetable Market,South Delhi Zone 3,700,40000,2,4,0,0,0,,3,30.3,44,0.0,458.7,65.5,0
2026-04-29,NODE-010,Andrews Ganj Colony,South Delhi Zone 3,350,18000,2,4,0,0,0,,3,30.3,44,0.0,196.1,56.0,0
2026-04-29,NODE-011,Moolchand Market Cluster,South Delhi Zone 3,550,26000,2,4,0,0,0,,3,30.3,44,0.0,324.1,58.9,0
2026-04-29,NODE-012,Sidhartha Nagar Bins,South Delhi Zone 3,400,35000,2,4,0,0,0,,3,30.3,44,0.0,279.2,69.8,0
2026-04-29,NODE-013,Kotla Mubarakpur Street,South Delhi Zone 3,480,33000,2,4,0,0,0,,3,30.3,44,0.0,312.6,65.1,0
2026-04-29,NODE-014,Malviya Nagar Main Market,South Delhi Zone 4,700,30000,2,4,0,0,0,,3,30.3,44,0.0,432.3,61.8,0
2026-04-29,NODE-015,Okhla Phase 1 Industrial Area,South Delhi Zone 4,1500,15000,2,4,0,0,0,,3,30.3,44,0.0,752.3,50.2,0
2026-04-29,NODE-016,Hauz Khas Village Cluster,South Delhi Zone 4,450,18000,2,4,0,0,0,,3,30.3,44,0.0,226.1,50.2,0
2026-04-29,NODE-017,Saket Select Citywalk Area,South Delhi Zone 4,900,25000,2,4,0,0,0,,3,30.3,44,0.0,486.7,54.1,0
2026-04-29,NODE-018,Sheikh Sarai Phase 2,South Delhi Zone 4,400,22000,2,4,0,0,0,,3,30.3,44,0.0,239.7,59.9,0
2026-04-29,NODE-019,Kalkaji Main Road Bins,South Delhi Zone 4,600,36000,2,4,0,0,0,,3,30.3,44,0.0,398.4,66.4,0
2026-04-29,NODE-020,Govindpuri Market Cluster,South Delhi Zone 4,550,42000,2,4,0,0,0,,3,30.3,44,0.0,411.9,74.9,0
2026-04-29,NODE-021,Sangam Vihar Block A,South Delhi Zone 4,800,48000,2,4,0,0,0,,3,30.3,44,0.0,578.7,72.3,0
2026-04-29,NODE-022,Madanpur Khadar Bins,South Delhi Zone 4,650,44000,2,4,0,0,0,,3,30.3,44,0.0,440.6,67.8,0
2026-04-29,NODE-023,Jasola Apollo Hospital Area,South Delhi Zone 4,500,20000,2,4,0,0,0,,3,30.3,44,0.0,277.9,55.6,0
2026-04-29,NODE-024,Alaknanda Market Community Bins,South Delhi Zone 4,480,27000,2,4,0,0,0,,3,30.3,44,0.0,266.4,55.5,0
2026-04-29,NODE-025,Pul Prehladpur Cluster,South Delhi Zone 4,700,39000,2,4,0,0,0,,3,30.3,44,0.0,455.4,65.1,0
2026-04-30,NODE-001,Lajpat Nagar Market Bin Cluster,South Delhi Zone 3,800,38000,3,4,0,0,0,,0,25.0,42,0.0,512.0,64.0,0
2026-04-30,NODE-002,Sarojini Nagar Community Bins,South Delhi Zone 3,600,32000,3,4,0,0,0,,0,25.0,42,0.0,397.7,66.3,0
2026-04-30,NODE-003,INA Colony Street Cluster,South Delhi Zone 3,400,25000,3,4,0,0,0,,0,25.0,42,0.0,237.0,59.2,0
2026-04-30,NODE-004,Nehru Place Commercial Hub,South Delhi Zone 3,1200,45000,3,4,0,0,0,,0,25.0,42,0.0,923.0,76.9,0
2026-04-30,NODE-005,Greater Kailash Block N,South Delhi Zone 3,500,20000,3,4,0,0,0,,0,25.0,42,0.0,260.3,52.1,0
2026-04-30,NODE-006,Defence Colony Main Road,South Delhi Zone 3,600,22000,3,4,0,0,0,,0,25.0,42,0.0,337.0,56.2,0
2026-04-30,NODE-007,CR Park Bengali Colony,South Delhi Zone 3,500,28000,3,4,0,0,0,,0,25.0,42,0.0,300.3,60.1,0
2026-04-30,NODE-008,Jangpura Extension Market,South Delhi Zone 3,450,30000,3,4,0,0,0,,0,25.0,42,0.0,276.7,61.5,0
2026-04-30,NODE-009,Bhogal Vegetable Market,South Delhi Zone 3,700,40000,3,4,0,0,0,,0,25.0,42,0.0,515.9,73.7,0
2026-04-30,NODE-010,Andrews Ganj Colony,South Delhi Zone 3,350,18000,3,4,0,0,0,,0,25.0,42,0.0,199.7,57.1,0
2026-04-30,NODE-011,Moolchand Market Cluster,South Delhi Zone 3,550,26000,3,4,0,0,0,,0,25.0,42,0.0,314.5,57.2,0
2026-04-30,NODE-012,Sidhartha Nagar Bins,South Delhi Zone 3,400,35000,3,4,0,0,0,,0,25.0,42,0.0,268.6,67.2,0
2026-04-30,NODE-013,Kotla Mubarakpur Street,South Delhi Zone 3,480,33000,3,4,0,0,0,,0,25.0,42,0.0,314.3,65.5,0
2026-04-30,NODE-014,Malviya Nagar Main Market,South Delhi Zone 4,700,30000,3,4,0,0,0,,0,25.0,42,0.0,451.2,64.5,0
2026-04-30,NODE-015,Okhla Phase 1 Industrial Area,South Delhi Zone 4,1500,15000,3,4,0,0,0,,0,25.0,42,0.0,813.9,54.3,0
2026-04-30,NODE-016,Hauz Khas Village Cluster,South Delhi Zone 4,450,18000,3,4,0,0,0,,0,25.0,42,0.0,227.0,50.4,0
2026-04-30,NODE-017,Saket Select Citywalk Area,South Delhi Zone 4,900,25000,3,4,0,0,0,,0,25.0,42,0.0,500.1,55.6,0
2026-04-30,NODE-018,Sheikh Sarai Phase 2,South Delhi Zone 4,400,22000,3,4,0,0,0,,0,25.0,42,0.0,229.6,57.4,0
2026-04-30,NODE-019,Kalkaji Main Road Bins,South Delhi Zone 4,600,36000,3,4,0,0,0,,0,25.0,42,0.0,377.9,63.0,0
2026-04-30,NODE-020,Govindpuri Market Cluster,South Delhi Zone 4,550,42000,3,4,0,0,0,,0,25.0,42,0.0,371.2,67.5,0
2026-04-30,NODE-021,Sangam Vihar Block A,South Delhi Zone 4,800,48000,3,4,0,0,0,,0,25.0,42,0.0,548.0,68.5,0
2026-04-30,NODE-022,Madanpur Khadar Bins,South Delhi Zone 4,650,44000,3,4,0,0,0,,0,25.0,42,0.0,435.2,66.9,0
2026-04-30,NODE-023,Jasola Apollo Hospital Area,South Delhi Zone 4,500,20000,3,4,0,0,0,,0,25.0,42,0.0,270.1,54.0,0
2026-04-30,NODE-024,Alaknanda Market Community Bins,South Delhi Zone 4,480,27000,3,4,0,0,0,,0,25.0,42,0.0,291.3,60.7,0
2026-04-30,NODE-025,Pul Prehladpur Cluster,South Delhi Zone 4,700,39000,3,4,0,0,0,,0,25.0,42,0.0,466.4,66.6,0
2026-05-01,NODE-001,Lajpat Nagar Market Bin Cluster,South Delhi Zone 3,800,38000,4,5,0,0,0,,0,29.1,57,0.0,576.7,72.1,0
2026-05-01,NODE-002,Sarojini Nagar Community Bins,South Delhi Zone 3,600,32000,4,5,0,0,0,,0,29.1,57,0.0,355.4,59.2,0
2026-05-01,NODE-003,INA Colony Street Cluster,South Delhi Zone 3,400,25000,4,5,0,0,0,,0,29.1,57,0.0,223.1,55.8,0
2026-05-01,NODE-004,Nehru Place Commercial Hub,South Delhi Zone 3,1200,45000,4,5,0,0,0,,0,29.1,57,0.0,848.8,70.7,0
2026-05-01,NODE-005,Greater Kailash Block N,South Delhi Zone 3,500,20000,4,5,0,0,0,,0,29.1,57,0.0,284.9,57.0,0
2026-05-01,NODE-006,Defence Colony Main Road,South Delhi Zone 3,600,22000,4,5,0,0,0,,0,29.1,57,0.0,340.6,56.8,0
2026-05-01,NODE-007,CR Park Bengali Colony,South Delhi Zone 3,500,28000,4,5,0,0,0,,0,29.1,57,0.0,317.4,63.5,0
2026-05-01,NODE-008,Jangpura Extension Market,South Delhi Zone 3,450,30000,4,5,0,0,0,,0,29.1,57,0.0,265.8,59.1,0
2026-05-01,NODE-009,Bhogal Vegetable Market,South Delhi Zone 3,700,40000,4,5,0,0,0,,0,29.1,57,0.0,457.8,65.4,0
2026-05-01,NODE-010,Andrews Ganj Colony,South Delhi Zone 3,350,18000,4,5,0,0,0,,0,29.1,57,0.0,177.1,50.6,0
2026-05-01,NODE-011,Moolchand Market Cluster,South Delhi Zone 3,550,26000,4,5,0,0,0,,0,29.1,57,0.0,306.4,55.7,0
2026-05-01,NODE-012,Sidhartha Nagar Bins,South Delhi Zone 3,400,35000,4,5,0,0,0,,0,29.1,57,0.0,253.6,63.4,0
2026-05-01,NODE-013,Kotla Mubarakpur Street,South Delhi Zone 3,480,33000,4,5,0,0,0,,0,29.1,57,0.0,291.2,60.7,0
2026-05-01,NODE-014,Malviya Nagar Main Market,South Delhi Zone 4,700,30000,4,5,0,0,0,,0,29.1,57,0.0,403.9,57.7,0
2026-05-01,NODE-015,Okhla Phase 1 Industrial Area,South Delhi Zone 4,1500,15000,4,5,0,0,0,,0,29.1,57,0.0,795.1,53.0,0
2026-05-01,NODE-016,Hauz Khas Village Cluster,South Delhi Zone 4,450,18000,4,5,0,0,0,,0,29.1,57,0.0,241.8,53.7,0
2026-05-01,NODE-017,Saket Select Citywalk Area,South Delhi Zone 4,900,25000,4,5,0,0,0,,0,29.1,57,0.0,551.5,61.3,0
2026-05-01,NODE-018,Sheikh Sarai Phase 2,South Delhi Zone 4,400,22000,4,5,0,0,0,,0,29.1,57,0.0,239.0,59.7,0
2026-05-01,NODE-019,Kalkaji Main Road Bins,South Delhi Zone 4,600,36000,4,5,0,0,0,,0,29.1,57,0.0,395.9,66.0,0
2026-05-01,NODE-020,Govindpuri Market Cluster,South Delhi Zone 4,550,42000,4,5,0,0,0,,0,29.1,57,0.0,389.7,70.9,0
2026-05-01,NODE-021,Sangam Vihar Block A,South Delhi Zone 4,800,48000,4,5,0,0,0,,0,29.1,57,0.0,569.6,71.2,0
2026-05-01,NODE-022,Madanpur Khadar Bins,South Delhi Zone 4,650,44000,4,5,0,0,0,,0,29.1,57,0.0,465.4,71.6,0
2026-05-01,NODE-023,Jasola Apollo Hospital Area,South Delhi Zone 4,500,20000,4,5,0,0,0,,0,29.1,57,0.0,262.3,52.5,0
2026-05-01,NODE-024,Alaknanda Market Community Bins,South Delhi Zone 4,480,27000,4,5,0,0,0,,0,29.1,57,0.0,288.8,60.2,0
2026-05-01,NODE-025,Pul Prehladpur Cluster,South Delhi Zone 4,700,39000,4,5,0,0,0,,0,29.1,57,0.0,477.7,68.2,0
2026-05-02,NODE-001,Lajpat Nagar Market Bin Cluster,South Delhi Zone 3,800,38000,5,5,1,0,0,,0,30.9,58,0.0,675.8,84.5,0
2026-05-02,NODE-002,Sarojini Nagar Community Bins,South Delhi Zone 3,600,32000,5,5,1,0,0,,0,30.9,58,0.0,467.2,77.9,0
2026-05-02,NODE-003,INA Colony Street Cluster,South Delhi Zone 3,400,25000,5,5,1,0,0,,0,30.9,58,0.0,277.8,69.4,0
2026-05-02,NODE-004,Nehru Place Commercial Hub,South Delhi Zone 3,1200,45000,5,5,1,0,0,,0,30.9,58,0.0,1208.1,100.7,1
2026-05-02,NODE-005,Greater Kailash Block N,South Delhi Zone 3,500,20000,5,5,1,0,0,,0,30.9,58,0.0,365.9,73.2,0
2026-05-02,NODE-006,Defence Colony Main Road,South Delhi Zone 3,600,22000,5,5,1,0,0,,0,30.9,58,0.0,433.5,72.2,0
2026-05-02,NODE-007,CR Park Bengali Colony,South Delhi Zone 3,500,28000,5,5,1,0,0,,0,30.9,58,0.0,414.0,82.8,0
2026-05-02,NODE-008,Jangpura Extension Market,South Delhi Zone 3,450,30000,5,5,1,0,0,,0,30.9,58,0.0,384.7,85.5,0
2026-05-02,NODE-009,Bhogal Vegetable Market,South Delhi Zone 3,700,40000,5,5,1,0,0,,0,30.9,58,0.0,639.4,91.3,0
2026-05-02,NODE-010,Andrews Ganj Colony,South Delhi Zone 3,350,18000,5,5,1,0,0,,0,30.9,58,0.0,227.5,65.0,0
2026-05-02,NODE-011,Moolchand Market Cluster,South Delhi Zone 3,550,26000,5,5,1,0,0,,0,30.9,58,0.0,383.6,69.7,0
2026-05-02,NODE-012,Sidhartha Nagar Bins,South Delhi Zone 3,400,35000,5,5,1,0,0,,0,30.9,58,0.0,349.9,87.5,0
2026-05-02,NODE-013,Kotla Mubarakpur Street,South Delhi Zone 3,480,33000,5,5,1,0,0,,0,30.9,58,0.0,392.1,81.7,0
2026-05-02,NODE-014,Malviya Nagar Main Market,South Delhi Zone 4,700,30000,5,5,1,0,0,,0,30.9,58,0.0,567.6,81.1,0
2026-05-02,NODE-015,Okhla Phase 1 Industrial Area,South Delhi Zone 4,1500,15000,5,5,1,0,0,,0,30.9,58,0.0,1033.2,68.9,0
2026-05-02,NODE-016,Hauz Khas Village Cluster,South Delhi Zone 4,450,18000,5,5,1,0,0,,0,30.9,58,0.0,288.3,64.1,0
2026-05-02,NODE-017,Saket Select Citywalk Area,South Delhi Zone 4,900,25000,5,5,1,0,0,,0,30.9,58,0.0,677.9,75.3,0
2026-05-02,NODE-018,Sheikh Sarai Phase 2,South Delhi Zone 4,400,22000,5,5,1,0,0,,0,30.9,58,0.0,291.7,72.9,0
2026-05-02,NODE-019,Kalkaji Main Road Bins,South Delhi Zone 4,600,36000,5,5,1,0,0,,0,30.9,58,0.0,509.3,84.9,0
2026-05-02,NODE-020,Govindpuri Market Cluster,South Delhi Zone 4,550,42000,5,5,1,0,0,,0,30.9,58,0.0,466.9,84.9,0
2026-05-02,NODE-021,Sangam Vihar Block A,South Delhi Zone 4,800,48000,5,5,1,0,0,,0,30.9,58,0.0,731.8,91.5,0
2026-05-02,NODE-022,Madanpur Khadar Bins,South Delhi Zone 4,650,44000,5,5,1,0,0,,0,30.9,58,0.0,587.0,90.3,0
2026-05-02,NODE-023,Jasola Apollo Hospital Area,South Delhi Zone 4,500,20000,5,5,1,0,0,,0,30.9,58,0.0,356.7,71.3,0
2026-05-02,NODE-024,Alaknanda Market Community Bins,South Delhi Zone 4,480,27000,5,5,1,0,0,,0,30.9,58,0.0,386.9,80.6,0
2026-05-02,NODE-025,Pul Prehladpur Cluster,South Delhi Zone 4,700,39000,5,5,1,0,0,,0,30.9,58,0.0,598.7,85.5,0
2026-05-03,NODE-001,Lajpat Nagar Market Bin Cluster,South Delhi Zone 3,800,38000,6,5,1,0,0,,0,24.9,65,0.0,684.5,85.6,0
2026-05-03,NODE-002,Sarojini Nagar Community Bins,South Delhi Zone 3,600,32000,6,5,1,0,0,,0,24.9,65,0.0,507.0,84.5,0
2026-05-03,NODE-003,INA Colony Street Cluster,South Delhi Zone 3,400,25000,6,5,1,0,0,,0,24.9,65,0.0,275.2,68.8,0
2026-05-03,NODE-004,Nehru Place Commercial Hub,South Delhi Zone 3,1200,45000,6,5,1,0,0,,0,24.9,65,0.0,1050.9,87.6,0
2026-05-03,NODE-005,Greater Kailash Block N,South Delhi Zone 3,500,20000,6,5,1,0,0,,0,24.9,65,0.0,333.5,66.7,0
2026-05-03,NODE-006,Defence Colony Main Road,South Delhi Zone 3,600,22000,6,5,1,0,0,,0,24.9,65,0.0,402.0,67.0,0
2026-05-03,NODE-007,CR Park Bengali Colony,South Delhi Zone 3,500,28000,6,5,1,0,0,,0,24.9,65,0.0,402.9,80.6,0
2026-05-03,NODE-008,Jangpura Extension Market,South Delhi Zone 3,450,30000,6,5,1,0,0,,0,24.9,65,0.0,377.0,83.8,0
2026-05-03,NODE-009,Bhogal Vegetable Market,South Delhi Zone 3,700,40000,6,5,1,0,0,,0,24.9,65,0.0,654.6,93.5,0
2026-05-03,NODE-010,Andrews Ganj Colony,South Delhi Zone 3,350,18000,6,5,1,0,0,,0,24.9,65,0.0,217.4,62.1,0
2026-05-03,NODE-011,Moolchand Market Cluster,South Delhi Zone 3,550,26000,6,5,1,0,0,,0,24.9,65,0.0,438.5,79.7,0
2026-05-03,NODE-012,Sidhartha Nagar Bins,South Delhi Zone 3,400,35000,6,5,1,0,0,,0,24.9,65,0.0,334.1,83.5,0
2026-05-03,NODE-013,Kotla Mubarakpur Street,South Delhi Zone 3,480,33000,6,5,1,0,0,,0,24.9,65,0.0,365.9,76.2,0
2026-05-03,NODE-014,Malviya Nagar Main Market,South Delhi Zone 4,700,30000,6,5,1,0,0,,0,24.9,65,0.0,555.8,79.4,0
2026-05-03,NODE-015,Okhla Phase 1 Industrial Area,South Delhi Zone 4,1500,15000,6,5,1,0,0,,0,24.9,65,0.0,987.8,65.9,0
2026-05-03,NODE-016,Hauz Khas Village Cluster,South Delhi Zone 4,450,18000,6,5,1,0,0,,0,24.9,65,0.0,303.7,67.5,0
2026-05-03,NODE-017,Saket Select Citywalk Area,South Delhi Zone 4,900,25000,6,5,1,0,0,,0,24.9,65,0.0,662.5,73.6,0
2026-05-03,NODE-018,Sheikh Sarai Phase 2,South Delhi Zone 4,400,22000,6,5,1,0,0,,0,24.9,65,0.0,265.1,66.3,0
2026-05-03,NODE-019,Kalkaji Main Road Bins,South Delhi Zone 4,600,36000,6,5,1,0,0,,0,24.9,65,0.0,491.0,81.8,0
2026-05-03,NODE-020,Govindpuri Market Cluster,South Delhi Zone 4,550,42000,6,5,1,0,0,,0,24.9,65,0.0,470.1,85.5,0
2026-05-03,NODE-021,Sangam Vihar Block A,South Delhi Zone 4,800,48000,6,5,1,0,0,,0,24.9,65,0.0,724.6,90.6,0
2026-05-03,NODE-022,Madanpur Khadar Bins,South Delhi Zone 4,650,44000,6,5,1,0,0,,0,24.9,65,0.0,639.8,98.4,1
2026-05-03,NODE-023,Jasola Apollo Hospital Area,South Delhi Zone 4,500,20000,6,5,1,0,0,,0,24.9,65,0.0,346.4,69.3,0
2026-05-03,NODE-024,Alaknanda Market Community Bins,South Delhi Zone 4,480,27000,6,5,1,0,0,,0,24.9,65,0.0,338.4,70.5,0
2026-05-03,NODE-025,Pul Prehladpur Cluster,South Delhi Zone 4,700,39000,6,5,1,0,0,,0,24.9,65,0.0,628.2,89.7,0
2026-05-04,NODE-001,Lajpat Nagar Market Bin Cluster,South Delhi Zone 3,800,38000,0,5,0,1,0,,1,29.1,44,0.0,617.1,77.1,0
2026-05-04,NODE-002,Sarojini Nagar Community Bins,South Delhi Zone 3,600,32000,0,5,0,1,0,,1,29.1,44,0.0,431.8,72.0,0
2026-05-04,NODE-003,INA Colony Street Cluster,South Delhi Zone 3,400,25000,0,5,0,1,0,,1,29.1,44,0.0,244.5,61.1,0
2026-05-04,NODE-004,Nehru Place Commercial Hub,South Delhi Zone 3,1200,45000,0,5,0,1,0,,1,29.1,44,0.0,1068.0,89.0,0
2026-05-04,NODE-005,Greater Kailash Block N,South Delhi Zone 3,500,20000,0,5,0,1,0,,1,29.1,44,0.0,325.7,65.1,0
2026-05-04,NODE-006,Defence Colony Main Road,South Delhi Zone 3,600,22000,0,5,0,1,0,,1,29.1,44,0.0,374.6,62.4,0
2026-05-04,NODE-007,CR Park Bengali Colony,South Delhi Zone 3,500,28000,0,5,0,1,0,,1,29.1,44,0.0,319.0,63.8,0
2026-05-04,NODE-008,Jangpura Extension Market,South Delhi Zone 3,450,30000,0,5,0,1,0,,1,29.1,44,0.0,330.2,73.4,0
2026-05-04,NODE-009,Bhogal Vegetable Market,South Delhi Zone 3,700,40000,0,5,0,1,0,,1,29.1,44,0.0,547.4,78.2,0
2026-05-04,NODE-010,Andrews Ganj Colony,South Delhi Zone 3,350,18000,0,5,0,1,0,,1,29.1,44,0.0,215.1,61.5,0
2026-05-04,NODE-011,Moolchand Market Cluster,South Delhi Zone 3,550,26000,0,5,0,1,0,,1,29.1,44,0.0,364.9,66.3,0
2026-05-04,NODE-012,Sidhartha Nagar Bins,South Delhi Zone 3,400,35000,0,5,0,1,0,,1,29.1,44,0.0,285.1,71.3,0
2026-05-04,NODE-013,Kotla Mubarakpur Street,South Delhi Zone 3,480,33000,0,5,0,1,0,,1,29.1,44,0.0,365.3,76.1,0
2026-05-04,NODE-014,Malviya Nagar Main Market,South Delhi Zone 4,700,30000,0,5,0,1,0,,1,29.1,44,0.0,525.1,75.0,0
2026-05-04,NODE-015,Okhla Phase 1 Industrial Area,South Delhi Zone 4,1500,15000,0,5,0,1,0,,1,29.1,44,0.0,817.5,54.5,0
2026-05-04,NODE-016,Hauz Khas Village Cluster,South Delhi Zone 4,450,18000,0,5,0,1,0,,1,29.1,44,0.0,269.5,59.9,0
2026-05-04,NODE-017,Saket Select Citywalk Area,South Delhi Zone 4,900,25000,0,5,0,1,0,,1,29.1,44,0.0,577.5,64.2,0
2026-05-04,NODE-018,Sheikh Sarai Phase 2,South Delhi Zone 4,400,22000,0,5,0,1,0,,1,29.1,44,0.0,268.3,67.1,0
2026-05-04,NODE-019,Kalkaji Main Road Bins,South Delhi Zone 4,600,36000,0,5,0,1,0,,1,29.1,44,0.0,449.4,74.9,0
2026-05-04,NODE-020,Govindpuri Market Cluster,South Delhi Zone 4,550,42000,0,5,0,1,0,,1,29.1,44,0.0,466.3,84.8,0
2026-05-04,NODE-021,Sangam Vihar Block A,South Delhi Zone 4,800,48000,0,5,0,1,0,,1,29.1,44,0.0,698.4,87.3,0
2026-05-04,NODE-022,Madanpur Khadar Bins,South Delhi Zone 4,650,44000,0,5,0,1,0,,1,29.1,44,0.0,511.7,78.7,0
2026-05-04,NODE-023,Jasola Apollo Hospital Area,South Delhi Zone 4,500,20000,0,5,0,1,0,,1,29.1,44,0.0,319.7,63.9,0
2026-05-04,NODE-024,Alaknanda Market Community Bins,South Delhi Zone 4,480,27000,0,5,0,1,0,,1,29.1,44,0.0,317.7,66.2,0
2026-05-04,NODE-025,Pul Prehladpur Cluster,South Delhi Zone 4,700,39000,0,5,0,1,0,,1,29.1,44,0.0,579.2,82.7,0
2026-05-05,NODE-001,Lajpat Nagar Market Bin Cluster,South Delhi Zone 3,800,38000,1,5,0,0,0,,0,30.2,44,0.0,565.0,70.6,0
2026-05-05,NODE-002,Sarojini Nagar Community Bins,South Delhi Zone 3,600,32000,1,5,0,0,0,,0,30.2,44,0.0,402.1,67.0,0
2026-05-05,NODE-003,INA Colony Street Cluster,South Delhi Zone 3,400,25000,1,5,0,0,0,,0,30.2,44,0.0,236.0,59.0,0
2026-05-05,NODE-004,Nehru Place Commercial Hub,South Delhi Zone 3,1200,45000,1,5,0,0,0,,0,30.2,44,0.0,904.6,75.4,0
2026-05-05,NODE-005,Greater Kailash Block N,South Delhi Zone 3,500,20000,1,5,0,0,0,,0,30.2,44,0.0,288.1,57.6,0
2026-05-05,NODE-006,Defence Colony Main Road,South Delhi Zone 3,600,22000,1,5,0,0,0,,0,30.2,44,0.0,332.9,55.5,0
2026-05-05,NODE-007,CR Park Bengali Colony,South Delhi Zone 3,500,28000,1,5,0,0,0,,0,30.2,44,0.0,302.0,60.4,0
2026-05-05,NODE-008,Jangpura Extension Market,South Delhi Zone 3,450,30000,1,5,0,0,0,,0,30.2,44,0.0,271.8,60.4,0
2026-05-05,NODE-009,Bhogal Vegetable Market,South Delhi Zone 3,700,40000,1,5,0,0,0,,0,30.2,44,0.0,508.3,72.6,0
2026-05-05,NODE-010,Andrews Ganj Colony,South Delhi Zone 3,350,18000,1,5,0,0,0,,0,30.2,44,0.0,181.6,51.9,0
2026-05-05,NODE-011,Moolchand Market Cluster,South Delhi Zone 3,550,26000,1,5,0,0,0,,0,30.2,44,0.0,347.1,63.1,0
2026-05-05,NODE-012,Sidhartha Nagar Bins,South Delhi Zone 3,400,35000,1,5,0,0,0,,0,30.2,44,0.0,279.1,69.8,0
2026-05-05,NODE-013,Kotla Mubarakpur Street,South Delhi Zone 3,480,33000,1,5,0,0,0,,0,30.2,44,0.0,332.7,69.3,0
2026-05-05,NODE-014,Malviya Nagar Main Market,South Delhi Zone 4,700,30000,1,5,0,0,0,,0,30.2,44,0.0,416.3,59.5,0
2026-05-05,NODE-015,Okhla Phase 1 Industrial Area,South Delhi Zone 4,1500,15000,1,5,0,0,0,,0,30.2,44,0.0,745.3,49.7,0
2026-05-05,NODE-016,Hauz Khas Village Cluster,South Delhi Zone 4,450,18000,1,5,0,0,0,,0,30.2,44,0.0,251.7,55.9,0
2026-05-05,NODE-017,Saket Select Citywalk Area,South Delhi Zone 4,900,25000,1,5,0,0,0,,0,30.2,44,0.0,516.8,57.4,0
2026-05-05,NODE-018,Sheikh Sarai Phase 2,South Delhi Zone 4,400,22000,1,5,0,0,0,,0,30.2,44,0.0,217.4,54.3,0
2026-05-05,NODE-019,Kalkaji Main Road Bins,South Delhi Zone 4,600,36000,1,5,0,0,0,,0,30.2,44,0.0,398.1,66.4,0
2026-05-05,NODE-020,Govindpuri Market Cluster,South Delhi Zone 4,550,42000,1,5,0,0,0,,0,30.2,44,0.0,417.6,75.9,0
2026-05-05,NODE-021,Sangam Vihar Block A,South Delhi Zone 4,800,48000,1,5,0,0,0,,0,30.2,44,0.0,576.8,72.1,0
2026-05-05,NODE-022,Madanpur Khadar Bins,South Delhi Zone 4,650,44000,1,5,0,0,0,,0,30.2,44,0.0,509.7,78.4,0
2026-05-05,NODE-023,Jasola Apollo Hospital Area,South Delhi Zone 4,500,20000,1,5,0,0,0,,0,30.2,44,0.0,285.0,57.0,0
2026-05-05,NODE-024,Alaknanda Market Community Bins,South Delhi Zone 4,480,27000,1,5,0,0,0,,0,30.2,44,0.0,293.9,61.2,0
2026-05-05,NODE-025,Pul Prehladpur Cluster,South Delhi Zone 4,700,39000,1,5,0,0,0,,0,30.2,44,0.0,455.6,65.1,0
2026-05-06,NODE-001,Lajpat Nagar Market Bin Cluster,South Delhi Zone 3,800,38000,2,5,0,0,0,,3,23.3,65,0.0,553.2,69.1,0
2026-05-06,NODE-002,Sarojini Nagar Community Bins,South Delhi Zone 3,600,32000,2,5,0,0,0,,3,23.3,65,0.0,404.1,67.4,0
2026-05-06,NODE-003,INA Colony Street Cluster,South Delhi Zone 3,400,25000,2,5,0,0,0,,3,23.3,65,0.0,247.0,61.7,0
2026-05-06,NODE-004,Nehru Place Commercial Hub,South Delhi Zone 3,1200,45000,2,5,0,0,0,,3,23.3,65,0.0,873.6,72.8,0
2026-05-06,NODE-005,Greater Kailash Block N,South Delhi Zone 3,500,20000,2,5,0,0,0,,3,23.3,65,0.0,273.4,54.7,0
2026-05-06,NODE-006,Defence Colony Main Road,South Delhi Zone 3,600,22000,2,5,0,0,0,,3,23.3,65,0.0,333.5,55.6,0
2026-05-06,NODE-007,CR Park Bengali Colony,South Delhi Zone 3,500,28000,2,5,0,0,0,,3,23.3,65,0.0,313.5,62.7,0
2026-05-06,NODE-008,Jangpura Extension Market,South Delhi Zone 3,450,30000,2,5,0,0,0,,3,23.3,65,0.0,275.3,61.2,0
2026-05-06,NODE-009,Bhogal Vegetable Market,South Delhi Zone 3,700,40000,2,5,0,0,0,,3,23.3,65,0.0,499.9,71.4,0
2026-05-06,NODE-010,Andrews Ganj Colony,South Delhi Zone 3,350,18000,2,5,0,0,0,,3,23.3,65,0.0,175.0,50.0,0
2026-05-06,NODE-011,Moolchand Market Cluster,South Delhi Zone 3,550,26000,2,5,0,0,0,,3,23.3,65,0.0,323.0,58.7,0
2026-05-06,NODE-012,Sidhartha Nagar Bins,South Delhi Zone 3,400,35000,2,5,0,0,0,,3,23.3,65,0.0,283.3,70.8,0
2026-05-06,NODE-013,Kotla Mubarakpur Street,South Delhi Zone 3,480,33000,2,5,0,0,0,,3,23.3,65,0.0,300.9,62.7,0
2026-05-06,NODE-014,Malviya Nagar Main Market,South Delhi Zone 4,700,30000,2,5,0,0,0,,3,23.3,65,0.0,447.9,64.0,0
2026-05-06,NODE-015,Okhla Phase 1 Industrial Area,South Delhi Zone 4,1500,15000,2,5,0,0,0,,3,23.3,65,0.0,777.7,51.8,0
2026-05-06,NODE-016,Hauz Khas Village Cluster,South Delhi Zone 4,450,18000,2,5,0,0,0,,3,23.3,65,0.0,251.5,55.9,0
2026-05-06,NODE-017,Saket Select Citywalk Area,South Delhi Zone 4,900,25000,2,5,0,0,0,,3,23.3,65,0.0,553.9,61.5,0
2026-05-06,NODE-018,Sheikh Sarai Phase 2,South Delhi Zone 4,400,22000,2,5,0,0,0,,3,23.3,65,0.0,236.7,59.2,0
2026-05-06,NODE-019,Kalkaji Main Road Bins,South Delhi Zone 4,600,36000,2,5,0,0,0,,3,23.3,65,0.0,392.2,65.4,0
2026-05-06,NODE-020,Govindpuri Market Cluster,South Delhi Zone 4,550,42000,2,5,0,0,0,,3,23.3,65,0.0,380.2,69.1,0
2026-05-06,NODE-021,Sangam Vihar Block A,South Delhi Zone 4,800,48000,2,5,0,0,0,,3,23.3,65,0.0,608.6,76.1,0
2026-05-06,NODE-022,Madanpur Khadar Bins,South Delhi Zone 4,650,44000,2,5,0,0,0,,3,23.3,65,0.0,492.4,75.8,0
2026-05-06,NODE-023,Jasola Apollo Hospital Area,South Delhi Zone 4,500,20000,2,5,0,0,0,,3,23.3,65,0.0,288.4,57.7,0
2026-05-06,NODE-024,Alaknanda Market Community Bins,South Delhi Zone 4,480,27000,2,5,0,0,0,,3,23.3,65,0.0,265.6,55.3,0
2026-05-06,NODE-025,Pul Prehladpur Cluster,South Delhi Zone 4,700,39000,2,5,0,0,0,,3,23.3,65,0.0,449.2,64.2,0
2026-05-07,NODE-001,Lajpat Nagar Market Bin Cluster,South Delhi Zone 3,800,38000,3,5,0,0,0,,0,31.2,42,0.0,566.8,70.9,0
2026-05-07,NODE-002,Sarojini Nagar Community Bins,South Delhi Zone 3,600,32000,3,5,0,0,0,,0,31.2,42,0.0,377.5,62.9,0
2026-05-07,NODE-003,INA Colony Street Cluster,South Delhi Zone 3,400,25000,3,5,0,0,0,,0,31.2,42,0.0,218.1,54.5,0
2026-05-07,NODE-004,Nehru Place Commercial Hub,South Delhi Zone 3,1200,45000,3,5,0,0,0,,0,31.2,42,0.0,900.9,75.1,0
2026-05-07,NODE-005,Greater Kailash Block N,South Delhi Zone 3,500,20000,3,5,0,0,0,,0,31.2,42,0.0,288.5,57.7,0
2026-05-07,NODE-006,Defence Colony Main Road,South Delhi Zone 3,600,22000,3,5,0,0,0,,0,31.2,42,0.0,332.8,55.5,0
2026-05-07,NODE-007,CR Park Bengali Colony,South Delhi Zone 3,500,28000,3,5,0,0,0,,0,31.2,42,0.0,312.1,62.4,0
2026-05-07,NODE-008,Jangpura Extension Market,South Delhi Zone 3,450,30000,3,5,0,0,0,,0,31.2,42,0.0,297.3,66.1,0
2026-05-07,NODE-009,Bhogal Vegetable Market,South Delhi Zone 3,700,40000,3,5,0,0,0,,0,31.2,42,0.0,452.4,64.6,0
2026-05-07,NODE-010,Andrews Ganj Colony,South Delhi Zone 3,350,18000,3,5,0,0,0,,0,31.2,42,0.0,194.0,55.4,0
2026-05-07,NODE-011,Moolchand Market Cluster,South Delhi Zone 3,550,26000,3,5,0,0,0,,0,31.2,42,0.0,313.9,57.1,0
2026-05-07,NODE-012,Sidhartha Nagar Bins,South Delhi Zone 3,400,35000,3,5,0,0,0,,0,31.2,42,0.0,258.2,64.6,0
2026-05-07,NODE-013,Kotla Mubarakpur Street,South Delhi Zone 3,480,33000,3,5,0,0,0,,0,31.2,42,0.0,291.4,60.7,0
2026-05-07,NODE-014,Malviya Nagar Main Market,South Delhi Zone 4,700,30000,3,5,0,0,0,,0,31.2,42,0.0,436.6,62.4,0
2026-05-07,NODE-015,Okhla Phase 1 Industrial Area,South Delhi Zone 4,1500,15000,3,5,0,0,0,,0,31.2,42,0.0,767.5,51.2,0
2026-05-07,NODE-016,Hauz Khas Village Cluster,South Delhi Zone 4,450,18000,3,5,0,0,0,,0,31.2,42,0.0,249.3,55.4,0
2026-05-07,NODE-017,Saket Select Citywalk Area,South Delhi Zone 4,900,25000,3,5,0,0,0,,0,31.2,42,0.0,496.6,55.2,0
2026-05-07,NODE-018,Sheikh Sarai Phase 2,South Delhi Zone 4,400,22000,3,5,0,0,0,,0,31.2,42,0.0,208.8,52.2,0
2026-05-07,NODE-019,Kalkaji Main Road Bins,South Delhi Zone 4,600,36000,3,5,0,0,0,,0,31.2,42,0.0,423.6,70.6,0
2026-05-07,NODE-020,Govindpuri Market Cluster,South Delhi Zone 4,550,42000,3,5,0,0,0,,0,31.2,42,0.0,399.2,72.6,0
2026-05-07,NODE-021,Sangam Vihar Block A,South Delhi Zone 4,800,48000,3,5,0,0,0,,0,31.2,42,0.0,563.6,70.5,0
2026-05-07,NODE-022,Madanpur Khadar Bins,South Delhi Zone 4,650,44000,3,5,0,0,0,,0,31.2,42,0.0,504.0,77.5,0
2026-05-07,NODE-023,Jasola Apollo Hospital Area,South Delhi Zone 4,500,20000,3,5,0,0,0,,0,31.2,42,0.0,256.7,51.3,0
2026-05-07,NODE-024,Alaknanda Market Community Bins,South Delhi Zone 4,480,27000,3,5,0,0,0,,0,31.2,42,0.0,285.2,59.4,0
2026-05-07,NODE-025,Pul Prehladpur Cluster,South Delhi Zone 4,700,39000,3,5,0,0,0,,0,31.2,42,0.0,463.5,66.2,0
2026-05-08,NODE-001,Lajpat Nagar Market Bin Cluster,South Delhi Zone 3,800,38000,4,5,0,0,0,,0,22.1,60,0.0,542.3,67.8,0
2026-05-08,NODE-002,Sarojini Nagar Community Bins,South Delhi Zone 3,600,32000,4,5,0,0,0,,0,22.1,60,0.0,368.6,61.4,0
2026-05-08,NODE-003,INA Colony Street Cluster,South Delhi Zone 3,400,25000,4,5,0,0,0,,0,22.1,60,0.0,234.8,58.7,0
2026-05-08,NODE-004,Nehru Place Commercial Hub,South Delhi Zone 3,1200,45000,4,5,0,0,0,,0,22.1,60,0.0,821.9,68.5,0
2026-05-08,NODE-005,Greater Kailash Block N,South Delhi Zone 3,500,20000,4,5,0,0,0,,0,22.1,60,0.0,291.6,58.3,0
2026-05-08,NODE-006,Defence Colony Main Road,South Delhi Zone 3,600,22000,4,5,0,0,0,,0,22.1,60,0.0,362.0,60.3,0
2026-05-08,NODE-007,CR Park Bengali Colony,South Delhi Zone 3,500,28000,4,5,0,0,0,,0,22.1,60,0.0,293.0,58.6,0
2026-05-08,NODE-008,Jangpura Extension Market,South Delhi Zone 3,450,30000,4,5,0,0,0,,0,22.1,60,0.0,299.9,66.7,0
2026-05-08,NODE-009,Bhogal Vegetable Market,South Delhi Zone 3,700,40000,4,5,0,0,0,,0,22.1,60,0.0,502.7,71.8,0
2026-05-08,NODE-010,Andrews Ganj Colony,South Delhi Zone 3,350,18000,4,5,0,0,0,,0,22.1,60,0.0,183.9,52.6,0
2026-05-08,NODE-011,Moolchand Market Cluster,South Delhi Zone 3,550,26000,4,5,0,0,0,,0,22.1,60,0.0,314.3,57.1,0
2026-05-08,NODE-012,Sidhartha Nagar Bins,South Delhi Zone 3,400,35000,4,5,0,0,0,,0,22.1,60,0.0,284.6,71.1,0
2026-05-08,NODE-013,Kotla Mubarakpur Street,South Delhi Zone 3,480,33000,4,5,0,0,0,,0,22.1,60,0.0,326.4,68.0,0
2026-05-08,NODE-014,Malviya Nagar Main Market,South Delhi Zone 4,700,30000,4,5,0,0,0,,0,22.1,60,0.0,407.1,58.2,0
2026-05-08,NODE-015,Okhla Phase 1 Industrial Area,South Delhi Zone 4,1500,15000,4,5,0,0,0,,0,22.1,60,0.0,745.1,49.7,0
2026-05-08,NODE-016,Hauz Khas Village Cluster,South Delhi Zone 4,450,18000,4,5,0,0,0,,0,22.1,60,0.0,232.8,51.7,0
2026-05-08,NODE-017,Saket Select Citywalk Area,South Delhi Zone 4,900,25000,4,5,0,0,0,,0,22.1,60,0.0,507.2,56.4,0
2026-05-08,NODE-018,Sheikh Sarai Phase 2,South Delhi Zone 4,400,22000,4,5,0,0,0,,0,22.1,60,0.0,231.0,57.8,0
2026-05-08,NODE-019,Kalkaji Main Road Bins,South Delhi Zone 4,600,36000,4,5,0,0,0,,0,22.1,60,0.0,369.3,61.5,0
2026-05-08,NODE-020,Govindpuri Market Cluster,South Delhi Zone 4,550,42000,4,5,0,0,0,,0,22.1,60,0.0,412.4,75.0,0
2026-05-08,NODE-021,Sangam Vihar Block A,South Delhi Zone 4,800,48000,4,5,0,0,0,,0,22.1,60,0.0,578.2,72.3,0
2026-05-08,NODE-022,Madanpur Khadar Bins,South Delhi Zone 4,650,44000,4,5,0,0,0,,0,22.1,60,0.0,435.6,67.0,0
2026-05-08,NODE-023,Jasola Apollo Hospital Area,South Delhi Zone 4,500,20000,4,5,0,0,0,,0,22.1,60,0.0,288.1,57.6,0
2026-05-08,NODE-024,Alaknanda Market Community Bins,South Delhi Zone 4,480,27000,4,5,0,0,0,,0,22.1,60,0.0,299.7,62.4,0
2026-05-08,NODE-025,Pul Prehladpur Cluster,South Delhi Zone 4,700,39000,4,5,0,0,0,,0,22.1,60,0.0,519.0,74.1,0
2026-05-09,NODE-001,Lajpat Nagar Market Bin Cluster,South Delhi Zone 3,800,38000,5,5,1,0,0,,3,29.5,61,0.0,740.5,92.6,0
2026-05-09,NODE-002,Sarojini Nagar Community Bins,South Delhi Zone 3,600,32000,5,5,1,0,0,,3,29.5,61,0.0,470.0,78.3,0
2026-05-09,NODE-003,INA Colony Street Cluster,South Delhi Zone 3,400,25000,5,5,1,0,0,,3,29.5,61,0.0,311.4,77.9,0
2026-05-09,NODE-004,Nehru Place Commercial Hub,South Delhi Zone 3,1200,45000,5,5,1,0,0,,3,29.5,61,0.0,1144.3,95.4,0
2026-05-09,NODE-005,Greater Kailash Block N,South Delhi Zone 3,500,20000,5,5,1,0,0,,3,29.5,61,0.0,339.0,67.8,0
2026-05-09,NODE-006,Defence Colony Main Road,South Delhi Zone 3,600,22000,5,5,1,0,0,,3,29.5,61,0.0,437.7,72.9,0
2026-05-09,NODE-007,CR Park Bengali Colony,South Delhi Zone 3,500,28000,5,5,1,0,0,,3,29.5,61,0.0,393.6,78.7,0
2026-05-09,NODE-008,Jangpura Extension Market,South Delhi Zone 3,450,30000,5,5,1,0,0,,3,29.5,61,0.0,366.4,81.4,0
2026-05-09,NODE-009,Bhogal Vegetable Market,South Delhi Zone 3,700,40000,5,5,1,0,0,,3,29.5,61,0.0,644.2,92.0,0
2026-05-09,NODE-010,Andrews Ganj Colony,South Delhi Zone 3,350,18000,5,5,1,0,0,,3,29.5,61,0.0,242.3,69.2,0
2026-05-09,NODE-011,Moolchand Market Cluster,South Delhi Zone 3,550,26000,5,5,1,0,0,,3,29.5,61,0.0,436.4,79.4,0
2026-05-09,NODE-012,Sidhartha Nagar Bins,South Delhi Zone 3,400,35000,5,5,1,0,0,,3,29.5,61,0.0,343.0,85.8,0
2026-05-09,NODE-013,Kotla Mubarakpur Street,South Delhi Zone 3,480,33000,5,5,1,0,0,,3,29.5,61,0.0,419.4,87.4,0
2026-05-09,NODE-014,Malviya Nagar Main Market,South Delhi Zone 4,700,30000,5,5,1,0,0,,3,29.5,61,0.0,567.1,81.0,0
2026-05-09,NODE-015,Okhla Phase 1 Industrial Area,South Delhi Zone 4,1500,15000,5,5,1,0,0,,3,29.5,61,0.0,939.1,62.6,0
2026-05-09,NODE-016,Hauz Khas Village Cluster,South Delhi Zone 4,450,18000,5,5,1,0,0,,3,29.5,61,0.0,300.9,66.9,0
2026-05-09,NODE-017,Saket Select Citywalk Area,South Delhi Zone 4,900,25000,5,5,1,0,0,,3,29.5,61,0.0,677.3,75.3,0
2026-05-09,NODE-018,Sheikh Sarai Phase 2,South Delhi Zone 4,400,22000,5,5,1,0,0,,3,29.5,61,0.0,296.2,74.0,0
2026-05-09,NODE-019,Kalkaji Main Road Bins,South Delhi Zone 4,600,36000,5,5,1,0,0,,3,29.5,61,0.0,476.6,79.4,0
2026-05-09,NODE-020,Govindpuri Market Cluster,South Delhi Zone 4,550,42000,5,5,1,0,0,,3,29.5,61,0.0,483.2,87.9,0
2026-05-09,NODE-021,Sangam Vihar Block A,South Delhi Zone 4,800,48000,5,5,1,0,0,,3,29.5,61,0.0,779.7,97.5,0
2026-05-09,NODE-022,Madanpur Khadar Bins,South Delhi Zone 4,650,44000,5,5,1,0,0,,3,29.5,61,0.0,571.8,88.0,0
2026-05-09,NODE-023,Jasola Apollo Hospital Area,South Delhi Zone 4,500,20000,5,5,1,0,0,,3,29.5,61,0.0,326.8,65.4,0
2026-05-09,NODE-024,Alaknanda Market Community Bins,South Delhi Zone 4,480,27000,5,5,1,0,0,,3,29.5,61,0.0,368.3,76.7,0
2026-05-09,NODE-025,Pul Prehladpur Cluster,South Delhi Zone 4,700,39000,5,5,1,0,0,,3,29.5,61,0.0,661.8,94.5,0
2026-05-10,NODE-001,Lajpat Nagar Market Bin Cluster,South Delhi Zone 3,800,38000,6,5,1,0,0,,0,31.1,61,0.0,658.2,82.3,0
2026-05-10,NODE-002,Sarojini Nagar Community Bins,South Delhi Zone 3,600,32000,6,5,1,0,0,,0,31.1,61,0.0,518.9,86.5,0
2026-05-10,NODE-003,INA Colony Street Cluster,South Delhi Zone 3,400,25000,6,5,1,0,0,,0,31.1,61,0.0,318.3,79.6,0
2026-05-10,NODE-004,Nehru Place Commercial Hub,South Delhi Zone 3,1200,45000,6,5,1,0,0,,0,31.1,61,0.0,1209.1,100.8,1
2026-05-10,NODE-005,Greater Kailash Block N,South Delhi Zone 3,500,20000,6,5,1,0,0,,0,31.1,61,0.0,335.8,67.2,0
2026-05-10,NODE-006,Defence Colony Main Road,South Delhi Zone 3,600,22000,6,5,1,0,0,,0,31.1,61,0.0,453.7,75.6,0
2026-05-10,NODE-007,CR Park Bengali Colony,South Delhi Zone 3,500,28000,6,5,1,0,0,,0,31.1,61,0.0,404.9,81.0,0
2026-05-10,NODE-008,Jangpura Extension Market,South Delhi Zone 3,450,30000,6,5,1,0,0,,0,31.1,61,0.0,354.4,78.8,0
2026-05-10,NODE-009,Bhogal Vegetable Market,South Delhi Zone 3,700,40000,6,5,1,0,0,,0,31.1,61,0.0,579.9,82.8,0
2026-05-10,NODE-010,Andrews Ganj Colony,South Delhi Zone 3,350,18000,6,5,1,0,0,,0,31.1,61,0.0,245.9,70.2,0
2026-05-10,NODE-011,Moolchand Market Cluster,South Delhi Zone 3,550,26000,6,5,1,0,0,,0,31.1,61,0.0,395.9,72.0,0
2026-05-10,NODE-012,Sidhartha Nagar Bins,South Delhi Zone 3,400,35000,6,5,1,0,0,,0,31.1,61,0.0,345.6,86.4,0
2026-05-10,NODE-013,Kotla Mubarakpur Street,South Delhi Zone 3,480,33000,6,5,1,0,0,,0,31.1,61,0.0,405.0,84.4,0
2026-05-10,NODE-014,Malviya Nagar Main Market,South Delhi Zone 4,700,30000,6,5,1,0,0,,0,31.1,61,0.0,545.1,77.9,0
2026-05-10,NODE-015,Okhla Phase 1 Industrial Area,South Delhi Zone 4,1500,15000,6,5,1,0,0,,0,31.1,61,0.0,1022.3,68.2,0
2026-05-10,NODE-016,Hauz Khas Village Cluster,South Delhi Zone 4,450,18000,6,5,1,0,0,,0,31.1,61,0.0,306.5,68.1,0
2026-05-10,NODE-017,Saket Select Citywalk Area,South Delhi Zone 4,900,25000,6,5,1,0,0,,0,31.1,61,0.0,624.9,69.4,0
2026-05-10,NODE-018,Sheikh Sarai Phase 2,South Delhi Zone 4,400,22000,6,5,1,0,0,,0,31.1,61,0.0,280.7,70.2,0
2026-05-10,NODE-019,Kalkaji Main Road Bins,South Delhi Zone 4,600,36000,6,5,1,0,0,,0,31.1,61,0.0,490.8,81.8,0
2026-05-10,NODE-020,Govindpuri Market Cluster,South Delhi Zone 4,550,42000,6,5,1,0,0,,0,31.1,61,0.0,469.5,85.4,0
2026-05-10,NODE-021,Sangam Vihar Block A,South Delhi Zone 4,800,48000,6,5,1,0,0,,0,31.1,61,0.0,734.2,91.8,0
2026-05-10,NODE-022,Madanpur Khadar Bins,South Delhi Zone 4,650,44000,6,5,1,0,0,,0,31.1,61,0.0,627.1,96.5,0
2026-05-10,NODE-023,Jasola Apollo Hospital Area,South Delhi Zone 4,500,20000,6,5,1,0,0,,0,31.1,61,0.0,334.0,66.8,0
2026-05-10,NODE-024,Alaknanda Market Community Bins,South Delhi Zone 4,480,27000,6,5,1,0,0,,0,31.1,61,0.0,359.0,74.8,0
2026-05-10,NODE-025,Pul Prehladpur Cluster,South Delhi Zone 4,700,39000,6,5,1,0,0,,0,31.1,61,0.0,629.1,89.9,0
2026-05-11,NODE-001,Lajpat Nagar Market Bin Cluster,South Delhi Zone 3,800,38000,0,5,0,1,0,,0,28.7,50,0.0,565.6,70.7,0
2026-05-11,NODE-002,Sarojini Nagar Community Bins,South Delhi Zone 3,600,32000,0,5,0,1,0,,0,28.7,50,0.0,454.6,75.8,0
2026-05-11,NODE-003,INA Colony Street Cluster,South Delhi Zone 3,400,25000,0,5,0,1,0,,0,28.7,50,0.0,264.1,66.0,0
2026-05-11,NODE-004,Nehru Place Commercial Hub,South Delhi Zone 3,1200,45000,0,5,0,1,0,,0,28.7,50,0.0,1055.8,88.0,0
2026-05-11,NODE-005,Greater Kailash Block N,South Delhi Zone 3,500,20000,0,5,0,1,0,,0,28.7,50,0.0,291.9,58.4,0
2026-05-11,NODE-006,Defence Colony Main Road,South Delhi Zone 3,600,22000,0,5,0,1,0,,0,28.7,50,0.0,350.6,58.4,0
2026-05-11,NODE-007,CR Park Bengali Colony,South Delhi Zone 3,500,28000,0,5,0,1,0,,0,28.7,50,0.0,357.4,71.5,0
2026-05-11,NODE-008,Jangpura Extension Market,South Delhi Zone 3,450,30000,0,5,0,1,0,,0,28.7,50,0.0,334.0,74.2,0
2026-05-11,NODE-009,Bhogal Vegetable Market,South Delhi Zone 3,700,40000,0,5,0,1,0,,0,28.7,50,0.0,530.2,75.7,0
2026-05-11,NODE-010,Andrews Ganj Colony,South Delhi Zone 3,350,18000,0,5,0,1,0,,0,28.7,50,0.0,204.8,58.5,0
2026-05-11,NODE-011,Moolchand Market Cluster,South Delhi Zone 3,550,26000,0,5,0,1,0,,0,28.7,50,0.0,343.3,62.4,0
2026-05-11,NODE-012,Sidhartha Nagar Bins,South Delhi Zone 3,400,35000,0,5,0,1,0,,0,28.7,50,0.0,316.9,79.2,0
2026-05-11,NODE-013,Kotla Mubarakpur Street,South Delhi Zone 3,480,33000,0,5,0,1,0,,0,28.7,50,0.0,335.9,70.0,0
2026-05-11,NODE-014,Malviya Nagar Main Market,South Delhi Zone 4,700,30000,0,5,0,1,0,,0,28.7,50,0.0,487.1,69.6,0
2026-05-11,NODE-015,Okhla Phase 1 Industrial Area,South Delhi Zone 4,1500,15000,0,5,0,1,0,,0,28.7,50,0.0,797.6,53.2,0
2026-05-11,NODE-016,Hauz Khas Village Cluster,South Delhi Zone 4,450,18000,0,5,0,1,0,,0,28.7,50,0.0,283.9,63.1,0
2026-05-11,NODE-017,Saket Select Citywalk Area,South Delhi Zone 4,900,25000,0,5,0,1,0,,0,28.7,50,0.0,554.2,61.6,0
2026-05-11,NODE-018,Sheikh Sarai Phase 2,South Delhi Zone 4,400,22000,0,5,0,1,0,,0,28.7,50,0.0,249.4,62.4,0
2026-05-11,NODE-019,Kalkaji Main Road Bins,South Delhi Zone 4,600,36000,0,5,0,1,0,,0,28.7,50,0.0,461.0,76.8,0
2026-05-11,NODE-020,Govindpuri Market Cluster,South Delhi Zone 4,550,42000,0,5,0,1,0,,0,28.7,50,0.0,456.7,83.0,0
2026-05-11,NODE-021,Sangam Vihar Block A,South Delhi Zone 4,800,48000,0,5,0,1,0,,0,28.7,50,0.0,707.1,88.4,0
2026-05-11,NODE-022,Madanpur Khadar Bins,South Delhi Zone 4,650,44000,0,5,0,1,0,,0,28.7,50,0.0,523.8,80.6,0
2026-05-11,NODE-023,Jasola Apollo Hospital Area,South Delhi Zone 4,500,20000,0,5,0,1,0,,0,28.7,50,0.0,317.4,63.5,0
2026-05-11,NODE-024,Alaknanda Market Community Bins,South Delhi Zone 4,480,27000,0,5,0,1,0,,0,28.7,50,0.0,304.3,63.4,0
2026-05-11,NODE-025,Pul Prehladpur Cluster,South Delhi Zone 4,700,39000,0,5,0,1,0,,0,28.7,50,0.0,534.2,76.3,0
2026-05-12,NODE-001,Lajpat Nagar Market Bin Cluster,South Delhi Zone 3,800,38000,1,5,0,0,0,,0,26.9,48,0.0,583.6,73.0,0
2026-05-12,NODE-002,Sarojini Nagar Community Bins,South Delhi Zone 3,600,32000,1,5,0,0,0,,0,26.9,48,0.0,368.1,61.4,0
2026-05-12,NODE-003,INA Colony Street Cluster,South Delhi Zone 3,400,25000,1,5,0,0,0,,0,26.9,48,0.0,240.1,60.0,0
2026-05-12,NODE-004,Nehru Place Commercial Hub,South Delhi Zone 3,1200,45000,1,5,0,0,0,,0,26.9,48,0.0,842.1,70.2,0
2026-05-12,NODE-005,Greater Kailash Block N,South Delhi Zone 3,500,20000,1,5,0,0,0,,0,26.9,48,0.0,269.8,54.0,0
2026-05-12,NODE-006,Defence Colony Main Road,South Delhi Zone 3,600,22000,1,5,0,0,0,,0,26.9,48,0.0,321.6,53.6,0
2026-05-12,NODE-007,CR Park Bengali Colony,South Delhi Zone 3,500,28000,1,5,0,0,0,,0,26.9,48,0.0,296.1,59.2,0
2026-05-12,NODE-008,Jangpura Extension Market,South Delhi Zone 3,450,30000,1,5,0,0,0,,0,26.9,48,0.0,300.8,66.8,0
2026-05-12,NODE-009,Bhogal Vegetable Market,South Delhi Zone 3,700,40000,1,5,0,0,0,,0,26.9,48,0.0,477.5,68.2,0
2026-05-12,NODE-010,Andrews Ganj Colony,South Delhi Zone 3,350,18000,1,5,0,0,0,,0,26.9,48,0.0,197.1,56.3,0
2026-05-12,NODE-011,Moolchand Market Cluster,South Delhi Zone 3,550,26000,1,5,0,0,0,,0,26.9,48,0.0,332.1,60.4,0
2026-05-12,NODE-012,Sidhartha Nagar Bins,South Delhi Zone 3,400,35000,1,5,0,0,0,,0,26.9,48,0.0,245.0,61.2,0
2026-05-12,NODE-013,Kotla Mubarakpur Street,South Delhi Zone 3,480,33000,1,5,0,0,0,,0,26.9,48,0.0,297.8,62.0,0
2026-05-12,NODE-014,Malviya Nagar Main Market,South Delhi Zone 4,700,30000,1,5,0,0,0,,0,26.9,48,0.0,467.0,66.7,0
2026-05-12,NODE-015,Okhla Phase 1 Industrial Area,South Delhi Zone 4,1500,15000,1,5,0,0,0,,0,26.9,48,0.0,814.1,54.3,0
2026-05-12,NODE-016,Hauz Khas Village Cluster,South Delhi Zone 4,450,18000,1,5,0,0,0,,0,26.9,48,0.0,250.5,55.7,0
2026-05-12,NODE-017,Saket Select Citywalk Area,South Delhi Zone 4,900,25000,1,5,0,0,0,,0,26.9,48,0.0,490.0,54.4,0
2026-05-12,NODE-018,Sheikh Sarai Phase 2,South Delhi Zone 4,400,22000,1,5,0,0,0,,0,26.9,48,0.0,213.6,53.4,0
2026-05-12,NODE-019,Kalkaji Main Road Bins,South Delhi Zone 4,600,36000,1,5,0,0,0,,0,26.9,48,0.0,408.8,68.1,0
2026-05-12,NODE-020,Govindpuri Market Cluster,South Delhi Zone 4,550,42000,1,5,0,0,0,,0,26.9,48,0.0,421.2,76.6,0
2026-05-12,NODE-021,Sangam Vihar Block A,South Delhi Zone 4,800,48000,1,5,0,0,0,,0,26.9,48,0.0,545.7,68.2,0
2026-05-12,NODE-022,Madanpur Khadar Bins,South Delhi Zone 4,650,44000,1,5,0,0,0,,0,26.9,48,0.0,460.2,70.8,0
2026-05-12,NODE-023,Jasola Apollo Hospital Area,South Delhi Zone 4,500,20000,1,5,0,0,0,,0,26.9,48,0.0,293.5,58.7,0
2026-05-12,NODE-024,Alaknanda Market Community Bins,South Delhi Zone 4,480,27000,1,5,0,0,0,,0,26.9,48,0.0,300.1,62.5,0
2026-05-12,NODE-025,Pul Prehladpur Cluster,South Delhi Zone 4,700,39000,1,5,0,0,0,,0,26.9,48,0.0,459.7,65.7,0
2026-05-13,NODE-001,Lajpat Nagar Market Bin Cluster,South Delhi Zone 3,800,38000,2,5,0,0,0,,1,27.5,53,0.0,520.5,65.1,0
2026-05-13,NODE-002,Sarojini Nagar Community Bins,South Delhi Zone 3,600,32000,2,5,0,0,0,,1,27.5,53,0.0,404.1,67.4,0
2026-05-13,NODE-003,INA Colony Street Cluster,South Delhi Zone 3,400,25000,2,5,0,0,0,,1,27.5,53,0.0,226.6,56.7,0
2026-05-13,NODE-004,Nehru Place Commercial Hub,South Delhi Zone 3,1200,45000,2,5,0,0,0,,1,27.5,53,0.0,832.3,69.4,0
2026-05-13,NODE-005,Greater Kailash Block N,South Delhi Zone 3,500,20000,2,5,0,0,0,,1,27.5,53,0.0,289.7,57.9,0
2026-05-13,NODE-006,Defence Colony Main Road,South Delhi Zone 3,600,22000,2,5,0,0,0,,1,27.5,53,0.0,309.1,51.5,0
2026-05-13,NODE-007,CR Park Bengali Colony,South Delhi Zone 3,500,28000,2,5,0,0,0,,1,27.5,53,0.0,320.1,64.0,0
2026-05-13,NODE-008,Jangpura Extension Market,South Delhi Zone 3,450,30000,2,5,0,0,0,,1,27.5,53,0.0,263.4,58.5,0
2026-05-13,NODE-009,Bhogal Vegetable Market,South Delhi Zone 3,700,40000,2,5,0,0,0,,1,27.5,53,0.0,458.9,65.6,0
2026-05-13,NODE-010,Andrews Ganj Colony,South Delhi Zone 3,350,18000,2,5,0,0,0,,1,27.5,53,0.0,177.8,50.8,0
2026-05-13,NODE-011,Moolchand Market Cluster,South Delhi Zone 3,550,26000,2,5,0,0,0,,1,27.5,53,0.0,307.7,55.9,0
2026-05-13,NODE-012,Sidhartha Nagar Bins,South Delhi Zone 3,400,35000,2,5,0,0,0,,1,27.5,53,0.0,270.3,67.6,0
2026-05-13,NODE-013,Kotla Mubarakpur Street,South Delhi Zone 3,480,33000,2,5,0,0,0,,1,27.5,53,0.0,285.5,59.5,0
2026-05-13,NODE-014,Malviya Nagar Main Market,South Delhi Zone 4,700,30000,2,5,0,0,0,,1,27.5,53,0.0,400.7,57.2,0
2026-05-13,NODE-015,Okhla Phase 1 Industrial Area,South Delhi Zone 4,1500,15000,2,5,0,0,0,,1,27.5,53,0.0,794.7,53.0,0
2026-05-13,NODE-016,Hauz Khas Village Cluster,South Delhi Zone 4,450,18000,2,5,0,0,0,,1,27.5,53,0.0,228.2,50.7,0
2026-05-13,NODE-017,Saket Select Citywalk Area,South Delhi Zone 4,900,25000,2,5,0,0,0,,1,27.5,53,0.0,509.5,56.6,0
2026-05-13,NODE-018,Sheikh Sarai Phase 2,South Delhi Zone 4,400,22000,2,5,0,0,0,,1,27.5,53,0.0,212.2,53.1,0
2026-05-13,NODE-019,Kalkaji Main Road Bins,South Delhi Zone 4,600,36000,2,5,0,0,0,,1,27.5,53,0.0,371.2,61.9,0
2026-05-13,NODE-020,Govindpuri Market Cluster,South Delhi Zone 4,550,42000,2,5,0,0,0,,1,27.5,53,0.0,406.8,74.0,0
2026-05-13,NODE-021,Sangam Vihar Block A,South Delhi Zone 4,800,48000,2,5,0,0,0,,1,27.5,53,0.0,590.5,73.8,0
2026-05-13,NODE-022,Madanpur Khadar Bins,South Delhi Zone 4,650,44000,2,5,0,0,0,,1,27.5,53,0.0,491.4,75.6,0
2026-05-13,NODE-023,Jasola Apollo Hospital Area,South Delhi Zone 4,500,20000,2,5,0,0,0,,1,27.5,53,0.0,271.2,54.2,0
2026-05-13,NODE-024,Alaknanda Market Community Bins,South Delhi Zone 4,480,27000,2,5,0,0,0,,1,27.5,53,0.0,299.7,62.4,0
2026-05-13,NODE-025,Pul Prehladpur Cluster,South Delhi Zone 4,700,39000,2,5,0,0,0,,1,27.5,53,0.0,483.5,69.1,0
2026-05-14,NODE-001,Lajpat Nagar Market Bin Cluster,South Delhi Zone 3,800,38000,3,5,0,0,0,,0,27.0,65,0.0,555.4,69.4,0
2026-05-14,NODE-002,Sarojini Nagar Community Bins,South Delhi Zone 3,600,32000,3,5,0,0,0,,0,27.0,65,0.0,395.4,65.9,0
2026-05-14,NODE-003,INA Colony Street Cluster,South Delhi Zone 3,400,25000,3,5,0,0,0,,0,27.0,65,0.0,248.3,62.1,0
2026-05-14,NODE-004,Nehru Place Commercial Hub,South Delhi Zone 3,1200,45000,3,5,0,0,0,,0,27.0,65,0.0,904.4,75.4,0
2026-05-14,NODE-005,Greater Kailash Block N,South Delhi Zone 3,500,20000,3,5,0,0,0,,0,27.0,65,0.0,263.6,52.7,0
2026-05-14,NODE-006,Defence Colony Main Road,South Delhi Zone 3,600,22000,3,5,0,0,0,,0,27.0,65,0.0,343.5,57.3,0
2026-05-14,NODE-007,CR Park Bengali Colony,South Delhi Zone 3,500,28000,3,5,0,0,0,,0,27.0,65,0.0,280.0,56.0,0
2026-05-14,NODE-008,Jangpura Extension Market,South Delhi Zone 3,450,30000,3,5,0,0,0,,0,27.0,65,0.0,301.6,67.0,0
2026-05-14,NODE-009,Bhogal Vegetable Market,South Delhi Zone 3,700,40000,3,5,0,0,0,,0,27.0,65,0.0,514.9,73.6,0
2026-05-14,NODE-010,Andrews Ganj Colony,South Delhi Zone 3,350,18000,3,5,0,0,0,,0,27.0,65,0.0,183.0,52.3,0
2026-05-14,NODE-011,Moolchand Market Cluster,South Delhi Zone 3,550,26000,3,5,0,0,0,,0,27.0,65,0.0,304.2,55.3,0
2026-05-14,NODE-012,Sidhartha Nagar Bins,South Delhi Zone 3,400,35000,3,5,0,0,0,,0,27.0,65,0.0,272.5,68.1,0
2026-05-14,NODE-013,Kotla Mubarakpur Street,South Delhi Zone 3,480,33000,3,5,0,0,0,,0,27.0,65,0.0,306.1,63.8,0
2026-05-14,NODE-014,Malviya Nagar Main Market,South Delhi Zone 4,700,30000,3,5,0,0,0,,0,27.0,65,0.0,462.2,66.0,0
2026-05-14,NODE-015,Okhla Phase 1 Industrial Area,South Delhi Zone 4,1500,15000,3,5,0,0,0,,0,27.0,65,0.0,737.9,49.2,0
2026-05-14,NODE-016,Hauz Khas Village Cluster,South Delhi Zone 4,450,18000,3,5,0,0,0,,0,27.0,65,0.0,224.7,49.9,0
2026-05-14,NODE-017,Saket Select Citywalk Area,South Delhi Zone 4,900,25000,3,5,0,0,0,,0,27.0,65,0.0,492.9,54.8,0
2026-05-14,NODE-018,Sheikh Sarai Phase 2,South Delhi Zone 4,400,22000,3,5,0,0,0,,0,27.0,65,0.0,228.3,57.1,0
2026-05-14,NODE-019,Kalkaji Main Road Bins,South Delhi Zone 4,600,36000,3,5,0,0,0,,0,27.0,65,0.0,405.3,67.6,0
2026-05-14,NODE-020,Govindpuri Market Cluster,South Delhi Zone 4,550,42000,3,5,0,0,0,,0,27.0,65,0.0,405.0,73.6,0
2026-05-14,NODE-021,Sangam Vihar Block A,South Delhi Zone 4,800,48000,3,5,0,0,0,,0,27.0,65,0.0,576.8,72.1,0
2026-05-14,NODE-022,Madanpur Khadar Bins,South Delhi Zone 4,650,44000,3,5,0,0,0,,0,27.0,65,0.0,480.2,73.9,0
2026-05-14,NODE-023,Jasola Apollo Hospital Area,South Delhi Zone 4,500,20000,3,5,0,0,0,,0,27.0,65,0.0,263.3,52.7,0
2026-05-14,NODE-024,Alaknanda Market Community Bins,South Delhi Zone 4,480,27000,3,5,0,0,0,,0,27.0,65,0.0,287.2,59.8,0
2026-05-14,NODE-025,Pul Prehladpur Cluster,South Delhi Zone 4,700,39000,3,5,0,0,0,,0,27.0,65,0.0,477.1,68.2,0
2026-05-15,NODE-001,Lajpat Nagar Market Bin Cluster,South Delhi Zone 3,800,38000,4,5,0,0,0,,1,23.1,55,0.0,558.5,69.8,0
2026-05-15,NODE-002,Sarojini Nagar Community Bins,South Delhi Zone 3,600,32000,4,5,0,0,0,,1,23.1,55,0.0,398.0,66.3,0
2026-05-15,NODE-003,INA Colony Street Cluster,South Delhi Zone 3,400,25000,4,5,0,0,0,,1,23.1,55,0.0,241.3,60.3,0
2026-05-15,NODE-004,Nehru Place Commercial Hub,South Delhi Zone 3,1200,45000,4,5,0,0,0,,1,23.1,55,0.0,841.8,70.1,0
2026-05-15,NODE-005,Greater Kailash Block N,South Delhi Zone 3,500,20000,4,5,0,0,0,,1,23.1,55,0.0,270.1,54.0,0
2026-05-15,NODE-006,Defence Colony Main Road,South Delhi Zone 3,600,22000,4,5,0,0,0,,1,23.1,55,0.0,321.2,53.5,0
2026-05-15,NODE-007,CR Park Bengali Colony,South Delhi Zone 3,500,28000,4,5,0,0,0,,1,23.1,55,0.0,294.9,59.0,0
2026-05-15,NODE-008,Jangpura Extension Market,South Delhi Zone 3,450,30000,4,5,0,0,0,,1,23.1,55,0.0,277.2,61.6,0
2026-05-15,NODE-009,Bhogal Vegetable Market,South Delhi Zone 3,700,40000,4,5,0,0,0,,1,23.1,55,0.0,481.3,68.8,0
2026-05-15,NODE-010,Andrews Ganj Colony,South Delhi Zone 3,350,18000,4,5,0,0,0,,1,23.1,55,0.0,173.2,49.5,0
2026-05-15,NODE-011,Moolchand Market Cluster,South Delhi Zone 3,550,26000,4,5,0,0,0,,1,23.1,55,0.0,320.8,58.3,0
2026-05-15,NODE-012,Sidhartha Nagar Bins,South Delhi Zone 3,400,35000,4,5,0,0,0,,1,23.1,55,0.0,270.5,67.6,0
2026-05-15,NODE-013,Kotla Mubarakpur Street,South Delhi Zone 3,480,33000,4,5,0,0,0,,1,23.1,55,0.0,302.7,63.1,0
2026-05-15,NODE-014,Malviya Nagar Main Market,South Delhi Zone 4,700,30000,4,5,0,0,0,,1,23.1,55,0.0,410.3,58.6,0
2026-05-15,NODE-015,Okhla Phase 1 Industrial Area,South Delhi Zone 4,1500,15000,4,5,0,0,0,,1,23.1,55,0.0,810.9,54.1,0
2026-05-15,NODE-016,Hauz Khas Village Cluster,South Delhi Zone 4,450,18000,4,5,0,0,0,,1,23.1,55,0.0,221.6,49.3,0
2026-05-15,NODE-017,Saket Select Citywalk Area,South Delhi Zone 4,900,25000,4,5,0,0,0,,1,23.1,55,0.0,552.1,61.3,0
2026-05-15,NODE-018,Sheikh Sarai Phase 2,South Delhi Zone 4,400,22000,4,5,0,0,0,,1,23.1,55,0.0,209.3,52.3,0
2026-05-15,NODE-019,Kalkaji Main Road Bins,South Delhi Zone 4,600,36000,4,5,0,0,0,,1,23.1,55,0.0,374.0,62.3,0
2026-05-15,NODE-020,Govindpuri Market Cluster,South Delhi Zone 4,550,42000,4,5,0,0,0,,1,23.1,55,0.0,406.6,73.9,0
2026-05-15,NODE-021,Sangam Vihar Block A,South Delhi Zone 4,800,48000,4,5,0,0,0,,1,23.1,55,0.0,617.3,77.2,0
2026-05-15,NODE-022,Madanpur Khadar Bins,South Delhi Zone 4,650,44000,4,5,0,0,0,,1,23.1,55,0.0,477.1,73.4,0
2026-05-15,NODE-023,Jasola Apollo Hospital Area,South Delhi Zone 4,500,20000,4,5,0,0,0,,1,23.1,55,0.0,276.0,55.2,0
2026-05-15,NODE-024,Alaknanda Market Community Bins,South Delhi Zone 4,480,27000,4,5,0,0,0,,1,23.1,55,0.0,289.8,60.4,0
2026-05-15,NODE-025,Pul Prehladpur Cluster,South Delhi Zone 4,700,39000,4,5,0,0,0,,1,23.1,55,0.0,469.3,67.0,0
2026-05-16,NODE-001,Lajpat Nagar Market Bin Cluster,South Delhi Zone 3,800,38000,5,5,1,0,0,,0,25.5,56,0.0,744.6,93.1,0
2026-05-16,NODE-002,Sarojini Nagar Community Bins,South Delhi Zone 3,600,32000,5,5,1,0,0,,0,25.5,56,0.0,480.7,80.1,0
2026-05-16,NODE-003,INA Colony Street Cluster,South Delhi Zone 3,400,25000,5,5,1,0,0,,0,25.5,56,0.0,317.0,79.2,0
2026-05-16,NODE-004,Nehru Place Commercial Hub,South Delhi Zone 3,1200,45000,5,5,1,0,0,,0,25.5,56,0.0,1044.3,87.0,0
2026-05-16,NODE-005,Greater Kailash Block N,South Delhi Zone 3,500,20000,5,5,1,0,0,,0,25.5,56,0.0,335.4,67.1,0
2026-05-16,NODE-006,Defence Colony Main Road,South Delhi Zone 3,600,22000,5,5,1,0,0,,0,25.5,56,0.0,415.5,69.2,0
2026-05-16,NODE-007,CR Park Bengali Colony,South Delhi Zone 3,500,28000,5,5,1,0,0,,0,25.5,56,0.0,361.6,72.3,0
2026-05-16,NODE-008,Jangpura Extension Market,South Delhi Zone 3,450,30000,5,5,1,0,0,,0,25.5,56,0.0,356.7,79.3,0
2026-05-16,NODE-009,Bhogal Vegetable Market,South Delhi Zone 3,700,40000,5,5,1,0,0,,0,25.5,56,0.0,587.8,84.0,0
2026-05-16,NODE-010,Andrews Ganj Colony,South Delhi Zone 3,350,18000,5,5,1,0,0,,0,25.5,56,0.0,235.6,67.3,0
2026-05-16,NODE-011,Moolchand Market Cluster,South Delhi Zone 3,550,26000,5,5,1,0,0,,0,25.5,56,0.0,437.0,79.5,0
2026-05-16,NODE-012,Sidhartha Nagar Bins,South Delhi Zone 3,400,35000,5,5,1,0,0,,0,25.5,56,0.0,328.1,82.0,0
2026-05-16,NODE-013,Kotla Mubarakpur Street,South Delhi Zone 3,480,33000,5,5,1,0,0,,0,25.5,56,0.0,397.5,82.8,0
2026-05-16,NODE-014,Malviya Nagar Main Market,South Delhi Zone 4,700,30000,5,5,1,0,0,,0,25.5,56,0.0,520.0,74.3,0
2026-05-16,NODE-015,Okhla Phase 1 Industrial Area,South Delhi Zone 4,1500,15000,5,5,1,0,0,,0,25.5,56,0.0,934.4,62.3,0
2026-05-16,NODE-016,Hauz Khas Village Cluster,South Delhi Zone 4,450,18000,5,5,1,0,0,,0,25.5,56,0.0,290.4,64.5,0
2026-05-16,NODE-017,Saket Select Citywalk Area,South Delhi Zone 4,900,25000,5,5,1,0,0,,0,25.5,56,0.0,661.2,73.5,0
2026-05-16,NODE-018,Sheikh Sarai Phase 2,South Delhi Zone 4,400,22000,5,5,1,0,0,,0,25.5,56,0.0,288.3,72.1,0
2026-05-16,NODE-019,Kalkaji Main Road Bins,South Delhi Zone 4,600,36000,5,5,1,0,0,,0,25.5,56,0.0,531.8,88.6,0
2026-05-16,NODE-020,Govindpuri Market Cluster,South Delhi Zone 4,550,42000,5,5,1,0,0,,0,25.5,56,0.0,509.3,92.6,0
2026-05-16,NODE-021,Sangam Vihar Block A,South Delhi Zone 4,800,48000,5,5,1,0,0,,0,25.5,56,0.0,771.0,96.4,0
2026-05-16,NODE-022,Madanpur Khadar Bins,South Delhi Zone 4,650,44000,5,5,1,0,0,,0,25.5,56,0.0,608.5,93.6,0
2026-05-16,NODE-023,Jasola Apollo Hospital Area,South Delhi Zone 4,500,20000,5,5,1,0,0,,0,25.5,56,0.0,353.3,70.7,0
2026-05-16,NODE-024,Alaknanda Market Community Bins,South Delhi Zone 4,480,27000,5,5,1,0,0,,0,25.5,56,0.0,375.2,78.2,0
2026-05-16,NODE-025,Pul Prehladpur Cluster,South Delhi Zone 4,700,39000,5,5,1,0,0,,0,25.5,56,0.0,634.5,90.6,0
2026-05-17,NODE-001,Lajpat Nagar Market Bin Cluster,South Delhi Zone 3,800,38000,6,5,1,0,0,,0,24.7,59,0.0,674.3,84.3,0
2026-05-17,NODE-002,Sarojini Nagar Community Bins,South Delhi Zone 3,600,32000,6,5,1,0,0,,0,24.7,59,0.0,474.2,79.0,0
2026-05-17,NODE-003,INA Colony Street Cluster,South Delhi Zone 3,400,25000,6,5,1,0,0,,0,24.7,59,0.0,273.7,68.4,0
2026-05-17,NODE-004,Nehru Place Commercial Hub,South Delhi Zone 3,1200,45000,6,5,1,0,0,,0,24.7,59,0.0,1191.6,99.3,1
2026-05-17,NODE-005,Greater Kailash Block N,South Delhi Zone 3,500,20000,6,5,1,0,0,,0,24.7,59,0.0,350.9,70.2,0
2026-05-17,NODE-006,Defence Colony Main Road,South Delhi Zone 3,600,22000,6,5,1,0,0,,0,24.7,59,0.0,421.5,70.3,0
2026-05-17,NODE-007,CR Park Bengali Colony,South Delhi Zone 3,500,28000,6,5,1,0,0,,0,24.7,59,0.0,364.0,72.8,0
2026-05-17,NODE-008,Jangpura Extension Market,South Delhi Zone 3,450,30000,6,5,1,0,0,,0,24.7,59,0.0,363.8,80.9,0
2026-05-17,NODE-009,Bhogal Vegetable Market,South Delhi Zone 3,700,40000,6,5,1,0,0,,0,24.7,59,0.0,575.5,82.2,0
2026-05-17,NODE-010,Andrews Ganj Colony,South Delhi Zone 3,350,18000,6,5,1,0,0,,0,24.7,59,0.0,245.6,70.2,0
2026-05-17,NODE-011,Moolchand Market Cluster,South Delhi Zone 3,550,26000,6,5,1,0,0,,0,24.7,59,0.0,395.2,71.8,0
2026-05-17,NODE-012,Sidhartha Nagar Bins,South Delhi Zone 3,400,35000,6,5,1,0,0,,0,24.7,59,0.0,331.8,82.9,0
2026-05-17,NODE-013,Kotla Mubarakpur Street,South Delhi Zone 3,480,33000,6,5,1,0,0,,0,24.7,59,0.0,384.0,80.0,0
2026-05-17,NODE-014,Malviya Nagar Main Market,South Delhi Zone 4,700,30000,6,5,1,0,0,,0,24.7,59,0.0,542.6,77.5,0
2026-05-17,NODE-015,Okhla Phase 1 Industrial Area,South Delhi Zone 4,1500,15000,6,5,1,0,0,,0,24.7,59,0.0,1003.1,66.9,0
2026-05-17,NODE-016,Hauz Khas Village Cluster,South Delhi Zone 4,450,18000,6,5,1,0,0,,0,24.7,59,0.0,317.2,70.5,0
2026-05-17,NODE-017,Saket Select Citywalk Area,South Delhi Zone 4,900,25000,6,5,1,0,0,,0,24.7,59,0.0,676.0,75.1,0
2026-05-17,NODE-018,Sheikh Sarai Phase 2,South Delhi Zone 4,400,22000,6,5,1,0,0,,0,24.7,59,0.0,266.6,66.6,0
2026-05-17,NODE-019,Kalkaji Main Road Bins,South Delhi Zone 4,600,36000,6,5,1,0,0,,0,24.7,59,0.0,473.5,78.9,0
2026-05-17,NODE-020,Govindpuri Market Cluster,South Delhi Zone 4,550,42000,6,5,1,0,0,,0,24.7,59,0.0,472.2,85.9,0
2026-05-17,NODE-021,Sangam Vihar Block A,South Delhi Zone 4,800,48000,6,5,1,0,0,,0,24.7,59,0.0,764.1,95.5,0
2026-05-17,NODE-022,Madanpur Khadar Bins,South Delhi Zone 4,650,44000,6,5,1,0,0,,0,24.7,59,0.0,619.8,95.4,0
2026-05-17,NODE-023,Jasola Apollo Hospital Area,South Delhi Zone 4,500,20000,6,5,1,0,0,,0,24.7,59,0.0,334.6,66.9,0
2026-05-17,NODE-024,Alaknanda Market Community Bins,South Delhi Zone 4,480,27000,6,5,1,0,0,,0,24.7,59,0.0,375.5,78.2,0
2026-05-17,NODE-025,Pul Prehladpur Cluster,South Delhi Zone 4,700,39000,6,5,1,0,0,,0,24.7,59,0.0,614.0,87.7,0
2026-05-18,NODE-001,Lajpat Nagar Market Bin Cluster,South Delhi Zone 3,800,38000,0,5,0,1,0,,0,24.7,59,0.0,613.3,76.7,0
2026-05-18,NODE-002,Sarojini Nagar Community Bins,South Delhi Zone 3,600,32000,0,5,0,1,0,,0,24.7,59,0.0,417.7,69.6,0
2026-05-18,NODE-003,INA Colony Street Cluster,South Delhi Zone 3,400,25000,0,5,0,1,0,,0,24.7,59,0.0,245.3,61.3,0
2026-05-18,NODE-004,Nehru Place Commercial Hub,South Delhi Zone 3,1200,45000,0,5,0,1,0,,0,24.7,59,0.0,1018.2,84.9,0
2026-05-18,NODE-005,Greater Kailash Block N,South Delhi Zone 3,500,20000,0,5,0,1,0,,0,24.7,59,0.0,310.1,62.0,0
2026-05-18,NODE-006,Defence Colony Main Road,South Delhi Zone 3,600,22000,0,5,0,1,0,,0,24.7,59,0.0,378.6,63.1,0
2026-05-18,NODE-007,CR Park Bengali Colony,South Delhi Zone 3,500,28000,0,5,0,1,0,,0,24.7,59,0.0,329.4,65.9,0
2026-05-18,NODE-008,Jangpura Extension Market,South Delhi Zone 3,450,30000,0,5,0,1,0,,0,24.7,59,0.0,299.5,66.6,0
2026-05-18,NODE-009,Bhogal Vegetable Market,South Delhi Zone 3,700,40000,0,5,0,1,0,,0,24.7,59,0.0,590.0,84.3,0
2026-05-18,NODE-010,Andrews Ganj Colony,South Delhi Zone 3,350,18000,0,5,0,1,0,,0,24.7,59,0.0,193.1,55.2,0
2026-05-18,NODE-011,Moolchand Market Cluster,South Delhi Zone 3,550,26000,0,5,0,1,0,,0,24.7,59,0.0,347.1,63.1,0
2026-05-18,NODE-012,Sidhartha Nagar Bins,South Delhi Zone 3,400,35000,0,5,0,1,0,,0,24.7,59,0.0,316.9,79.2,0
2026-05-18,NODE-013,Kotla Mubarakpur Street,South Delhi Zone 3,480,33000,0,5,0,1,0,,0,24.7,59,0.0,361.6,75.3,0
2026-05-18,NODE-014,Malviya Nagar Main Market,South Delhi Zone 4,700,30000,0,5,0,1,0,,0,24.7,59,0.0,508.3,72.6,0
2026-05-18,NODE-015,Okhla Phase 1 Industrial Area,South Delhi Zone 4,1500,15000,0,5,0,1,0,,0,24.7,59,0.0,823.8,54.9,0
2026-05-18,NODE-016,Hauz Khas Village Cluster,South Delhi Zone 4,450,18000,0,5,0,1,0,,0,24.7,59,0.0,251.0,55.8,0
2026-05-18,NODE-017,Saket Select Citywalk Area,South Delhi Zone 4,900,25000,0,5,0,1,0,,0,24.7,59,0.0,588.3,65.4,0
2026-05-18,NODE-018,Sheikh Sarai Phase 2,South Delhi Zone 4,400,22000,0,5,0,1,0,,0,24.7,59,0.0,248.5,62.1,0
2026-05-18,NODE-019,Kalkaji Main Road Bins,South Delhi Zone 4,600,36000,0,5,0,1,0,,0,24.7,59,0.0,422.2,70.4,0
2026-05-18,NODE-020,Govindpuri Market Cluster,South Delhi Zone 4,550,42000,0,5,0,1,0,,0,24.7,59,0.0,441.9,80.4,0
2026-05-18,NODE-021,Sangam Vihar Block A,South Delhi Zone 4,800,48000,0,5,0,1,0,,0,24.7,59,0.0,631.5,78.9,0
2026-05-18,NODE-022,Madanpur Khadar Bins,South Delhi Zone 4,650,44000,0,5,0,1,0,,0,24.7,59,0.0,535.7,82.4,0
2026-05-18,NODE-023,Jasola Apollo Hospital Area,South Delhi Zone 4,500,20000,0,5,0,1,0,,0,24.7,59,0.0,313.8,62.8,0
2026-05-18,NODE-024,Alaknanda Market Community Bins,South Delhi Zone 4,480,27000,0,5,0,1,0,,0,24.7,59,0.0,314.6,65.5,0
2026-05-18,NODE-025,Pul Prehladpur Cluster,South Delhi Zone 4,700,39000,0,5,0,1,0,,0,24.7,59,0.0,532.6,76.1,0
2026-05-19,NODE-001,Lajpat Nagar Market Bin Cluster,South Delhi Zone 3,800,38000,1,5,0,0,0,,1,26.4,49,0.0,582.1,72.8,0
2026-05-19,NODE-002,Sarojini Nagar Community Bins,South Delhi Zone 3,600,32000,1,5,0,0,0,,1,26.4,49,0.0,403.7,67.3,0
2026-05-19,NODE-003,INA Colony Street Cluster,South Delhi Zone 3,400,25000,1,5,0,0,0,,1,26.4,49,0.0,235.8,59.0,0
2026-05-19,NODE-004,Nehru Place Commercial Hub,South Delhi Zone 3,1200,45000,1,5,0,0,0,,1,26.4,49,0.0,892.4,74.4,0
2026-05-19,NODE-005,Greater Kailash Block N,South Delhi Zone 3,500,20000,1,5,0,0,0,,1,26.4,49,0.0,281.3,56.3,0
2026-05-19,NODE-006,Defence Colony Main Road,South Delhi Zone 3,600,22000,1,5,0,0,0,,1,26.4,49,0.0,331.4,55.2,0
2026-05-19,NODE-007,CR Park Bengali Colony,South Delhi Zone 3,500,28000,1,5,0,0,0,,1,26.4,49,0.0,284.1,56.8,0
2026-05-19,NODE-008,Jangpura Extension Market,South Delhi Zone 3,450,30000,1,5,0,0,0,,1,26.4,49,0.0,257.9,57.3,0
2026-05-19,NODE-009,Bhogal Vegetable Market,South Delhi Zone 3,700,40000,1,5,0,0,0,,1,26.4,49,0.0,474.1,67.7,0
2026-05-19,NODE-010,Andrews Ganj Colony,South Delhi Zone 3,350,18000,1,5,0,0,0,,1,26.4,49,0.0,194.1,55.5,0
2026-05-19,NODE-011,Moolchand Market Cluster,South Delhi Zone 3,550,26000,1,5,0,0,0,,1,26.4,49,0.0,330.7,60.1,0
2026-05-19,NODE-012,Sidhartha Nagar Bins,South Delhi Zone 3,400,35000,1,5,0,0,0,,1,26.4,49,0.0,277.5,69.4,0
2026-05-19,NODE-013,Kotla Mubarakpur Street,South Delhi Zone 3,480,33000,1,5,0,0,0,,1,26.4,49,0.0,329.6,68.7,0
2026-05-19,NODE-014,Malviya Nagar Main Market,South Delhi Zone 4,700,30000,1,5,0,0,0,,1,26.4,49,0.0,405.8,58.0,0
2026-05-19,NODE-015,Okhla Phase 1 Industrial Area,South Delhi Zone 4,1500,15000,1,5,0,0,0,,1,26.4,49,0.0,801.4,53.4,0
2026-05-19,NODE-016,Hauz Khas Village Cluster,South Delhi Zone 4,450,18000,1,5,0,0,0,,1,26.4,49,0.0,228.4,50.7,0
2026-05-19,NODE-017,Saket Select Citywalk Area,South Delhi Zone 4,900,25000,1,5,0,0,0,,1,26.4,49,0.0,531.8,59.1,0
2026-05-19,NODE-018,Sheikh Sarai Phase 2,South Delhi Zone 4,400,22000,1,5,0,0,0,,1,26.4,49,0.0,224.7,56.2,0
2026-05-19,NODE-019,Kalkaji Main Road Bins,South Delhi Zone 4,600,36000,1,5,0,0,0,,1,26.4,49,0.0,393.2,65.5,0
2026-05-19,NODE-020,Govindpuri Market Cluster,South Delhi Zone 4,550,42000,1,5,0,0,0,,1,26.4,49,0.0,379.8,69.1,0
2026-05-19,NODE-021,Sangam Vihar Block A,South Delhi Zone 4,800,48000,1,5,0,0,0,,1,26.4,49,0.0,572.9,71.6,0
2026-05-19,NODE-022,Madanpur Khadar Bins,South Delhi Zone 4,650,44000,1,5,0,0,0,,1,26.4,49,0.0,460.2,70.8,0
2026-05-19,NODE-023,Jasola Apollo Hospital Area,South Delhi Zone 4,500,20000,1,5,0,0,0,,1,26.4,49,0.0,257.8,51.6,0
2026-05-19,NODE-024,Alaknanda Market Community Bins,South Delhi Zone 4,480,27000,1,5,0,0,0,,1,26.4,49,0.0,287.4,59.9,0
2026-05-19,NODE-025,Pul Prehladpur Cluster,South Delhi Zone 4,700,39000,1,5,0,0,0,,1,26.4,49,0.0,452.7,64.7,0
2026-05-20,NODE-001,Lajpat Nagar Market Bin Cluster,South Delhi Zone 3,800,38000,2,5,0,0,0,,0,31.1,46,0.0,532.3,66.5,0
2026-05-20,NODE-002,Sarojini Nagar Community Bins,South Delhi Zone 3,600,32000,2,5,0,0,0,,0,31.1,46,0.0,409.5,68.3,0
2026-05-20,NODE-003,INA Colony Street Cluster,South Delhi Zone 3,400,25000,2,5,0,0,0,,0,31.1,46,0.0,238.4,59.6,0
2026-05-20,NODE-004,Nehru Place Commercial Hub,South Delhi Zone 3,1200,45000,2,5,0,0,0,,0,31.1,46,0.0,832.3,69.4,0
2026-05-20,NODE-005,Greater Kailash Block N,South Delhi Zone 3,500,20000,2,5,0,0,0,,0,31.1,46,0.0,254.9,51.0,0
2026-05-20,NODE-006,Defence Colony Main Road,South Delhi Zone 3,600,22000,2,5,0,0,0,,0,31.1,46,0.0,322.7,53.8,0
2026-05-20,NODE-007,CR Park Bengali Colony,South Delhi Zone 3,500,28000,2,5,0,0,0,,0,31.1,46,0.0,286.9,57.4,0
2026-05-20,NODE-008,Jangpura Extension Market,South Delhi Zone 3,450,30000,2,5,0,0,0,,0,31.1,46,0.0,263.8,58.6,0
2026-05-20,NODE-009,Bhogal Vegetable Market,South Delhi Zone 3,700,40000,2,5,0,0,0,,0,31.1,46,0.0,508.0,72.6,0
2026-05-20,NODE-010,Andrews Ganj Colony,South Delhi Zone 3,350,18000,2,5,0,0,0,,0,31.1,46,0.0,172.6,49.3,0
2026-05-20,NODE-011,Moolchand Market Cluster,South Delhi Zone 3,550,26000,2,5,0,0,0,,0,31.1,46,0.0,348.0,63.3,0
2026-05-20,NODE-012,Sidhartha Nagar Bins,South Delhi Zone 3,400,35000,2,5,0,0,0,,0,31.1,46,0.0,268.9,67.2,0
2026-05-20,NODE-013,Kotla Mubarakpur Street,South Delhi Zone 3,480,33000,2,5,0,0,0,,0,31.1,46,0.0,307.1,64.0,0
2026-05-20,NODE-014,Malviya Nagar Main Market,South Delhi Zone 4,700,30000,2,5,0,0,0,,0,31.1,46,0.0,438.9,62.7,0
2026-05-20,NODE-015,Okhla Phase 1 Industrial Area,South Delhi Zone 4,1500,15000,2,5,0,0,0,,0,31.1,46,0.0,769.2,51.3,0
2026-05-20,NODE-016,Hauz Khas Village Cluster,South Delhi Zone 4,450,18000,2,5,0,0,0,,0,31.1,46,0.0,245.0,54.5,0
2026-05-20,NODE-017,Saket Select Citywalk Area,South Delhi Zone 4,900,25000,2,5,0,0,0,,0,31.1,46,0.0,556.3,61.8,0
2026-05-20,NODE-018,Sheikh Sarai Phase 2,South Delhi Zone 4,400,22000,2,5,0,0,0,,0,31.1,46,0.0,229.0,57.2,0
2026-05-20,NODE-019,Kalkaji Main Road Bins,South Delhi Zone 4,600,36000,2,5,0,0,0,,0,31.1,46,0.0,431.0,71.8,0
2026-05-20,NODE-020,Govindpuri Market Cluster,South Delhi Zone 4,550,42000,2,5,0,0,0,,0,31.1,46,0.0,380.6,69.2,0
2026-05-20,NODE-021,Sangam Vihar Block A,South Delhi Zone 4,800,48000,2,5,0,0,0,,0,31.1,46,0.0,632.3,79.0,0
2026-05-20,NODE-022,Madanpur Khadar Bins,South Delhi Zone 4,650,44000,2,5,0,0,0,,0,31.1,46,0.0,458.9,70.6,0
2026-05-20,NODE-023,Jasola Apollo Hospital Area,South Delhi Zone 4,500,20000,2,5,0,0,0,,0,31.1,46,0.0,269.6,53.9,0
2026-05-20,NODE-024,Alaknanda Market Community Bins,South Delhi Zone 4,480,27000,2,5,0,0,0,,0,31.1,46,0.0,285.5,59.5,0
2026-05-20,NODE-025,Pul Prehladpur Cluster,South Delhi Zone 4,700,39000,2,5,0,0,0,,0,31.1,46,0.0,492.6,70.4,0
2026-05-21,NODE-001,Lajpat Nagar Market Bin Cluster,South Delhi Zone 3,800,38000,3,5,0,0,0,,1,27.9,46,0.0,546.0,68.2,0
2026-05-21,NODE-002,Sarojini Nagar Community Bins,South Delhi Zone 3,600,32000,3,5,0,0,0,,1,27.9,46,0.0,370.0,61.7,0
2026-05-21,NODE-003,INA Colony Street Cluster,South Delhi Zone 3,400,25000,3,5,0,0,0,,1,27.9,46,0.0,231.2,57.8,0
2026-05-21,NODE-004,Nehru Place Commercial Hub,South Delhi Zone 3,1200,45000,3,5,0,0,0,,1,27.9,46,0.0,819.5,68.3,0
2026-05-21,NODE-005,Greater Kailash Block N,South Delhi Zone 3,500,20000,3,5,0,0,0,,1,27.9,46,0.0,286.7,57.3,0
2026-05-21,NODE-006,Defence Colony Main Road,South Delhi Zone 3,600,22000,3,5,0,0,0,,1,27.9,46,0.0,313.1,52.2,0
2026-05-21,NODE-007,CR Park Bengali Colony,South Delhi Zone 3,500,28000,3,5,0,0,0,,1,27.9,46,0.0,320.4,64.1,0
2026-05-21,NODE-008,Jangpura Extension Market,South Delhi Zone 3,450,30000,3,5,0,0,0,,1,27.9,46,0.0,295.2,65.6,0
2026-05-21,NODE-009,Bhogal Vegetable Market,South Delhi Zone 3,700,40000,3,5,0,0,0,,1,27.9,46,0.0,496.8,71.0,0
2026-05-21,NODE-010,Andrews Ganj Colony,South Delhi Zone 3,350,18000,3,5,0,0,0,,1,27.9,46,0.0,185.4,53.0,0
2026-05-21,NODE-011,Moolchand Market Cluster,South Delhi Zone 3,550,26000,3,5,0,0,0,,1,27.9,46,0.0,322.7,58.7,0
2026-05-21,NODE-012,Sidhartha Nagar Bins,South Delhi Zone 3,400,35000,3,5,0,0,0,,1,27.9,46,0.0,265.8,66.5,0
2026-05-21,NODE-013,Kotla Mubarakpur Street,South Delhi Zone 3,480,33000,3,5,0,0,0,,1,27.9,46,0.0,323.3,67.4,0
2026-05-21,NODE-014,Malviya Nagar Main Market,South Delhi Zone 4,700,30000,3,5,0,0,0,,1,27.9,46,0.0,462.0,66.0,0
2026-05-21,NODE-015,Okhla Phase 1 Industrial Area,South Delhi Zone 4,1500,15000,3,5,0,0,0,,1,27.9,46,0.0,753.4,50.2,0
2026-05-21,NODE-016,Hauz Khas Village Cluster,South Delhi Zone 4,450,18000,3,5,0,0,0,,1,27.9,46,0.0,249.9,55.5,0
2026-05-21,NODE-017,Saket Select Citywalk Area,South Delhi Zone 4,900,25000,3,5,0,0,0,,1,27.9,46,0.0,537.0,59.7,0
2026-05-21,NODE-018,Sheikh Sarai Phase 2,South Delhi Zone 4,400,22000,3,5,0,0,0,,1,27.9,46,0.0,217.5,54.4,0
2026-05-21,NODE-019,Kalkaji Main Road Bins,South Delhi Zone 4,600,36000,3,5,0,0,0,,1,27.9,46,0.0,398.3,66.4,0
2026-05-21,NODE-020,Govindpuri Market Cluster,South Delhi Zone 4,550,42000,3,5,0,0,0,,1,27.9,46,0.0,369.8,67.2,0
2026-05-21,NODE-021,Sangam Vihar Block A,South Delhi Zone 4,800,48000,3,5,0,0,0,,1,27.9,46,0.0,546.8,68.3,0
2026-05-21,NODE-022,Madanpur Khadar Bins,South Delhi Zone 4,650,44000,3,5,0,0,0,,1,27.9,46,0.0,442.8,68.1,0
2026-05-21,NODE-023,Jasola Apollo Hospital Area,South Delhi Zone 4,500,20000,3,5,0,0,0,,1,27.9,46,0.0,289.6,57.9,0
2026-05-21,NODE-024,Alaknanda Market Community Bins,South Delhi Zone 4,480,27000,3,5,0,0,0,,1,27.9,46,0.0,279.8,58.3,0
2026-05-21,NODE-025,Pul Prehladpur Cluster,South Delhi Zone 4,700,39000,3,5,0,0,0,,1,27.9,46,0.0,499.0,71.3,0
2026-05-22,NODE-001,Lajpat Nagar Market Bin Cluster,South Delhi Zone 3,800,38000,4,5,0,0,0,,0,23.7,42,0.0,563.4,70.4,0
2026-05-22,NODE-002,Sarojini Nagar Community Bins,South Delhi Zone 3,600,32000,4,5,0,0,0,,0,23.7,42,0.0,411.5,68.6,0
2026-05-22,NODE-003,INA Colony Street Cluster,South Delhi Zone 3,400,25000,4,5,0,0,0,,0,23.7,42,0.0,233.9,58.5,0
2026-05-22,NODE-004,Nehru Place Commercial Hub,South Delhi Zone 3,1200,45000,4,5,0,0,0,,0,23.7,42,0.0,897.5,74.8,0
2026-05-22,NODE-005,Greater Kailash Block N,South Delhi Zone 3,500,20000,4,5,0,0,0,,0,23.7,42,0.0,266.3,53.3,0
2026-05-22,NODE-006,Defence Colony Main Road,South Delhi Zone 3,600,22000,4,5,0,0,0,,0,23.7,42,0.0,358.3,59.7,0
2026-05-22,NODE-007,CR Park Bengali Colony,South Delhi Zone 3,500,28000,4,5,0,0,0,,0,23.7,42,0.0,297.3,59.5,0
2026-05-22,NODE-008,Jangpura Extension Market,South Delhi Zone 3,450,30000,4,5,0,0,0,,0,23.7,42,0.0,291.6,64.8,0
2026-05-22,NODE-009,Bhogal Vegetable Market,South Delhi Zone 3,700,40000,4,5,0,0,0,,0,23.7,42,0.0,501.8,71.7,0
2026-05-22,NODE-010,Andrews Ganj Colony,South Delhi Zone 3,350,18000,4,5,0,0,0,,0,23.7,42,0.0,172.0,49.1,0
2026-05-22,NODE-011,Moolchand Market Cluster,South Delhi Zone 3,550,26000,4,5,0,0,0,,0,23.7,42,0.0,331.4,60.3,0
2026-05-22,NODE-012,Sidhartha Nagar Bins,South Delhi Zone 3,400,35000,4,5,0,0,0,,0,23.7,42,0.0,256.5,64.1,0
2026-05-22,NODE-013,Kotla Mubarakpur Street,South Delhi Zone 3,480,33000,4,5,0,0,0,,0,23.7,42,0.0,300.5,62.6,0
2026-05-22,NODE-014,Malviya Nagar Main Market,South Delhi Zone 4,700,30000,4,5,0,0,0,,0,23.7,42,0.0,438.5,62.6,0
2026-05-22,NODE-015,Okhla Phase 1 Industrial Area,South Delhi Zone 4,1500,15000,4,5,0,0,0,,0,23.7,42,0.0,745.7,49.7,0
2026-05-22,NODE-016,Hauz Khas Village Cluster,South Delhi Zone 4,450,18000,4,5,0,0,0,,0,23.7,42,0.0,228.7,50.8,0
2026-05-22,NODE-017,Saket Select Citywalk Area,South Delhi Zone 4,900,25000,4,5,0,0,0,,0,23.7,42,0.0,553.8,61.5,0
2026-05-22,NODE-018,Sheikh Sarai Phase 2,South Delhi Zone 4,400,22000,4,5,0,0,0,,0,23.7,42,0.0,240.5,60.1,0
2026-05-22,NODE-019,Kalkaji Main Road Bins,South Delhi Zone 4,600,36000,4,5,0,0,0,,0,23.7,42,0.0,406.4,67.7,0
2026-05-22,NODE-020,Govindpuri Market Cluster,South Delhi Zone 4,550,42000,4,5,0,0,0,,0,23.7,42,0.0,369.8,67.2,0
2026-05-22,NODE-021,Sangam Vihar Block A,South Delhi Zone 4,800,48000,4,5,0,0,0,,0,23.7,42,0.0,548.6,68.6,0
2026-05-22,NODE-022,Madanpur Khadar Bins,South Delhi Zone 4,650,44000,4,5,0,0,0,,0,23.7,42,0.0,485.2,74.6,0
2026-05-22,NODE-023,Jasola Apollo Hospital Area,South Delhi Zone 4,500,20000,4,5,0,0,0,,0,23.7,42,0.0,290.4,58.1,0
2026-05-22,NODE-024,Alaknanda Market Community Bins,South Delhi Zone 4,480,27000,4,5,0,0,0,,0,23.7,42,0.0,278.2,58.0,0
2026-05-22,NODE-025,Pul Prehladpur Cluster,South Delhi Zone 4,700,39000,4,5,0,0,0,,0,23.7,42,0.0,494.5,70.6,0
2026-05-23,NODE-001,Lajpat Nagar Market Bin Cluster,South Delhi Zone 3,800,38000,5,5,1,0,0,,0,23.3,57,0.0,744.3,93.0,0
2026-05-23,NODE-002,Sarojini Nagar Community Bins,South Delhi Zone 3,600,32000,5,5,1,0,0,,0,23.3,57,0.0,471.8,78.6,0
2026-05-23,NODE-003,INA Colony Street Cluster,South Delhi Zone 3,400,25000,5,5,1,0,0,,0,23.3,57,0.0,291.4,72.8,0
2026-05-23,NODE-004,Nehru Place Commercial Hub,South Delhi Zone 3,1200,45000,5,5,1,0,0,,0,23.3,57,0.0,1177.5,98.1,1
2026-05-23,NODE-005,Greater Kailash Block N,South Delhi Zone 3,500,20000,5,5,1,0,0,,0,23.3,57,0.0,364.6,72.9,0
2026-05-23,NODE-006,Defence Colony Main Road,South Delhi Zone 3,600,22000,5,5,1,0,0,,0,23.3,57,0.0,440.0,73.3,0
2026-05-23,NODE-007,CR Park Bengali Colony,South Delhi Zone 3,500,28000,5,5,1,0,0,,0,23.3,57,0.0,406.4,81.3,0
2026-05-23,NODE-008,Jangpura Extension Market,South Delhi Zone 3,450,30000,5,5,1,0,0,,0,23.3,57,0.0,369.9,82.2,0
2026-05-23,NODE-009,Bhogal Vegetable Market,South Delhi Zone 3,700,40000,5,5,1,0,0,,0,23.3,57,0.0,640.7,91.5,0
2026-05-23,NODE-010,Andrews Ganj Colony,South Delhi Zone 3,350,18000,5,5,1,0,0,,0,23.3,57,0.0,237.2,67.8,0
2026-05-23,NODE-011,Moolchand Market Cluster,South Delhi Zone 3,550,26000,5,5,1,0,0,,0,23.3,57,0.0,423.7,77.0,0
2026-05-23,NODE-012,Sidhartha Nagar Bins,South Delhi Zone 3,400,35000,5,5,1,0,0,,0,23.3,57,0.0,332.0,83.0,0
2026-05-23,NODE-013,Kotla Mubarakpur Street,South Delhi Zone 3,480,33000,5,5,1,0,0,,0,23.3,57,0.0,385.3,80.3,0
2026-05-23,NODE-014,Malviya Nagar Main Market,South Delhi Zone 4,700,30000,5,5,1,0,0,,0,23.3,57,0.0,542.0,77.4,0
2026-05-23,NODE-015,Okhla Phase 1 Industrial Area,South Delhi Zone 4,1500,15000,5,5,1,0,0,,0,23.3,57,0.0,919.2,61.3,0
2026-05-23,NODE-016,Hauz Khas Village Cluster,South Delhi Zone 4,450,18000,5,5,1,0,0,,0,23.3,57,0.0,289.9,64.4,0
2026-05-23,NODE-017,Saket Select Citywalk Area,South Delhi Zone 4,900,25000,5,5,1,0,0,,0,23.3,57,0.0,716.7,79.6,0
2026-05-23,NODE-018,Sheikh Sarai Phase 2,South Delhi Zone 4,400,22000,5,5,1,0,0,,0,23.3,57,0.0,284.9,71.2,0
2026-05-23,NODE-019,Kalkaji Main Road Bins,South Delhi Zone 4,600,36000,5,5,1,0,0,,0,23.3,57,0.0,487.7,81.3,0
2026-05-23,NODE-020,Govindpuri Market Cluster,South Delhi Zone 4,550,42000,5,5,1,0,0,,0,23.3,57,0.0,470.6,85.6,0
2026-05-23,NODE-021,Sangam Vihar Block A,South Delhi Zone 4,800,48000,5,5,1,0,0,,0,23.3,57,0.0,699.3,87.4,0
2026-05-23,NODE-022,Madanpur Khadar Bins,South Delhi Zone 4,650,44000,5,5,1,0,0,,0,23.3,57,0.0,636.3,97.9,0
2026-05-23,NODE-023,Jasola Apollo Hospital Area,South Delhi Zone 4,500,20000,5,5,1,0,0,,0,23.3,57,0.0,325.1,65.0,0
2026-05-23,NODE-024,Alaknanda Market Community Bins,South Delhi Zone 4,480,27000,5,5,1,0,0,,0,23.3,57,0.0,381.9,79.6,0
2026-05-23,NODE-025,Pul Prehladpur Cluster,South Delhi Zone 4,700,39000,5,5,1,0,0,,0,23.3,57,0.0,648.4,92.6,0
2026-05-24,NODE-001,Lajpat Nagar Market Bin Cluster,South Delhi Zone 3,800,38000,6,5,1,0,0,,1,22.4,45,0.0,737.4,92.2,0
2026-05-24,NODE-002,Sarojini Nagar Community Bins,South Delhi Zone 3,600,32000,6,5,1,0,0,,1,22.4,45,0.0,495.9,82.6,0
2026-05-24,NODE-003,INA Colony Street Cluster,South Delhi Zone 3,400,25000,6,5,1,0,0,,1,22.4,45,0.0,301.8,75.5,0
2026-05-24,NODE-004,Nehru Place Commercial Hub,South Delhi Zone 3,1200,45000,6,5,1,0,0,,1,22.4,45,0.0,1062.8,88.6,0
2026-05-24,NODE-005,Greater Kailash Block N,South Delhi Zone 3,500,20000,6,5,1,0,0,,1,22.4,45,0.0,329.5,65.9,0
2026-05-24,NODE-006,Defence Colony Main Road,South Delhi Zone 3,600,22000,6,5,1,0,0,,1,22.4,45,0.0,441.5,73.6,0
2026-05-24,NODE-007,CR Park Bengali Colony,South Delhi Zone 3,500,28000,6,5,1,0,0,,1,22.4,45,0.0,393.8,78.8,0
2026-05-24,NODE-008,Jangpura Extension Market,South Delhi Zone 3,450,30000,6,5,1,0,0,,1,22.4,45,0.0,379.2,84.3,0
2026-05-24,NODE-009,Bhogal Vegetable Market,South Delhi Zone 3,700,40000,6,5,1,0,0,,1,22.4,45,0.0,644.2,92.0,0
2026-05-24,NODE-010,Andrews Ganj Colony,South Delhi Zone 3,350,18000,6,5,1,0,0,,1,22.4,45,0.0,219.0,62.6,0
2026-05-24,NODE-011,Moolchand Market Cluster,South Delhi Zone 3,550,26000,6,5,1,0,0,,1,22.4,45,0.0,405.0,73.6,0
2026-05-24,NODE-012,Sidhartha Nagar Bins,South Delhi Zone 3,400,35000,6,5,1,0,0,,1,22.4,45,0.0,347.9,87.0,0
2026-05-24,NODE-013,Kotla Mubarakpur Street,South Delhi Zone 3,480,33000,6,5,1,0,0,,1,22.4,45,0.0,423.6,88.3,0
2026-05-24,NODE-014,Malviya Nagar Main Market,South Delhi Zone 4,700,30000,6,5,1,0,0,,1,22.4,45,0.0,564.0,80.6,0
2026-05-24,NODE-015,Okhla Phase 1 Industrial Area,South Delhi Zone 4,1500,15000,6,5,1,0,0,,1,22.4,45,0.0,1007.9,67.2,0
2026-05-24,NODE-016,Hauz Khas Village Cluster,South Delhi Zone 4,450,18000,6,5,1,0,0,,1,22.4,45,0.0,317.5,70.6,0
2026-05-24,NODE-017,Saket Select Citywalk Area,South Delhi Zone 4,900,25000,6,5,1,0,0,,1,22.4,45,0.0,640.3,71.1,0
2026-05-24,NODE-018,Sheikh Sarai Phase 2,South Delhi Zone 4,400,22000,6,5,1,0,0,,1,22.4,45,0.0,273.6,68.4,0
2026-05-24,NODE-019,Kalkaji Main Road Bins,South Delhi Zone 4,600,36000,6,5,1,0,0,,1,22.4,45,0.0,548.0,91.3,0
2026-05-24,NODE-020,Govindpuri Market Cluster,South Delhi Zone 4,550,42000,6,5,1,0,0,,1,22.4,45,0.0,522.3,95.0,0
2026-05-24,NODE-021,Sangam Vihar Block A,South Delhi Zone 4,800,48000,6,5,1,0,0,,1,22.4,45,0.0,798.5,99.8,1
2026-05-24,NODE-022,Madanpur Khadar Bins,South Delhi Zone 4,650,44000,6,5,1,0,0,,1,22.4,45,0.0,573.5,88.2,0
2026-05-24,NODE-023,Jasola Apollo Hospital Area,South Delhi Zone 4,500,20000,6,5,1,0,0,,1,22.4,45,0.0,357.1,71.4,0
2026-05-24,NODE-024,Alaknanda Market Community Bins,South Delhi Zone 4,480,27000,6,5,1,0,0,,1,22.4,45,0.0,370.1,77.1,0
2026-05-24,NODE-025,Pul Prehladpur Cluster,South Delhi Zone 4,700,39000,6,5,1,0,0,,1,22.4,45,0.0,609.6,87.1,0
2026-05-25,NODE-001,Lajpat Nagar Market Bin Cluster,South Delhi Zone 3,800,38000,0,5,0,1,0,,1,29.8,51,0.0,614.8,76.8,0
2026-05-25,NODE-002,Sarojini Nagar Community Bins,South Delhi Zone 3,600,32000,0,5,0,1,0,,1,29.8,51,0.0,460.2,76.7,0
2026-05-25,NODE-003,INA Colony Street Cluster,South Delhi Zone 3,400,25000,0,5,0,1,0,,1,29.8,51,0.0,274.8,68.7,0
2026-05-25,NODE-004,Nehru Place Commercial Hub,South Delhi Zone 3,1200,45000,0,5,0,1,0,,1,29.8,51,0.0,1037.7,86.5,0
2026-05-25,NODE-005,Greater Kailash Block N,South Delhi Zone 3,500,20000,0,5,0,1,0,,1,29.8,51,0.0,287.9,57.6,0
2026-05-25,NODE-006,Defence Colony Main Road,South Delhi Zone 3,600,22000,0,5,0,1,0,,1,29.8,51,0.0,361.9,60.3,0
2026-05-25,NODE-007,CR Park Bengali Colony,South Delhi Zone 3,500,28000,0,5,0,1,0,,1,29.8,51,0.0,347.5,69.5,0
2026-05-25,NODE-008,Jangpura Extension Market,South Delhi Zone 3,450,30000,0,5,0,1,0,,1,29.8,51,0.0,332.3,73.8,0
2026-05-25,NODE-009,Bhogal Vegetable Market,South Delhi Zone 3,700,40000,0,5,0,1,0,,1,29.8,51,0.0,552.3,78.9,0
2026-05-25,NODE-010,Andrews Ganj Colony,South Delhi Zone 3,350,18000,0,5,0,1,0,,1,29.8,51,0.0,194.7,55.6,0
2026-05-25,NODE-011,Moolchand Market Cluster,South Delhi Zone 3,550,26000,0,5,0,1,0,,1,29.8,51,0.0,384.5,69.9,0
2026-05-25,NODE-012,Sidhartha Nagar Bins,South Delhi Zone 3,400,35000,0,5,0,1,0,,1,29.8,51,0.0,312.4,78.1,0
2026-05-25,NODE-013,Kotla Mubarakpur Street,South Delhi Zone 3,480,33000,0,5,0,1,0,,1,29.8,51,0.0,334.8,69.7,0
2026-05-25,NODE-014,Malviya Nagar Main Market,South Delhi Zone 4,700,30000,0,5,0,1,0,,1,29.8,51,0.0,508.2,72.6,0
2026-05-25,NODE-015,Okhla Phase 1 Industrial Area,South Delhi Zone 4,1500,15000,0,5,0,1,0,,1,29.8,51,0.0,821.5,54.8,0
2026-05-25,NODE-016,Hauz Khas Village Cluster,South Delhi Zone 4,450,18000,0,5,0,1,0,,1,29.8,51,0.0,284.6,63.3,0
2026-05-25,NODE-017,Saket Select Citywalk Area,South Delhi Zone 4,900,25000,0,5,0,1,0,,1,29.8,51,0.0,555.3,61.7,0
2026-05-25,NODE-018,Sheikh Sarai Phase 2,South Delhi Zone 4,400,22000,0,5,0,1,0,,1,29.8,51,0.0,248.8,62.2,0
2026-05-25,NODE-019,Kalkaji Main Road Bins,South Delhi Zone 4,600,36000,0,5,0,1,0,,1,29.8,51,0.0,480.9,80.1,0
2026-05-25,NODE-020,Govindpuri Market Cluster,South Delhi Zone 4,550,42000,0,5,0,1,0,,1,29.8,51,0.0,420.1,76.4,0
2026-05-25,NODE-021,Sangam Vihar Block A,South Delhi Zone 4,800,48000,0,5,0,1,0,,1,29.8,51,0.0,654.8,81.9,0
2026-05-25,NODE-022,Madanpur Khadar Bins,South Delhi Zone 4,650,44000,0,5,0,1,0,,1,29.8,51,0.0,517.9,79.7,0
2026-05-25,NODE-023,Jasola Apollo Hospital Area,South Delhi Zone 4,500,20000,0,5,0,1,0,,1,29.8,51,0.0,282.4,56.5,0
2026-05-25,NODE-024,Alaknanda Market Community Bins,South Delhi Zone 4,480,27000,0,5,0,1,0,,1,29.8,51,0.0,299.1,62.3,0
2026-05-25,NODE-025,Pul Prehladpur Cluster,South Delhi Zone 4,700,39000,0,5,0,1,0,,1,29.8,51,0.0,541.7,77.4,0
2026-05-26,NODE-001,Lajpat Nagar Market Bin Cluster,South Delhi Zone 3,800,38000,1,5,0,0,0,,0,31.9,46,0.0,521.3,65.2,0
2026-05-26,NODE-002,Sarojini Nagar Community Bins,South Delhi Zone 3,600,32000,1,5,0,0,0,,0,31.9,46,0.0,370.5,61.7,0
2026-05-26,NODE-003,INA Colony Street Cluster,South Delhi Zone 3,400,25000,1,5,0,0,0,,0,31.9,46,0.0,218.1,54.5,0
2026-05-26,NODE-004,Nehru Place Commercial Hub,South Delhi Zone 3,1200,45000,1,5,0,0,0,,0,31.9,46,0.0,912.3,76.0,0
2026-05-26,NODE-005,Greater Kailash Block N,South Delhi Zone 3,500,20000,1,5,0,0,0,,0,31.9,46,0.0,265.0,53.0,0
2026-05-26,NODE-006,Defence Colony Main Road,South Delhi Zone 3,600,22000,1,5,0,0,0,,0,31.9,46,0.0,316.8,52.8,0
2026-05-26,NODE-007,CR Park Bengali Colony,South Delhi Zone 3,500,28000,1,5,0,0,0,,0,31.9,46,0.0,280.3,56.1,0
2026-05-26,NODE-008,Jangpura Extension Market,South Delhi Zone 3,450,30000,1,5,0,0,0,,0,31.9,46,0.0,298.0,66.2,0
2026-05-26,NODE-009,Bhogal Vegetable Market,South Delhi Zone 3,700,40000,1,5,0,0,0,,0,31.9,46,0.0,485.7,69.4,0
2026-05-26,NODE-010,Andrews Ganj Colony,South Delhi Zone 3,350,18000,1,5,0,0,0,,0,31.9,46,0.0,195.0,55.7,0
2026-05-26,NODE-011,Moolchand Market Cluster,South Delhi Zone 3,550,26000,1,5,0,0,0,,0,31.9,46,0.0,338.0,61.5,0
2026-05-26,NODE-012,Sidhartha Nagar Bins,South Delhi Zone 3,400,35000,1,5,0,0,0,,0,31.9,46,0.0,262.2,65.6,0
2026-05-26,NODE-013,Kotla Mubarakpur Street,South Delhi Zone 3,480,33000,1,5,0,0,0,,0,31.9,46,0.0,314.6,65.5,0
2026-05-26,NODE-014,Malviya Nagar Main Market,South Delhi Zone 4,700,30000,1,5,0,0,0,,0,31.9,46,0.0,462.7,66.1,0
2026-05-26,NODE-015,Okhla Phase 1 Industrial Area,South Delhi Zone 4,1500,15000,1,5,0,0,0,,0,31.9,46,0.0,701.0,46.7,0
2026-05-26,NODE-016,Hauz Khas Village Cluster,South Delhi Zone 4,450,18000,1,5,0,0,0,,0,31.9,46,0.0,227.3,50.5,0
2026-05-26,NODE-017,Saket Select Citywalk Area,South Delhi Zone 4,900,25000,1,5,0,0,0,,0,31.9,46,0.0,494.9,55.0,0
2026-05-26,NODE-018,Sheikh Sarai Phase 2,South Delhi Zone 4,400,22000,1,5,0,0,0,,0,31.9,46,0.0,239.6,59.9,0
2026-05-26,NODE-019,Kalkaji Main Road Bins,South Delhi Zone 4,600,36000,1,5,0,0,0,,0,31.9,46,0.0,406.8,67.8,0
2026-05-26,NODE-020,Govindpuri Market Cluster,South Delhi Zone 4,550,42000,1,5,0,0,0,,0,31.9,46,0.0,386.9,70.3,0
2026-05-26,NODE-021,Sangam Vihar Block A,South Delhi Zone 4,800,48000,1,5,0,0,0,,0,31.9,46,0.0,614.0,76.7,0
2026-05-26,NODE-022,Madanpur Khadar Bins,South Delhi Zone 4,650,44000,1,5,0,0,0,,0,31.9,46,0.0,452.9,69.7,0
2026-05-26,NODE-023,Jasola Apollo Hospital Area,South Delhi Zone 4,500,20000,1,5,0,0,0,,0,31.9,46,0.0,255.8,51.2,0
2026-05-26,NODE-024,Alaknanda Market Community Bins,South Delhi Zone 4,480,27000,1,5,0,0,0,,0,31.9,46,0.0,274.9,57.3,0
2026-05-26,NODE-025,Pul Prehladpur Cluster,South Delhi Zone 4,700,39000,1,5,0,0,0,,0,31.9,46,0.0,493.2,70.5,0
2026-05-27,NODE-001,Lajpat Nagar Market Bin Cluster,South Delhi Zone 3,800,38000,2,5,0,0,0,,0,22.6,61,0.0,580.7,72.6,0
2026-05-27,NODE-002,Sarojini Nagar Community Bins,South Delhi Zone 3,600,32000,2,5,0,0,0,,0,22.6,61,0.0,387.5,64.6,0
2026-05-27,NODE-003,INA Colony Street Cluster,South Delhi Zone 3,400,25000,2,5,0,0,0,,0,22.6,61,0.0,215.0,53.7,0
2026-05-27,NODE-004,Nehru Place Commercial Hub,South Delhi Zone 3,1200,45000,2,5,0,0,0,,0,22.6,61,0.0,884.2,73.7,0
2026-05-27,NODE-005,Greater Kailash Block N,South Delhi Zone 3,500,20000,2,5,0,0,0,,0,22.6,61,0.0,261.0,52.2,0
2026-05-27,NODE-006,Defence Colony Main Road,South Delhi Zone 3,600,22000,2,5,0,0,0,,0,22.6,61,0.0,316.7,52.8,0
2026-05-27,NODE-007,CR Park Bengali Colony,South Delhi Zone 3,500,28000,2,5,0,0,0,,0,22.6,61,0.0,299.3,59.9,0
2026-05-27,NODE-008,Jangpura Extension Market,South Delhi Zone 3,450,30000,2,5,0,0,0,,0,22.6,61,0.0,284.4,63.2,0
2026-05-27,NODE-009,Bhogal Vegetable Market,South Delhi Zone 3,700,40000,2,5,0,0,0,,0,22.6,61,0.0,467.6,66.8,0
2026-05-27,NODE-010,Andrews Ganj Colony,South Delhi Zone 3,350,18000,2,5,0,0,0,,0,22.6,61,0.0,182.7,52.2,0
2026-05-27,NODE-011,Moolchand Market Cluster,South Delhi Zone 3,550,26000,2,5,0,0,0,,0,22.6,61,0.0,333.1,60.6,0
2026-05-27,NODE-012,Sidhartha Nagar Bins,South Delhi Zone 3,400,35000,2,5,0,0,0,,0,22.6,61,0.0,246.0,61.5,0
2026-05-27,NODE-013,Kotla Mubarakpur Street,South Delhi Zone 3,480,33000,2,5,0,0,0,,0,22.6,61,0.0,332.4,69.2,0
2026-05-27,NODE-014,Malviya Nagar Main Market,South Delhi Zone 4,700,30000,2,5,0,0,0,,0,22.6,61,0.0,404.4,57.8,0
2026-05-27,NODE-015,Okhla Phase 1 Industrial Area,South Delhi Zone 4,1500,15000,2,5,0,0,0,,0,22.6,61,0.0,762.7,50.8,0
2026-05-27,NODE-016,Hauz Khas Village Cluster,South Delhi Zone 4,450,18000,2,5,0,0,0,,0,22.6,61,0.0,238.4,53.0,0
2026-05-27,NODE-017,Saket Select Citywalk Area,South Delhi Zone 4,900,25000,2,5,0,0,0,,0,22.6,61,0.0,565.3,62.8,0
2026-05-27,NODE-018,Sheikh Sarai Phase 2,South Delhi Zone 4,400,22000,2,5,0,0,0,,0,22.6,61,0.0,225.8,56.5,0
2026-05-27,NODE-019,Kalkaji Main Road Bins,South Delhi Zone 4,600,36000,2,5,0,0,0,,0,22.6,61,0.0,392.8,65.5,0
2026-05-27,NODE-020,Govindpuri Market Cluster,South Delhi Zone 4,550,42000,2,5,0,0,0,,0,22.6,61,0.0,389.8,70.9,0
2026-05-27,NODE-021,Sangam Vihar Block A,South Delhi Zone 4,800,48000,2,5,0,0,0,,0,22.6,61,0.0,600.8,75.1,0
2026-05-27,NODE-022,Madanpur Khadar Bins,South Delhi Zone 4,650,44000,2,5,0,0,0,,0,22.6,61,0.0,509.2,78.3,0
2026-05-27,NODE-023,Jasola Apollo Hospital Area,South Delhi Zone 4,500,20000,2,5,0,0,0,,0,22.6,61,0.0,261.5,52.3,0
2026-05-27,NODE-024,Alaknanda Market Community Bins,South Delhi Zone 4,480,27000,2,5,0,0,0,,0,22.6,61,0.0,264.7,55.2,0
2026-05-27,NODE-025,Pul Prehladpur Cluster,South Delhi Zone 4,700,39000,2,5,0,0,0,,0,22.6,61,0.0,504.8,72.1,0
2026-05-28,NODE-001,Lajpat Nagar Market Bin Cluster,South Delhi Zone 3,800,38000,3,5,0,0,0,,0,29.3,55,0.0,510.7,63.8,0
2026-05-28,NODE-002,Sarojini Nagar Community Bins,South Delhi Zone 3,600,32000,3,5,0,0,0,,0,29.3,55,0.0,386.5,64.4,0
2026-05-28,NODE-003,INA Colony Street Cluster,South Delhi Zone 3,400,25000,3,5,0,0,0,,0,29.3,55,0.0,242.6,60.6,0
2026-05-28,NODE-004,Nehru Place Commercial Hub,South Delhi Zone 3,1200,45000,3,5,0,0,0,,0,29.3,55,0.0,830.3,69.2,0
2026-05-28,NODE-005,Greater Kailash Block N,South Delhi Zone 3,500,20000,3,5,0,0,0,,0,29.3,55,0.0,265.8,53.2,0
2026-05-28,NODE-006,Defence Colony Main Road,South Delhi Zone 3,600,22000,3,5,0,0,0,,0,29.3,55,0.0,327.1,54.5,0
2026-05-28,NODE-007,CR Park Bengali Colony,South Delhi Zone 3,500,28000,3,5,0,0,0,,0,29.3,55,0.0,309.6,61.9,0
2026-05-28,NODE-008,Jangpura Extension Market,South Delhi Zone 3,450,30000,3,5,0,0,0,,0,29.3,55,0.0,294.1,65.3,0
2026-05-28,NODE-009,Bhogal Vegetable Market,South Delhi Zone 3,700,40000,3,5,0,0,0,,0,29.3,55,0.0,502.2,71.7,0
2026-05-28,NODE-010,Andrews Ganj Colony,South Delhi Zone 3,350,18000,3,5,0,0,0,,0,29.3,55,0.0,199.5,57.0,0
2026-05-28,NODE-011,Moolchand Market Cluster,South Delhi Zone 3,550,26000,3,5,0,0,0,,0,29.3,55,0.0,323.5,58.8,0
2026-05-28,NODE-012,Sidhartha Nagar Bins,South Delhi Zone 3,400,35000,3,5,0,0,0,,0,29.3,55,0.0,250.1,62.5,0
2026-05-28,NODE-013,Kotla Mubarakpur Street,South Delhi Zone 3,480,33000,3,5,0,0,0,,0,29.3,55,0.0,290.8,60.6,0
2026-05-28,NODE-014,Malviya Nagar Main Market,South Delhi Zone 4,700,30000,3,5,0,0,0,,0,29.3,55,0.0,449.5,64.2,0
2026-05-28,NODE-015,Okhla Phase 1 Industrial Area,South Delhi Zone 4,1500,15000,3,5,0,0,0,,0,29.3,55,0.0,813.4,54.2,0
2026-05-28,NODE-016,Hauz Khas Village Cluster,South Delhi Zone 4,450,18000,3,5,0,0,0,,0,29.3,55,0.0,220.5,49.0,0
2026-05-28,NODE-017,Saket Select Citywalk Area,South Delhi Zone 4,900,25000,3,5,0,0,0,,0,29.3,55,0.0,499.3,55.5,0
2026-05-28,NODE-018,Sheikh Sarai Phase 2,South Delhi Zone 4,400,22000,3,5,0,0,0,,0,29.3,55,0.0,234.3,58.6,0
2026-05-28,NODE-019,Kalkaji Main Road Bins,South Delhi Zone 4,600,36000,3,5,0,0,0,,0,29.3,55,0.0,424.5,70.8,0
2026-05-28,NODE-020,Govindpuri Market Cluster,South Delhi Zone 4,550,42000,3,5,0,0,0,,0,29.3,55,0.0,380.1,69.1,0
2026-05-28,NODE-021,Sangam Vihar Block A,South Delhi Zone 4,800,48000,3,5,0,0,0,,0,29.3,55,0.0,570.1,71.3,0
2026-05-28,NODE-022,Madanpur Khadar Bins,South Delhi Zone 4,650,44000,3,5,0,0,0,,0,29.3,55,0.0,465.1,71.6,0
2026-05-28,NODE-023,Jasola Apollo Hospital Area,South Delhi Zone 4,500,20000,3,5,0,0,0,,0,29.3,55,0.0,286.0,57.2,0
2026-05-28,NODE-024,Alaknanda Market Community Bins,South Delhi Zone 4,480,27000,3,5,0,0,0,,0,29.3,55,0.0,285.7,59.5,0
2026-05-28,NODE-025,Pul Prehladpur Cluster,South Delhi Zone 4,700,39000,3,5,0,0,0,,0,29.3,55,0.0,446.7,63.8,0
2026-05-29,NODE-001,Lajpat Nagar Market Bin Cluster,South Delhi Zone 3,800,38000,4,5,0,0,0,,0,24.9,62,0.0,569.8,71.2,0
2026-05-29,NODE-002,Sarojini Nagar Community Bins,South Delhi Zone 3,600,32000,4,5,0,0,0,,0,24.9,62,0.0,403.9,67.3,0
2026-05-29,NODE-003,INA Colony Street Cluster,South Delhi Zone 3,400,25000,4,5,0,0,0,,0,24.9,62,0.0,226.8,56.7,0
2026-05-29,NODE-004,Nehru Place Commercial Hub,South Delhi Zone 3,1200,45000,4,5,0,0,0,,0,24.9,62,0.0,829.0,69.1,0
2026-05-29,NODE-005,Greater Kailash Block N,South Delhi Zone 3,500,20000,4,5,0,0,0,,0,24.9,62,0.0,266.5,53.3,0
2026-05-29,NODE-006,Defence Colony Main Road,South Delhi Zone 3,600,22000,4,5,0,0,0,,0,24.9,62,0.0,356.7,59.5,0
2026-05-29,NODE-007,CR Park Bengali Colony,South Delhi Zone 3,500,28000,4,5,0,0,0,,0,24.9,62,0.0,314.5,62.9,0
2026-05-29,NODE-008,Jangpura Extension Market,South Delhi Zone 3,450,30000,4,5,0,0,0,,0,24.9,62,0.0,296.9,66.0,0
2026-05-29,NODE-009,Bhogal Vegetable Market,South Delhi Zone 3,700,40000,4,5,0,0,0,,0,24.9,62,0.0,479.0,68.4,0
2026-05-29,NODE-010,Andrews Ganj Colony,South Delhi Zone 3,350,18000,4,5,0,0,0,,0,24.9,62,0.0,199.3,56.9,0
2026-05-29,NODE-011,Moolchand Market Cluster,South Delhi Zone 3,550,26000,4,5,0,0,0,,0,24.9,62,0.0,324.4,59.0,0
2026-05-29,NODE-012,Sidhartha Nagar Bins,South Delhi Zone 3,400,35000,4,5,0,0,0,,0,24.9,62,0.0,263.4,65.9,0
2026-05-29,NODE-013,Kotla Mubarakpur Street,South Delhi Zone 3,480,33000,4,5,0,0,0,,0,24.9,62,0.0,329.9,68.7,0
2026-05-29,NODE-014,Malviya Nagar Main Market,South Delhi Zone 4,700,30000,4,5,0,0,0,,0,24.9,62,0.0,435.8,62.3,0
2026-05-29,NODE-015,Okhla Phase 1 Industrial Area,South Delhi Zone 4,1500,15000,4,5,0,0,0,,0,24.9,62,0.0,796.1,53.1,0
2026-05-29,NODE-016,Hauz Khas Village Cluster,South Delhi Zone 4,450,18000,4,5,0,0,0,,0,24.9,62,0.0,246.8,54.8,0
2026-05-29,NODE-017,Saket Select Citywalk Area,South Delhi Zone 4,900,25000,4,5,0,0,0,,0,24.9,62,0.0,489.0,54.3,0
2026-05-29,NODE-018,Sheikh Sarai Phase 2,South Delhi Zone 4,400,22000,4,5,0,0,0,,0,24.9,62,0.0,227.5,56.9,0
2026-05-29,NODE-019,Kalkaji Main Road Bins,South Delhi Zone 4,600,36000,4,5,0,0,0,,0,24.9,62,0.0,420.5,70.1,0
2026-05-29,NODE-020,Govindpuri Market Cluster,South Delhi Zone 4,550,42000,4,5,0,0,0,,0,24.9,62,0.0,394.5,71.7,0
2026-05-29,NODE-021,Sangam Vihar Block A,South Delhi Zone 4,800,48000,4,5,0,0,0,,0,24.9,62,0.0,571.2,71.4,0
2026-05-29,NODE-022,Madanpur Khadar Bins,South Delhi Zone 4,650,44000,4,5,0,0,0,,0,24.9,62,0.0,441.0,67.9,0
2026-05-29,NODE-023,Jasola Apollo Hospital Area,South Delhi Zone 4,500,20000,4,5,0,0,0,,0,24.9,62,0.0,279.2,55.8,0
2026-05-29,NODE-024,Alaknanda Market Community Bins,South Delhi Zone 4,480,27000,4,5,0,0,0,,0,24.9,62,0.0,278.1,57.9,0
2026-05-29,NODE-025,Pul Prehladpur Cluster,South Delhi Zone 4,700,39000,4,5,0,0,0,,0,24.9,62,0.0,490.4,70.1,0
2026-05-30,NODE-001,Lajpat Nagar Market Bin Cluster,South Delhi Zone 3,800,38000,5,5,1,0,0,,0,28.9,46,0.0,689.7,86.2,0
2026-05-30,NODE-002,Sarojini Nagar Community Bins,South Delhi Zone 3,600,32000,5,5,1,0,0,,0,28.9,46,0.0,504.3,84.1,0
2026-05-30,NODE-003,INA Colony Street Cluster,South Delhi Zone 3,400,25000,5,5,1,0,0,,0,28.9,46,0.0,316.8,79.2,0
2026-05-30,NODE-004,Nehru Place Commercial Hub,South Delhi Zone 3,1200,45000,5,5,1,0,0,,0,28.9,46,0.0,1145.7,95.5,0
2026-05-30,NODE-005,Greater Kailash Block N,South Delhi Zone 3,500,20000,5,5,1,0,0,,0,28.9,46,0.0,343.6,68.7,0
2026-05-30,NODE-006,Defence Colony Main Road,South Delhi Zone 3,600,22000,5,5,1,0,0,,0,28.9,46,0.0,437.9,73.0,0
2026-05-30,NODE-007,CR Park Bengali Colony,South Delhi Zone 3,500,28000,5,5,1,0,0,,0,28.9,46,0.0,404.1,80.8,0
2026-05-30,NODE-008,Jangpura Extension Market,South Delhi Zone 3,450,30000,5,5,1,0,0,,0,28.9,46,0.0,331.0,73.6,0
2026-05-30,NODE-009,Bhogal Vegetable Market,South Delhi Zone 3,700,40000,5,5,1,0,0,,0,28.9,46,0.0,639.3,91.3,0
2026-05-30,NODE-010,Andrews Ganj Colony,South Delhi Zone 3,350,18000,5,5,1,0,0,,0,28.9,46,0.0,232.7,66.5,0
2026-05-30,NODE-011,Moolchand Market Cluster,South Delhi Zone 3,550,26000,5,5,1,0,0,,0,28.9,46,0.0,414.9,75.4,0
2026-05-30,NODE-012,Sidhartha Nagar Bins,South Delhi Zone 3,400,35000,5,5,1,0,0,,0,28.9,46,0.0,349.6,87.4,0
2026-05-30,NODE-013,Kotla Mubarakpur Street,South Delhi Zone 3,480,33000,5,5,1,0,0,,0,28.9,46,0.0,372.6,77.6,0
2026-05-30,NODE-014,Malviya Nagar Main Market,South Delhi Zone 4,700,30000,5,5,1,0,0,,0,28.9,46,0.0,512.6,73.2,0
2026-05-30,NODE-015,Okhla Phase 1 Industrial Area,South Delhi Zone 4,1500,15000,5,5,1,0,0,,0,28.9,46,0.0,1022.8,68.2,0
2026-05-30,NODE-016,Hauz Khas Village Cluster,South Delhi Zone 4,450,18000,5,5,1,0,0,,0,28.9,46,0.0,312.4,69.4,0
2026-05-30,NODE-017,Saket Select Citywalk Area,South Delhi Zone 4,900,25000,5,5,1,0,0,,0,28.9,46,0.0,662.1,73.6,0
2026-05-30,NODE-018,Sheikh Sarai Phase 2,South Delhi Zone 4,400,22000,5,5,1,0,0,,0,28.9,46,0.0,268.5,67.1,0
2026-05-30,NODE-019,Kalkaji Main Road Bins,South Delhi Zone 4,600,36000,5,5,1,0,0,,0,28.9,46,0.0,488.5,81.4,0
2026-05-30,NODE-020,Govindpuri Market Cluster,South Delhi Zone 4,550,42000,5,5,1,0,0,,0,28.9,46,0.0,511.2,92.9,0
2026-05-30,NODE-021,Sangam Vihar Block A,South Delhi Zone 4,800,48000,5,5,1,0,0,,0,28.9,46,0.0,733.5,91.7,0
2026-05-30,NODE-022,Madanpur Khadar Bins,South Delhi Zone 4,650,44000,5,5,1,0,0,,0,28.9,46,0.0,646.4,99.4,1
2026-05-30,NODE-023,Jasola Apollo Hospital Area,South Delhi Zone 4,500,20000,5,5,1,0,0,,0,28.9,46,0.0,321.2,64.2,0
2026-05-30,NODE-024,Alaknanda Market Community Bins,South Delhi Zone 4,480,27000,5,5,1,0,0,,0,28.9,46,0.0,345.7,72.0,0
2026-05-30,NODE-025,Pul Prehladpur Cluster,South Delhi Zone 4,700,39000,5,5,1,0,0,,0,28.9,46,0.0,610.5,87.2,0
2026-05-31,NODE-001,Lajpat Nagar Market Bin Cluster,South Delhi Zone 3,800,38000,6,5,1,0,0,,0,26.4,37,0.0,703.8,88.0,0
2026-05-31,NODE-002,Sarojini Nagar Community Bins,South Delhi Zone 3,600,32000,6,5,1,0,0,,0,26.4,37,0.0,489.0,81.5,0
2026-05-31,NODE-003,INA Colony Street Cluster,South Delhi Zone 3,400,25000,6,5,1,0,0,,0,26.4,37,0.0,292.4,73.1,0
2026-05-31,NODE-004,Nehru Place Commercial Hub,South Delhi Zone 3,1200,45000,6,5,1,0,0,,0,26.4,37,0.0,1151.9,96.0,0
2026-05-31,NODE-005,Greater Kailash Block N,South Delhi Zone 3,500,20000,6,5,1,0,0,,0,26.4,37,0.0,333.3,66.7,0
2026-05-31,NODE-006,Defence Colony Main Road,South Delhi Zone 3,600,22000,6,5,1,0,0,,0,26.4,37,0.0,401.8,67.0,0
2026-05-31,NODE-007,CR Park Bengali Colony,South Delhi Zone 3,500,28000,6,5,1,0,0,,0,26.4,37,0.0,400.7,80.1,0
2026-05-31,NODE-008,Jangpura Extension Market,South Delhi Zone 3,450,30000,6,5,1,0,0,,0,26.4,37,0.0,356.2,79.2,0
2026-05-31,NODE-009,Bhogal Vegetable Market,South Delhi Zone 3,700,40000,6,5,1,0,0,,0,26.4,37,0.0,611.0,87.3,0
2026-05-31,NODE-010,Andrews Ganj Colony,South Delhi Zone 3,350,18000,6,5,1,0,0,,0,26.4,37,0.0,238.6,68.2,0
2026-05-31,NODE-011,Moolchand Market Cluster,South Delhi Zone 3,550,26000,6,5,1,0,0,,0,26.4,37,0.0,398.2,72.4,0
2026-05-31,NODE-012,Sidhartha Nagar Bins,South Delhi Zone 3,400,35000,6,5,1,0,0,,0,26.4,37,0.0,323.2,80.8,0
2026-05-31,NODE-013,Kotla Mubarakpur Street,South Delhi Zone 3,480,33000,6,5,1,0,0,,0,26.4,37,0.0,390.6,81.4,0
2026-05-31,NODE-014,Malviya Nagar Main Market,South Delhi Zone 4,700,30000,6,5,1,0,0,,0,26.4,37,0.0,598.2,85.5,0
2026-05-31,NODE-015,Okhla Phase 1 Industrial Area,South Delhi Zone 4,1500,15000,6,5,1,0,0,,0,26.4,37,0.0,935.5,62.4,0
2026-05-31,NODE-016,Hauz Khas Village Cluster,South Delhi Zone 4,450,18000,6,5,1,0,0,,0,26.4,37,0.0,324.0,72.0,0
2026-05-31,NODE-017,Saket Select Citywalk Area,South Delhi Zone 4,900,25000,6,5,1,0,0,,0,26.4,37,0.0,667.8,74.2,0
2026-05-31,NODE-018,Sheikh Sarai Phase 2,South Delhi Zone 4,400,22000,6,5,1,0,0,,0,26.4,37,0.0,268.3,67.1,0
2026-05-31,NODE-019,Kalkaji Main Road Bins,South Delhi Zone 4,600,36000,6,5,1,0,0,,0,26.4,37,0.0,538.8,89.8,0
2026-05-31,NODE-020,Govindpuri Market Cluster,South Delhi Zone 4,550,42000,6,5,1,0,0,,0,26.4,37,0.0,495.7,90.1,0
2026-05-31,NODE-021,Sangam Vihar Block A,South Delhi Zone 4,800,48000,6,5,1,0,0,,0,26.4,37,0.0,797.8,99.7,1
2026-05-31,NODE-022,Madanpur Khadar Bins,South Delhi Zone 4,650,44000,6,5,1,0,0,,0,26.4,37,0.0,597.8,92.0,0
2026-05-31,NODE-023,Jasola Apollo Hospital Area,South Delhi Zone 4,500,20000,6,5,1,0,0,,0,26.4,37,0.0,324.3,64.9,0
2026-05-31,NODE-024,Alaknanda Market Community Bins,South Delhi Zone 4,480,27000,6,5,1,0,0,,0,26.4,37,0.0,376.7,78.5,0
2026-05-31,NODE-025,Pul Prehladpur Cluster,South Delhi Zone 4,700,39000,6,5,1,0,0,,0,26.4,37,0.0,649.4,92.8,0
2026-06-01,NODE-001,Lajpat Nagar Market Bin Cluster,South Delhi Zone 3,800,38000,0,6,0,1,0,,0,25.5,37,0.0,617.0,77.1,0
2026-06-01,NODE-002,Sarojini Nagar Community Bins,South Delhi Zone 3,600,32000,0,6,0,1,0,,0,25.5,37,0.0,413.9,69.0,0
2026-06-01,NODE-003,INA Colony Street Cluster,South Delhi Zone 3,400,25000,0,6,0,1,0,,0,25.5,37,0.0,253.2,63.3,0
2026-06-01,NODE-004,Nehru Place Commercial Hub,South Delhi Zone 3,1200,45000,0,6,0,1,0,,0,25.5,37,0.0,935.7,78.0,0
2026-06-01,NODE-005,Greater Kailash Block N,South Delhi Zone 3,500,20000,0,6,0,1,0,,0,25.5,37,0.0,315.8,63.2,0
2026-06-01,NODE-006,Defence Colony Main Road,South Delhi Zone 3,600,22000,0,6,0,1,0,,0,25.5,37,0.0,389.0,64.8,0
2026-06-01,NODE-007,CR Park Bengali Colony,South Delhi Zone 3,500,28000,0,6,0,1,0,,0,25.5,37,0.0,322.1,64.4,0
2026-06-01,NODE-008,Jangpura Extension Market,South Delhi Zone 3,450,30000,0,6,0,1,0,,0,25.5,37,0.0,306.6,68.1,0
2026-06-01,NODE-009,Bhogal Vegetable Market,South Delhi Zone 3,700,40000,0,6,0,1,0,,0,25.5,37,0.0,523.4,74.8,0
2026-06-01,NODE-010,Andrews Ganj Colony,South Delhi Zone 3,350,18000,0,6,0,1,0,,0,25.5,37,0.0,224.0,64.0,0
2026-06-01,NODE-011,Moolchand Market Cluster,South Delhi Zone 3,550,26000,0,6,0,1,0,,0,25.5,37,0.0,381.4,69.3,0
2026-06-01,NODE-012,Sidhartha Nagar Bins,South Delhi Zone 3,400,35000,0,6,0,1,0,,0,25.5,37,0.0,283.3,70.8,0
2026-06-01,NODE-013,Kotla Mubarakpur Street,South Delhi Zone 3,480,33000,0,6,0,1,0,,0,25.5,37,0.0,346.4,72.2,0
2026-06-01,NODE-014,Malviya Nagar Main Market,South Delhi Zone 4,700,30000,0,6,0,1,0,,0,25.5,37,0.0,476.8,68.1,0
2026-06-01,NODE-015,Okhla Phase 1 Industrial Area,South Delhi Zone 4,1500,15000,0,6,0,1,0,,0,25.5,37,0.0,862.4,57.5,0
2026-06-01,NODE-016,Hauz Khas Village Cluster,South Delhi Zone 4,450,18000,0,6,0,1,0,,0,25.5,37,0.0,265.9,59.1,0
2026-06-01,NODE-017,Saket Select Citywalk Area,South Delhi Zone 4,900,25000,0,6,0,1,0,,0,25.5,37,0.0,634.0,70.4,0
2026-06-01,NODE-018,Sheikh Sarai Phase 2,South Delhi Zone 4,400,22000,0,6,0,1,0,,0,25.5,37,0.0,236.4,59.1,0
2026-06-01,NODE-019,Kalkaji Main Road Bins,South Delhi Zone 4,600,36000,0,6,0,1,0,,0,25.5,37,0.0,476.4,79.4,0
2026-06-01,NODE-020,Govindpuri Market Cluster,South Delhi Zone 4,550,42000,0,6,0,1,0,,0,25.5,37,0.0,409.1,74.4,0
2026-06-01,NODE-021,Sangam Vihar Block A,South Delhi Zone 4,800,48000,0,6,0,1,0,,0,25.5,37,0.0,649.2,81.2,0
2026-06-01,NODE-022,Madanpur Khadar Bins,South Delhi Zone 4,650,44000,0,6,0,1,0,,0,25.5,37,0.0,549.1,84.5,0
2026-06-01,NODE-023,Jasola Apollo Hospital Area,South Delhi Zone 4,500,20000,0,6,0,1,0,,0,25.5,37,0.0,304.5,60.9,0
2026-06-01,NODE-024,Alaknanda Market Community Bins,South Delhi Zone 4,480,27000,0,6,0,1,0,,0,25.5,37,0.0,317.5,66.1,0
2026-06-01,NODE-025,Pul Prehladpur Cluster,South Delhi Zone 4,700,39000,0,6,0,1,0,,0,25.5,37,0.0,533.7,76.2,0
2026-06-02,NODE-001,Lajpat Nagar Market Bin Cluster,South Delhi Zone 3,800,38000,1,6,0,0,0,,0,23.3,45,0.0,557.7,69.7,0
2026-06-02,NODE-002,Sarojini Nagar Community Bins,South Delhi Zone 3,600,32000,1,6,0,0,0,,0,23.3,45,0.0,378.5,63.1,0
2026-06-02,NODE-003,INA Colony Street Cluster,South Delhi Zone 3,400,25000,1,6,0,0,0,,0,23.3,45,0.0,239.7,59.9,0
2026-06-02,NODE-004,Nehru Place Commercial Hub,South Delhi Zone 3,1200,45000,1,6,0,0,0,,0,23.3,45,0.0,860.1,71.7,0
2026-06-02,NODE-005,Greater Kailash Block N,South Delhi Zone 3,500,20000,1,6,0,0,0,,0,23.3,45,0.0,288.7,57.7,0
2026-06-02,NODE-006,Defence Colony Main Road,South Delhi Zone 3,600,22000,1,6,0,0,0,,0,23.3,45,0.0,350.9,58.5,0
2026-06-02,NODE-007,CR Park Bengali Colony,South Delhi Zone 3,500,28000,1,6,0,0,0,,0,23.3,45,0.0,309.5,61.9,0
2026-06-02,NODE-008,Jangpura Extension Market,South Delhi Zone 3,450,30000,1,6,0,0,0,,0,23.3,45,0.0,265.1,58.9,0
2026-06-02,NODE-009,Bhogal Vegetable Market,South Delhi Zone 3,700,40000,1,6,0,0,0,,0,23.3,45,0.0,524.2,74.9,0
2026-06-02,NODE-010,Andrews Ganj Colony,South Delhi Zone 3,350,18000,1,6,0,0,0,,0,23.3,45,0.0,183.2,52.3,0
2026-06-02,NODE-011,Moolchand Market Cluster,South Delhi Zone 3,550,26000,1,6,0,0,0,,0,23.3,45,0.0,345.9,62.9,0
2026-06-02,NODE-012,Sidhartha Nagar Bins,South Delhi Zone 3,400,35000,1,6,0,0,0,,0,23.3,45,0.0,244.8,61.2,0
2026-06-02,NODE-013,Kotla Mubarakpur Street,South Delhi Zone 3,480,33000,1,6,0,0,0,,0,23.3,45,0.0,290.3,60.5,0
2026-06-02,NODE-014,Malviya Nagar Main Market,South Delhi Zone 4,700,30000,1,6,0,0,0,,0,23.3,45,0.0,410.3,58.6,0
2026-06-02,NODE-015,Okhla Phase 1 Industrial Area,South Delhi Zone 4,1500,15000,1,6,0,0,0,,0,23.3,45,0.0,718.7,47.9,0
2026-06-02,NODE-016,Hauz Khas Village Cluster,South Delhi Zone 4,450,18000,1,6,0,0,0,,0,23.3,45,0.0,231.4,51.4,0
2026-06-02,NODE-017,Saket Select Citywalk Area,South Delhi Zone 4,900,25000,1,6,0,0,0,,0,23.3,45,0.0,541.9,60.2,0
2026-06-02,NODE-018,Sheikh Sarai Phase 2,South Delhi Zone 4,400,22000,1,6,0,0,0,,0,23.3,45,0.0,218.4,54.6,0
2026-06-02,NODE-019,Kalkaji Main Road Bins,South Delhi Zone 4,600,36000,1,6,0,0,0,,0,23.3,45,0.0,428.0,71.3,0
2026-06-02,NODE-020,Govindpuri Market Cluster,South Delhi Zone 4,550,42000,1,6,0,0,0,,0,23.3,45,0.0,416.4,75.7,0
2026-06-02,NODE-021,Sangam Vihar Block A,South Delhi Zone 4,800,48000,1,6,0,0,0,,0,23.3,45,0.0,620.5,77.6,0
2026-06-02,NODE-022,Madanpur Khadar Bins,South Delhi Zone 4,650,44000,1,6,0,0,0,,0,23.3,45,0.0,453.9,69.8,0
2026-06-02,NODE-023,Jasola Apollo Hospital Area,South Delhi Zone 4,500,20000,1,6,0,0,0,,0,23.3,45,0.0,278.1,55.6,0
2026-06-02,NODE-024,Alaknanda Market Community Bins,South Delhi Zone 4,480,27000,1,6,0,0,0,,0,23.3,45,0.0,289.3,60.3,0
2026-06-02,NODE-025,Pul Prehladpur Cluster,South Delhi Zone 4,700,39000,1,6,0,0,0,,0,23.3,45,0.0,453.6,64.8,0
2026-06-03,NODE-001,Lajpat Nagar Market Bin Cluster,South Delhi Zone 3,800,38000,2,6,0,0,0,,0,27.3,51,0.0,557.6,69.7,0
2026-06-03,NODE-002,Sarojini Nagar Community Bins,South Delhi Zone 3,600,32000,2,6,0,0,0,,0,27.3,51,0.0,387.2,64.5,0
2026-06-03,NODE-003,INA Colony Street Cluster,South Delhi Zone 3,400,25000,2,6,0,0,0,,0,27.3,51,0.0,236.0,59.0,0
2026-06-03,NODE-004,Nehru Place Commercial Hub,South Delhi Zone 3,1200,45000,2,6,0,0,0,,0,27.3,51,0.0,835.6,69.6,0
2026-06-03,NODE-005,Greater Kailash Block N,South Delhi Zone 3,500,20000,2,6,0,0,0,,0,27.3,51,0.0,277.6,55.5,0
2026-06-03,NODE-006,Defence Colony Main Road,South Delhi Zone 3,600,22000,2,6,0,0,0,,0,27.3,51,0.0,357.4,59.6,0
2026-06-03,NODE-007,CR Park Bengali Colony,South Delhi Zone 3,500,28000,2,6,0,0,0,,0,27.3,51,0.0,294.8,59.0,0
2026-06-03,NODE-008,Jangpura Extension Market,South Delhi Zone 3,450,30000,2,6,0,0,0,,0,27.3,51,0.0,298.2,66.3,0
2026-06-03,NODE-009,Bhogal Vegetable Market,South Delhi Zone 3,700,40000,2,6,0,0,0,,0,27.3,51,0.0,452.0,64.6,0
2026-06-03,NODE-010,Andrews Ganj Colony,South Delhi Zone 3,350,18000,2,6,0,0,0,,0,27.3,51,0.0,196.0,56.0,0
2026-06-03,NODE-011,Moolchand Market Cluster,South Delhi Zone 3,550,26000,2,6,0,0,0,,0,27.3,51,0.0,302.8,55.1,0
2026-06-03,NODE-012,Sidhartha Nagar Bins,South Delhi Zone 3,400,35000,2,6,0,0,0,,0,27.3,51,0.0,282.4,70.6,0
2026-06-03,NODE-013,Kotla Mubarakpur Street,South Delhi Zone 3,480,33000,2,6,0,0,0,,0,27.3,51,0.0,322.3,67.1,0
2026-06-03,NODE-014,Malviya Nagar Main Market,South Delhi Zone 4,700,30000,2,6,0,0,0,,0,27.3,51,0.0,418.1,59.7,0
2026-06-03,NODE-015,Okhla Phase 1 Industrial Area,South Delhi Zone 4,1500,15000,2,6,0,0,0,,0,27.3,51,0.0,724.4,48.3,0
2026-06-03,NODE-016,Hauz Khas Village Cluster,South Delhi Zone 4,450,18000,2,6,0,0,0,,0,27.3,51,0.0,240.9,53.5,0
2026-06-03,NODE-017,Saket Select Citywalk Area,South Delhi Zone 4,900,25000,2,6,0,0,0,,0,27.3,51,0.0,534.2,59.4,0
2026-06-03,NODE-018,Sheikh Sarai Phase 2,South Delhi Zone 4,400,22000,2,6,0,0,0,,0,27.3,51,0.0,207.1,51.8,0
2026-06-03,NODE-019,Kalkaji Main Road Bins,South Delhi Zone 4,600,36000,2,6,0,0,0,,0,27.3,51,0.0,424.7,70.8,0
2026-06-03,NODE-020,Govindpuri Market Cluster,South Delhi Zone 4,550,42000,2,6,0,0,0,,0,27.3,51,0.0,394.5,71.7,0
2026-06-03,NODE-021,Sangam Vihar Block A,South Delhi Zone 4,800,48000,2,6,0,0,0,,0,27.3,51,0.0,601.4,75.2,0
2026-06-03,NODE-022,Madanpur Khadar Bins,South Delhi Zone 4,650,44000,2,6,0,0,0,,0,27.3,51,0.0,457.8,70.4,0
2026-06-03,NODE-023,Jasola Apollo Hospital Area,South Delhi Zone 4,500,20000,2,6,0,0,0,,0,27.3,51,0.0,261.1,52.2,0
2026-06-03,NODE-024,Alaknanda Market Community Bins,South Delhi Zone 4,480,27000,2,6,0,0,0,,0,27.3,51,0.0,301.1,62.7,0
2026-06-03,NODE-025,Pul Prehladpur Cluster,South Delhi Zone 4,700,39000,2,6,0,0,0,,0,27.3,51,0.0,475.2,67.9,0
2026-06-04,NODE-001,Lajpat Nagar Market Bin Cluster,South Delhi Zone 3,800,38000,3,6,0,0,0,,0,28.9,40,0.0,540.0,67.5,0
2026-06-04,NODE-002,Sarojini Nagar Community Bins,South Delhi Zone 3,600,32000,3,6,0,0,0,,0,28.9,40,0.0,380.6,63.4,0
2026-06-04,NODE-003,INA Colony Street Cluster,South Delhi Zone 3,400,25000,3,6,0,0,0,,0,28.9,40,0.0,222.0,55.5,0
2026-06-04,NODE-004,Nehru Place Commercial Hub,South Delhi Zone 3,1200,45000,3,6,0,0,0,,0,28.9,40,0.0,897.1,74.8,0
2026-06-04,NODE-005,Greater Kailash Block N,South Delhi Zone 3,500,20000,3,6,0,0,0,,0,28.9,40,0.0,264.1,52.8,0
2026-06-04,NODE-006,Defence Colony Main Road,South Delhi Zone 3,600,22000,3,6,0,0,0,,0,28.9,40,0.0,347.5,57.9,0
2026-06-04,NODE-007,CR Park Bengali Colony,South Delhi Zone 3,500,28000,3,6,0,0,0,,0,28.9,40,0.0,314.1,62.8,0
2026-06-04,NODE-008,Jangpura Extension Market,South Delhi Zone 3,450,30000,3,6,0,0,0,,0,28.9,40,0.0,295.4,65.6,0
2026-06-04,NODE-009,Bhogal Vegetable Market,South Delhi Zone 3,700,40000,3,6,0,0,0,,0,28.9,40,0.0,524.9,75.0,0
2026-06-04,NODE-010,Andrews Ganj Colony,South Delhi Zone 3,350,18000,3,6,0,0,0,,0,28.9,40,0.0,174.3,49.8,0
2026-06-04,NODE-011,Moolchand Market Cluster,South Delhi Zone 3,550,26000,3,6,0,0,0,,0,28.9,40,0.0,317.9,57.8,0
2026-06-04,NODE-012,Sidhartha Nagar Bins,South Delhi Zone 3,400,35000,3,6,0,0,0,,0,28.9,40,0.0,266.1,66.5,0
2026-06-04,NODE-013,Kotla Mubarakpur Street,South Delhi Zone 3,480,33000,3,6,0,0,0,,0,28.9,40,0.0,300.0,62.5,0
2026-06-04,NODE-014,Malviya Nagar Main Market,South Delhi Zone 4,700,30000,3,6,0,0,0,,0,28.9,40,0.0,432.1,61.7,0
2026-06-04,NODE-015,Okhla Phase 1 Industrial Area,South Delhi Zone 4,1500,15000,3,6,0,0,0,,0,28.9,40,0.0,731.2,48.7,0
2026-06-04,NODE-016,Hauz Khas Village Cluster,South Delhi Zone 4,450,18000,3,6,0,0,0,,0,28.9,40,0.0,228.5,50.8,0
2026-06-04,NODE-017,Saket Select Citywalk Area,South Delhi Zone 4,900,25000,3,6,0,0,0,,0,28.9,40,0.0,490.5,54.5,0
2026-06-04,NODE-018,Sheikh Sarai Phase 2,South Delhi Zone 4,400,22000,3,6,0,0,0,,0,28.9,40,0.0,216.4,54.1,0
2026-06-04,NODE-019,Kalkaji Main Road Bins,South Delhi Zone 4,600,36000,3,6,0,0,0,,0,28.9,40,0.0,392.4,65.4,0
2026-06-04,NODE-020,Govindpuri Market Cluster,South Delhi Zone 4,550,42000,3,6,0,0,0,,0,28.9,40,0.0,398.9,72.5,0
2026-06-04,NODE-021,Sangam Vihar Block A,South Delhi Zone 4,800,48000,3,6,0,0,0,,0,28.9,40,0.0,564.3,70.5,0
2026-06-04,NODE-022,Madanpur Khadar Bins,South Delhi Zone 4,650,44000,3,6,0,0,0,,0,28.9,40,0.0,500.4,77.0,0
2026-06-04,NODE-023,Jasola Apollo Hospital Area,South Delhi Zone 4,500,20000,3,6,0,0,0,,0,28.9,40,0.0,257.4,51.5,0
2026-06-04,NODE-024,Alaknanda Market Community Bins,South Delhi Zone 4,480,27000,3,6,0,0,0,,0,28.9,40,0.0,279.0,58.1,0
2026-06-04,NODE-025,Pul Prehladpur Cluster,South Delhi Zone 4,700,39000,3,6,0,0,0,,0,28.9,40,0.0,488.5,69.8,0
2026-06-05,NODE-001,Lajpat Nagar Market Bin Cluster,South Delhi Zone 3,800,38000,4,6,0,0,0,,0,29.6,50,0.0,588.6,73.6,0
2026-06-05,NODE-002,Sarojini Nagar Community Bins,South Delhi Zone 3,600,32000,4,6,0,0,0,,0,29.6,50,0.0,379.5,63.3,0
2026-06-05,NODE-003,INA Colony Street Cluster,South Delhi Zone 3,400,25000,4,6,0,0,0,,0,29.6,50,0.0,247.2,61.8,0
2026-06-05,NODE-004,Nehru Place Commercial Hub,South Delhi Zone 3,1200,45000,4,6,0,0,0,,0,29.6,50,0.0,881.6,73.5,0
2026-06-05,NODE-005,Greater Kailash Block N,South Delhi Zone 3,500,20000,4,6,0,0,0,,0,29.6,50,0.0,254.4,50.9,0
2026-06-05,NODE-006,Defence Colony Main Road,South Delhi Zone 3,600,22000,4,6,0,0,0,,0,29.6,50,0.0,330.1,55.0,0
2026-06-05,NODE-007,CR Park Bengali Colony,South Delhi Zone 3,500,28000,4,6,0,0,0,,0,29.6,50,0.0,300.6,60.1,0
2026-06-05,NODE-008,Jangpura Extension Market,South Delhi Zone 3,450,30000,4,6,0,0,0,,0,29.6,50,0.0,267.7,59.5,0
2026-06-05,NODE-009,Bhogal Vegetable Market,South Delhi Zone 3,700,40000,4,6,0,0,0,,0,29.6,50,0.0,494.3,70.6,0
2026-06-05,NODE-010,Andrews Ganj Colony,South Delhi Zone 3,350,18000,4,6,0,0,0,,0,29.6,50,0.0,171.8,49.1,0
2026-06-05,NODE-011,Moolchand Market Cluster,South Delhi Zone 3,550,26000,4,6,0,0,0,,0,29.6,50,0.0,313.2,57.0,0
2026-06-05,NODE-012,Sidhartha Nagar Bins,South Delhi Zone 3,400,35000,4,6,0,0,0,,0,29.6,50,0.0,267.6,66.9,0
2026-06-05,NODE-013,Kotla Mubarakpur Street,South Delhi Zone 3,480,33000,4,6,0,0,0,,0,29.6,50,0.0,325.8,67.9,0
2026-06-05,NODE-014,Malviya Nagar Main Market,South Delhi Zone 4,700,30000,4,6,0,0,0,,0,29.6,50,0.0,446.5,63.8,0
2026-06-05,NODE-015,Okhla Phase 1 Industrial Area,South Delhi Zone 4,1500,15000,4,6,0,0,0,,0,29.6,50,0.0,733.5,48.9,0
2026-06-05,NODE-016,Hauz Khas Village Cluster,South Delhi Zone 4,450,18000,4,6,0,0,0,,0,29.6,50,0.0,219.4,48.8,0
2026-06-05,NODE-017,Saket Select Citywalk Area,South Delhi Zone 4,900,25000,4,6,0,0,0,,0,29.6,50,0.0,491.4,54.6,0
2026-06-05,NODE-018,Sheikh Sarai Phase 2,South Delhi Zone 4,400,22000,4,6,0,0,0,,0,29.6,50,0.0,210.8,52.7,0
2026-06-05,NODE-019,Kalkaji Main Road Bins,South Delhi Zone 4,600,36000,4,6,0,0,0,,0,29.6,50,0.0,384.8,64.1,0
2026-06-05,NODE-020,Govindpuri Market Cluster,South Delhi Zone 4,550,42000,4,6,0,0,0,,0,29.6,50,0.0,383.3,69.7,0
2026-06-05,NODE-021,Sangam Vihar Block A,South Delhi Zone 4,800,48000,4,6,0,0,0,,0,29.6,50,0.0,578.9,72.4,0
2026-06-05,NODE-022,Madanpur Khadar Bins,South Delhi Zone 4,650,44000,4,6,0,0,0,,0,29.6,50,0.0,438.4,67.4,0
2026-06-05,NODE-023,Jasola Apollo Hospital Area,South Delhi Zone 4,500,20000,4,6,0,0,0,,0,29.6,50,0.0,252.7,50.5,0
2026-06-05,NODE-024,Alaknanda Market Community Bins,South Delhi Zone 4,480,27000,4,6,0,0,0,,0,29.6,50,0.0,289.8,60.4,0
2026-06-05,NODE-025,Pul Prehladpur Cluster,South Delhi Zone 4,700,39000,4,6,0,0,0,,0,29.6,50,0.0,471.9,67.4,0
2026-06-06,NODE-001,Lajpat Nagar Market Bin Cluster,South Delhi Zone 3,800,38000,5,6,1,0,0,,0,25.9,49,0.0,725.0,90.6,0
2026-06-06,NODE-002,Sarojini Nagar Community Bins,South Delhi Zone 3,600,32000,5,6,1,0,0,,0,25.9,49,0.0,469.5,78.3,0
2026-06-06,NODE-003,INA Colony Street Cluster,South Delhi Zone 3,400,25000,5,6,1,0,0,,0,25.9,49,0.0,320.5,80.1,0
2026-06-06,NODE-004,Nehru Place Commercial Hub,South Delhi Zone 3,1200,45000,5,6,1,0,0,,0,25.9,49,0.0,1157.5,96.5,0
2026-06-06,NODE-005,Greater Kailash Block N,South Delhi Zone 3,500,20000,5,6,1,0,0,,0,25.9,49,0.0,326.0,65.2,0
2026-06-06,NODE-006,Defence Colony Main Road,South Delhi Zone 3,600,22000,5,6,1,0,0,,0,25.9,49,0.0,460.9,76.8,0
2026-06-06,NODE-007,CR Park Bengali Colony,South Delhi Zone 3,500,28000,5,6,1,0,0,,0,25.9,49,0.0,379.6,75.9,0
2026-06-06,NODE-008,Jangpura Extension Market,South Delhi Zone 3,450,30000,5,6,1,0,0,,0,25.9,49,0.0,373.1,82.9,0
2026-06-06,NODE-009,Bhogal Vegetable Market,South Delhi Zone 3,700,40000,5,6,1,0,0,,0,25.9,49,0.0,606.2,86.6,0
2026-06-06,NODE-010,Andrews Ganj Colony,South Delhi Zone 3,350,18000,5,6,1,0,0,,0,25.9,49,0.0,252.8,72.2,0
2026-06-06,NODE-011,Moolchand Market Cluster,South Delhi Zone 3,550,26000,5,6,1,0,0,,0,25.9,49,0.0,430.9,78.3,0
2026-06-06,NODE-012,Sidhartha Nagar Bins,South Delhi Zone 3,400,35000,5,6,1,0,0,,0,25.9,49,0.0,319.9,80.0,0
2026-06-06,NODE-013,Kotla Mubarakpur Street,South Delhi Zone 3,480,33000,5,6,1,0,0,,0,25.9,49,0.0,394.6,82.2,0
2026-06-06,NODE-014,Malviya Nagar Main Market,South Delhi Zone 4,700,30000,5,6,1,0,0,,0,25.9,49,0.0,554.2,79.2,0
2026-06-06,NODE-015,Okhla Phase 1 Industrial Area,South Delhi Zone 4,1500,15000,5,6,1,0,0,,0,25.9,49,0.0,898.3,59.9,0
2026-06-06,NODE-016,Hauz Khas Village Cluster,South Delhi Zone 4,450,18000,5,6,1,0,0,,0,25.9,49,0.0,286.1,63.6,0
2026-06-06,NODE-017,Saket Select Citywalk Area,South Delhi Zone 4,900,25000,5,6,1,0,0,,0,25.9,49,0.0,650.9,72.3,0
2026-06-06,NODE-018,Sheikh Sarai Phase 2,South Delhi Zone 4,400,22000,5,6,1,0,0,,0,25.9,49,0.0,284.4,71.1,0
2026-06-06,NODE-019,Kalkaji Main Road Bins,South Delhi Zone 4,600,36000,5,6,1,0,0,,0,25.9,49,0.0,506.5,84.4,0
2026-06-06,NODE-020,Govindpuri Market Cluster,South Delhi Zone 4,550,42000,5,6,1,0,0,,0,25.9,49,0.0,508.1,92.4,0
2026-06-06,NODE-021,Sangam Vihar Block A,South Delhi Zone 4,800,48000,5,6,1,0,0,,0,25.9,49,0.0,751.9,94.0,0
2026-06-06,NODE-022,Madanpur Khadar Bins,South Delhi Zone 4,650,44000,5,6,1,0,0,,0,25.9,49,0.0,586.5,90.2,0
2026-06-06,NODE-023,Jasola Apollo Hospital Area,South Delhi Zone 4,500,20000,5,6,1,0,0,,0,25.9,49,0.0,353.5,70.7,0
2026-06-06,NODE-024,Alaknanda Market Community Bins,South Delhi Zone 4,480,27000,5,6,1,0,0,,0,25.9,49,0.0,346.2,72.1,0
2026-06-06,NODE-025,Pul Prehladpur Cluster,South Delhi Zone 4,700,39000,5,6,1,0,0,,0,25.9,49,0.0,663.7,94.8,0
2026-06-07,NODE-001,Lajpat Nagar Market Bin Cluster,South Delhi Zone 3,800,38000,6,6,1,0,0,,1,25.0,45,0.0,696.4,87.0,0
2026-06-07,NODE-002,Sarojini Nagar Community Bins,South Delhi Zone 3,600,32000,6,6,1,0,0,,1,25.0,45,0.0,487.4,81.2,0
2026-06-07,NODE-003,INA Colony Street Cluster,South Delhi Zone 3,400,25000,6,6,1,0,0,,1,25.0,45,0.0,296.7,74.2,0
2026-06-07,NODE-004,Nehru Place Commercial Hub,South Delhi Zone 3,1200,45000,6,6,1,0,0,,1,25.0,45,0.0,1136.3,94.7,0
2026-06-07,NODE-005,Greater Kailash Block N,South Delhi Zone 3,500,20000,6,6,1,0,0,,1,25.0,45,0.0,345.8,69.2,0
2026-06-07,NODE-006,Defence Colony Main Road,South Delhi Zone 3,600,22000,6,6,1,0,0,,1,25.0,45,0.0,395.2,65.9,0
2026-06-07,NODE-007,CR Park Bengali Colony,South Delhi Zone 3,500,28000,6,6,1,0,0,,1,25.0,45,0.0,375.7,75.1,0
2026-06-07,NODE-008,Jangpura Extension Market,South Delhi Zone 3,450,30000,6,6,1,0,0,,1,25.0,45,0.0,334.0,74.2,0
2026-06-07,NODE-009,Bhogal Vegetable Market,South Delhi Zone 3,700,40000,6,6,1,0,0,,1,25.0,45,0.0,613.9,87.7,0
2026-06-07,NODE-010,Andrews Ganj Colony,South Delhi Zone 3,350,18000,6,6,1,0,0,,1,25.0,45,0.0,229.0,65.4,0
2026-06-07,NODE-011,Moolchand Market Cluster,South Delhi Zone 3,550,26000,6,6,1,0,0,,1,25.0,45,0.0,440.4,80.1,0
2026-06-07,NODE-012,Sidhartha Nagar Bins,South Delhi Zone 3,400,35000,6,6,1,0,0,,1,25.0,45,0.0,356.1,89.0,0
2026-06-07,NODE-013,Kotla Mubarakpur Street,South Delhi Zone 3,480,33000,6,6,1,0,0,,1,25.0,45,0.0,402.1,83.8,0
2026-06-07,NODE-014,Malviya Nagar Main Market,South Delhi Zone 4,700,30000,6,6,1,0,0,,1,25.0,45,0.0,562.8,80.4,0
2026-06-07,NODE-015,Okhla Phase 1 Industrial Area,South Delhi Zone 4,1500,15000,6,6,1,0,0,,1,25.0,45,0.0,932.4,62.2,0
2026-06-07,NODE-016,Hauz Khas Village Cluster,South Delhi Zone 4,450,18000,6,6,1,0,0,,1,25.0,45,0.0,311.3,69.2,0
2026-06-07,NODE-017,Saket Select Citywalk Area,South Delhi Zone 4,900,25000,6,6,1,0,0,,1,25.0,45,0.0,719.3,79.9,0
2026-06-07,NODE-018,Sheikh Sarai Phase 2,South Delhi Zone 4,400,22000,6,6,1,0,0,,1,25.0,45,0.0,289.1,72.3,0
2026-06-07,NODE-019,Kalkaji Main Road Bins,South Delhi Zone 4,600,36000,6,6,1,0,0,,1,25.0,45,0.0,487.8,81.3,0
2026-06-07,NODE-020,Govindpuri Market Cluster,South Delhi Zone 4,550,42000,6,6,1,0,0,,1,25.0,45,0.0,463.7,84.3,0
2026-06-07,NODE-021,Sangam Vihar Block A,South Delhi Zone 4,800,48000,6,6,1,0,0,,1,25.0,45,0.0,747.7,93.5,0
2026-06-07,NODE-022,Madanpur Khadar Bins,South Delhi Zone 4,650,44000,6,6,1,0,0,,1,25.0,45,0.0,605.4,93.1,0
2026-06-07,NODE-023,Jasola Apollo Hospital Area,South Delhi Zone 4,500,20000,6,6,1,0,0,,1,25.0,45,0.0,359.5,71.9,0
2026-06-07,NODE-024,Alaknanda Market Community Bins,South Delhi Zone 4,480,27000,6,6,1,0,0,,1,25.0,45,0.0,382.1,79.6,0
2026-06-07,NODE-025,Pul Prehladpur Cluster,South Delhi Zone 4,700,39000,6,6,1,0,0,,1,25.0,45,0.0,603.6,86.2,0
2026-06-08,NODE-001,Lajpat Nagar Market Bin Cluster,South Delhi Zone 3,800,38000,0,6,0,1,0,,1,24.4,53,0.0,656.0,82.0,0
2026-06-08,NODE-002,Sarojini Nagar Community Bins,South Delhi Zone 3,600,32000,0,6,0,1,0,,1,24.4,53,0.0,401.5,66.9,0
2026-06-08,NODE-003,INA Colony Street Cluster,South Delhi Zone 3,400,25000,0,6,0,1,0,,1,24.4,53,0.0,241.4,60.4,0
2026-06-08,NODE-004,Nehru Place Commercial Hub,South Delhi Zone 3,1200,45000,0,6,0,1,0,,1,24.4,53,0.0,960.5,80.0,0
2026-06-08,NODE-005,Greater Kailash Block N,South Delhi Zone 3,500,20000,0,6,0,1,0,,1,24.4,53,0.0,288.5,57.7,0
2026-06-08,NODE-006,Defence Colony Main Road,South Delhi Zone 3,600,22000,0,6,0,1,0,,1,24.4,53,0.0,388.4,64.7,0
2026-06-08,NODE-007,CR Park Bengali Colony,South Delhi Zone 3,500,28000,0,6,0,1,0,,1,24.4,53,0.0,334.9,67.0,0
2026-06-08,NODE-008,Jangpura Extension Market,South Delhi Zone 3,450,30000,0,6,0,1,0,,1,24.4,53,0.0,327.3,72.7,0
2026-06-08,NODE-009,Bhogal Vegetable Market,South Delhi Zone 3,700,40000,0,6,0,1,0,,1,24.4,53,0.0,584.4,83.5,0
2026-06-08,NODE-010,Andrews Ganj Colony,South Delhi Zone 3,350,18000,0,6,0,1,0,,1,24.4,53,0.0,220.3,62.9,0
2026-06-08,NODE-011,Moolchand Market Cluster,South Delhi Zone 3,550,26000,0,6,0,1,0,,1,24.4,53,0.0,378.1,68.7,0
2026-06-08,NODE-012,Sidhartha Nagar Bins,South Delhi Zone 3,400,35000,0,6,0,1,0,,1,24.4,53,0.0,275.1,68.8,0
2026-06-08,NODE-013,Kotla Mubarakpur Street,South Delhi Zone 3,480,33000,0,6,0,1,0,,1,24.4,53,0.0,326.6,68.1,0
2026-06-08,NODE-014,Malviya Nagar Main Market,South Delhi Zone 4,700,30000,0,6,0,1,0,,1,24.4,53,0.0,464.8,66.4,0
2026-06-08,NODE-015,Okhla Phase 1 Industrial Area,South Delhi Zone 4,1500,15000,0,6,0,1,0,,1,24.4,53,0.0,828.6,55.2,0
2026-06-08,NODE-016,Hauz Khas Village Cluster,South Delhi Zone 4,450,18000,0,6,0,1,0,,1,24.4,53,0.0,274.2,60.9,0
2026-06-08,NODE-017,Saket Select Citywalk Area,South Delhi Zone 4,900,25000,0,6,0,1,0,,1,24.4,53,0.0,590.9,65.7,0
2026-06-08,NODE-018,Sheikh Sarai Phase 2,South Delhi Zone 4,400,22000,0,6,0,1,0,,1,24.4,53,0.0,243.8,61.0,0
2026-06-08,NODE-019,Kalkaji Main Road Bins,South Delhi Zone 4,600,36000,0,6,0,1,0,,1,24.4,53,0.0,425.3,70.9,0
2026-06-08,NODE-020,Govindpuri Market Cluster,South Delhi Zone 4,550,42000,0,6,0,1,0,,1,24.4,53,0.0,468.6,85.2,0
2026-06-08,NODE-021,Sangam Vihar Block A,South Delhi Zone 4,800,48000,0,6,0,1,0,,1,24.4,53,0.0,643.3,80.4,0
2026-06-08,NODE-022,Madanpur Khadar Bins,South Delhi Zone 4,650,44000,0,6,0,1,0,,1,24.4,53,0.0,518.3,79.7,0
2026-06-08,NODE-023,Jasola Apollo Hospital Area,South Delhi Zone 4,500,20000,0,6,0,1,0,,1,24.4,53,0.0,318.9,63.8,0
2026-06-08,NODE-024,Alaknanda Market Community Bins,South Delhi Zone 4,480,27000,0,6,0,1,0,,1,24.4,53,0.0,333.5,69.5,0
2026-06-08,NODE-025,Pul Prehladpur Cluster,South Delhi Zone 4,700,39000,0,6,0,1,0,,1,24.4,53,0.0,554.0,79.1,0
2026-06-09,NODE-001,Lajpat Nagar Market Bin Cluster,South Delhi Zone 3,800,38000,1,6,0,0,0,,0,28.1,41,0.0,585.2,73.2,0
2026-06-09,NODE-002,Sarojini Nagar Community Bins,South Delhi Zone 3,600,32000,1,6,0,0,0,,0,28.1,41,0.0,368.1,61.3,0
2026-06-09,NODE-003,INA Colony Street Cluster,South Delhi Zone 3,400,25000,1,6,0,0,0,,0,28.1,41,0.0,225.5,56.4,0
2026-06-09,NODE-004,Nehru Place Commercial Hub,South Delhi Zone 3,1200,45000,1,6,0,0,0,,0,28.1,41,0.0,944.3,78.7,0
2026-06-09,NODE-005,Greater Kailash Block N,South Delhi Zone 3,500,20000,1,6,0,0,0,,0,28.1,41,0.0,293.2,58.6,0
2026-06-09,NODE-006,Defence Colony Main Road,South Delhi Zone 3,600,22000,1,6,0,0,0,,0,28.1,41,0.0,350.4,58.4,0
2026-06-09,NODE-007,CR Park Bengali Colony,South Delhi Zone 3,500,28000,1,6,0,0,0,,0,28.1,41,0.0,312.6,62.5,0
2026-06-09,NODE-008,Jangpura Extension Market,South Delhi Zone 3,450,30000,1,6,0,0,0,,0,28.1,41,0.0,287.8,64.0,0
2026-06-09,NODE-009,Bhogal Vegetable Market,South Delhi Zone 3,700,40000,1,6,0,0,0,,0,28.1,41,0.0,487.0,69.6,0
2026-06-09,NODE-010,Andrews Ganj Colony,South Delhi Zone 3,350,18000,1,6,0,0,0,,0,28.1,41,0.0,184.6,52.7,0
2026-06-09,NODE-011,Moolchand Market Cluster,South Delhi Zone 3,550,26000,1,6,0,0,0,,0,28.1,41,0.0,327.7,59.6,0
2026-06-09,NODE-012,Sidhartha Nagar Bins,South Delhi Zone 3,400,35000,1,6,0,0,0,,0,28.1,41,0.0,281.8,70.5,0
2026-06-09,NODE-013,Kotla Mubarakpur Street,South Delhi Zone 3,480,33000,1,6,0,0,0,,0,28.1,41,0.0,319.9,66.6,0
2026-06-09,NODE-014,Malviya Nagar Main Market,South Delhi Zone 4,700,30000,1,6,0,0,0,,0,28.1,41,0.0,419.7,60.0,0
2026-06-09,NODE-015,Okhla Phase 1 Industrial Area,South Delhi Zone 4,1500,15000,1,6,0,0,0,,0,28.1,41,0.0,768.4,51.2,0
2026-06-09,NODE-016,Hauz Khas Village Cluster,South Delhi Zone 4,450,18000,1,6,0,0,0,,0,28.1,41,0.0,239.8,53.3,0
2026-06-09,NODE-017,Saket Select Citywalk Area,South Delhi Zone 4,900,25000,1,6,0,0,0,,0,28.1,41,0.0,557.5,61.9,0
2026-06-09,NODE-018,Sheikh Sarai Phase 2,South Delhi Zone 4,400,22000,1,6,0,0,0,,0,28.1,41,0.0,220.1,55.0,0
2026-06-09,NODE-019,Kalkaji Main Road Bins,South Delhi Zone 4,600,36000,1,6,0,0,0,,0,28.1,41,0.0,389.9,65.0,0
2026-06-09,NODE-020,Govindpuri Market Cluster,South Delhi Zone 4,550,42000,1,6,0,0,0,,0,28.1,41,0.0,408.8,74.3,0
2026-06-09,NODE-021,Sangam Vihar Block A,South Delhi Zone 4,800,48000,1,6,0,0,0,,0,28.1,41,0.0,554.7,69.3,0
2026-06-09,NODE-022,Madanpur Khadar Bins,South Delhi Zone 4,650,44000,1,6,0,0,0,,0,28.1,41,0.0,438.2,67.4,0
2026-06-09,NODE-023,Jasola Apollo Hospital Area,South Delhi Zone 4,500,20000,1,6,0,0,0,,0,28.1,41,0.0,292.1,58.4,0
2026-06-09,NODE-024,Alaknanda Market Community Bins,South Delhi Zone 4,480,27000,1,6,0,0,0,,0,28.1,41,0.0,267.6,55.8,0
2026-06-09,NODE-025,Pul Prehladpur Cluster,South Delhi Zone 4,700,39000,1,6,0,0,0,,0,28.1,41,0.0,515.2,73.6,0
2026-06-10,NODE-001,Lajpat Nagar Market Bin Cluster,South Delhi Zone 3,800,38000,2,6,0,0,0,,0,29.5,41,0.0,519.3,64.9,0
2026-06-10,NODE-002,Sarojini Nagar Community Bins,South Delhi Zone 3,600,32000,2,6,0,0,0,,0,29.5,41,0.0,383.9,64.0,0
2026-06-10,NODE-003,INA Colony Street Cluster,South Delhi Zone 3,400,25000,2,6,0,0,0,,0,29.5,41,0.0,249.2,62.3,0
2026-06-10,NODE-004,Nehru Place Commercial Hub,South Delhi Zone 3,1200,45000,2,6,0,0,0,,0,29.5,41,0.0,909.7,75.8,0
2026-06-10,NODE-005,Greater Kailash Block N,South Delhi Zone 3,500,20000,2,6,0,0,0,,0,29.5,41,0.0,256.4,51.3,0
2026-06-10,NODE-006,Defence Colony Main Road,South Delhi Zone 3,600,22000,2,6,0,0,0,,0,29.5,41,0.0,342.0,57.0,0
2026-06-10,NODE-007,CR Park Bengali Colony,South Delhi Zone 3,500,28000,2,6,0,0,0,,0,29.5,41,0.0,306.9,61.4,0
2026-06-10,NODE-008,Jangpura Extension Market,South Delhi Zone 3,450,30000,2,6,0,0,0,,0,29.5,41,0.0,267.8,59.5,0
2026-06-10,NODE-009,Bhogal Vegetable Market,South Delhi Zone 3,700,40000,2,6,0,0,0,,0,29.5,41,0.0,501.1,71.6,0
2026-06-10,NODE-010,Andrews Ganj Colony,South Delhi Zone 3,350,18000,2,6,0,0,0,,0,29.5,41,0.0,186.1,53.2,0
2026-06-10,NODE-011,Moolchand Market Cluster,South Delhi Zone 3,550,26000,2,6,0,0,0,,0,29.5,41,0.0,331.8,60.3,0
2026-06-10,NODE-012,Sidhartha Nagar Bins,South Delhi Zone 3,400,35000,2,6,0,0,0,,0,29.5,41,0.0,244.6,61.2,0
2026-06-10,NODE-013,Kotla Mubarakpur Street,South Delhi Zone 3,480,33000,2,6,0,0,0,,0,29.5,41,0.0,304.6,63.5,0
2026-06-10,NODE-014,Malviya Nagar Main Market,South Delhi Zone 4,700,30000,2,6,0,0,0,,0,29.5,41,0.0,449.6,64.2,0
2026-06-10,NODE-015,Okhla Phase 1 Industrial Area,South Delhi Zone 4,1500,15000,2,6,0,0,0,,0,29.5,41,0.0,711.0,47.4,0
2026-06-10,NODE-016,Hauz Khas Village Cluster,South Delhi Zone 4,450,18000,2,6,0,0,0,,0,29.5,41,0.0,248.5,55.2,0
2026-06-10,NODE-017,Saket Select Citywalk Area,South Delhi Zone 4,900,25000,2,6,0,0,0,,0,29.5,41,0.0,482.8,53.6,0
2026-06-10,NODE-018,Sheikh Sarai Phase 2,South Delhi Zone 4,400,22000,2,6,0,0,0,,0,29.5,41,0.0,225.7,56.4,0
2026-06-10,NODE-019,Kalkaji Main Road Bins,South Delhi Zone 4,600,36000,2,6,0,0,0,,0,29.5,41,0.0,427.3,71.2,0
2026-06-10,NODE-020,Govindpuri Market Cluster,South Delhi Zone 4,550,42000,2,6,0,0,0,,0,29.5,41,0.0,385.8,70.2,0
2026-06-10,NODE-021,Sangam Vihar Block A,South Delhi Zone 4,800,48000,2,6,0,0,0,,0,29.5,41,0.0,628.9,78.6,0
2026-06-10,NODE-022,Madanpur Khadar Bins,South Delhi Zone 4,650,44000,2,6,0,0,0,,0,29.5,41,0.0,501.4,77.1,0
2026-06-10,NODE-023,Jasola Apollo Hospital Area,South Delhi Zone 4,500,20000,2,6,0,0,0,,0,29.5,41,0.0,271.2,54.2,0
2026-06-10,NODE-024,Alaknanda Market Community Bins,South Delhi Zone 4,480,27000,2,6,0,0,0,,0,29.5,41,0.0,273.1,56.9,0
2026-06-10,NODE-025,Pul Prehladpur Cluster,South Delhi Zone 4,700,39000,2,6,0,0,0,,0,29.5,41,0.0,518.3,74.0,0
2026-06-11,NODE-001,Lajpat Nagar Market Bin Cluster,South Delhi Zone 3,800,38000,3,6,0,0,0,,0,28.5,64,0.0,568.8,71.1,0
2026-06-11,NODE-002,Sarojini Nagar Community Bins,South Delhi Zone 3,600,32000,3,6,0,0,0,,0,28.5,64,0.0,390.8,65.1,0
2026-06-11,NODE-003,INA Colony Street Cluster,South Delhi Zone 3,400,25000,3,6,0,0,0,,0,28.5,64,0.0,223.0,55.8,0
2026-06-11,NODE-004,Nehru Place Commercial Hub,South Delhi Zone 3,1200,45000,3,6,0,0,0,,0,28.5,64,0.0,915.7,76.3,0
2026-06-11,NODE-005,Greater Kailash Block N,South Delhi Zone 3,500,20000,3,6,0,0,0,,0,28.5,64,0.0,287.5,57.5,0
2026-06-11,NODE-006,Defence Colony Main Road,South Delhi Zone 3,600,22000,3,6,0,0,0,,0,28.5,64,0.0,311.0,51.8,0
2026-06-11,NODE-007,CR Park Bengali Colony,South Delhi Zone 3,500,28000,3,6,0,0,0,,0,28.5,64,0.0,323.1,64.6,0
2026-06-11,NODE-008,Jangpura Extension Market,South Delhi Zone 3,450,30000,3,6,0,0,0,,0,28.5,64,0.0,275.6,61.3,0
2026-06-11,NODE-009,Bhogal Vegetable Market,South Delhi Zone 3,700,40000,3,6,0,0,0,,0,28.5,64,0.0,514.2,73.5,0
2026-06-11,NODE-010,Andrews Ganj Colony,South Delhi Zone 3,350,18000,3,6,0,0,0,,0,28.5,64,0.0,198.1,56.6,0
2026-06-11,NODE-011,Moolchand Market Cluster,South Delhi Zone 3,550,26000,3,6,0,0,0,,0,28.5,64,0.0,300.5,54.6,0
2026-06-11,NODE-012,Sidhartha Nagar Bins,South Delhi Zone 3,400,35000,3,6,0,0,0,,0,28.5,64,0.0,277.7,69.4,0
2026-06-11,NODE-013,Kotla Mubarakpur Street,South Delhi Zone 3,480,33000,3,6,0,0,0,,0,28.5,64,0.0,323.1,67.3,0
2026-06-11,NODE-014,Malviya Nagar Main Market,South Delhi Zone 4,700,30000,3,6,0,0,0,,0,28.5,64,0.0,412.7,59.0,0
2026-06-11,NODE-015,Okhla Phase 1 Industrial Area,South Delhi Zone 4,1500,15000,3,6,0,0,0,,0,28.5,64,0.0,789.8,52.7,0
2026-06-11,NODE-016,Hauz Khas Village Cluster,South Delhi Zone 4,450,18000,3,6,0,0,0,,0,28.5,64,0.0,252.3,56.1,0
2026-06-11,NODE-017,Saket Select Citywalk Area,South Delhi Zone 4,900,25000,3,6,0,0,0,,0,28.5,64,0.0,506.6,56.3,0
2026-06-11,NODE-018,Sheikh Sarai Phase 2,South Delhi Zone 4,400,22000,3,6,0,0,0,,0,28.5,64,0.0,207.3,51.8,0
2026-06-11,NODE-019,Kalkaji Main Road Bins,South Delhi Zone 4,600,36000,3,6,0,0,0,,0,28.5,64,0.0,386.9,64.5,0
2026-06-11,NODE-020,Govindpuri Market Cluster,South Delhi Zone 4,550,42000,3,6,0,0,0,,0,28.5,64,0.0,398.1,72.4,0
2026-06-11,NODE-021,Sangam Vihar Block A,South Delhi Zone 4,800,48000,3,6,0,0,0,,0,28.5,64,0.0,628.3,78.5,0
2026-06-11,NODE-022,Madanpur Khadar Bins,South Delhi Zone 4,650,44000,3,6,0,0,0,,0,28.5,64,0.0,460.3,70.8,0
2026-06-11,NODE-023,Jasola Apollo Hospital Area,South Delhi Zone 4,500,20000,3,6,0,0,0,,0,28.5,64,0.0,270.2,54.0,0
2026-06-11,NODE-024,Alaknanda Market Community Bins,South Delhi Zone 4,480,27000,3,6,0,0,0,,0,28.5,64,0.0,293.4,61.1,0
2026-06-11,NODE-025,Pul Prehladpur Cluster,South Delhi Zone 4,700,39000,3,6,0,0,0,,0,28.5,64,0.0,484.4,69.2,0
2026-06-12,NODE-001,Lajpat Nagar Market Bin Cluster,South Delhi Zone 3,800,38000,4,6,0,0,0,,1,23.3,51,0.0,542.5,67.8,0
2026-06-12,NODE-002,Sarojini Nagar Community Bins,South Delhi Zone 3,600,32000,4,6,0,0,0,,1,23.3,51,0.0,362.8,60.5,0
2026-06-12,NODE-003,INA Colony Street Cluster,South Delhi Zone 3,400,25000,4,6,0,0,0,,1,23.3,51,0.0,218.6,54.6,0
2026-06-12,NODE-004,Nehru Place Commercial Hub,South Delhi Zone 3,1200,45000,4,6,0,0,0,,1,23.3,51,0.0,834.4,69.5,0
2026-06-12,NODE-005,Greater Kailash Block N,South Delhi Zone 3,500,20000,4,6,0,0,0,,1,23.3,51,0.0,270.4,54.1,0
2026-06-12,NODE-006,Defence Colony Main Road,South Delhi Zone 3,600,22000,4,6,0,0,0,,1,23.3,51,0.0,322.8,53.8,0
2026-06-12,NODE-007,CR Park Bengali Colony,South Delhi Zone 3,500,28000,4,6,0,0,0,,1,23.3,51,0.0,287.5,57.5,0
2026-06-12,NODE-008,Jangpura Extension Market,South Delhi Zone 3,450,30000,4,6,0,0,0,,1,23.3,51,0.0,289.9,64.4,0
2026-06-12,NODE-009,Bhogal Vegetable Market,South Delhi Zone 3,700,40000,4,6,0,0,0,,1,23.3,51,0.0,510.5,72.9,0
2026-06-12,NODE-010,Andrews Ganj Colony,South Delhi Zone 3,350,18000,4,6,0,0,0,,1,23.3,51,0.0,187.2,53.5,0
2026-06-12,NODE-011,Moolchand Market Cluster,South Delhi Zone 3,550,26000,4,6,0,0,0,,1,23.3,51,0.0,338.0,61.4,0
2026-06-12,NODE-012,Sidhartha Nagar Bins,South Delhi Zone 3,400,35000,4,6,0,0,0,,1,23.3,51,0.0,249.8,62.5,0
2026-06-12,NODE-013,Kotla Mubarakpur Street,South Delhi Zone 3,480,33000,4,6,0,0,0,,1,23.3,51,0.0,326.5,68.0,0
2026-06-12,NODE-014,Malviya Nagar Main Market,South Delhi Zone 4,700,30000,4,6,0,0,0,,1,23.3,51,0.0,462.1,66.0,0
2026-06-12,NODE-015,Okhla Phase 1 Industrial Area,South Delhi Zone 4,1500,15000,4,6,0,0,0,,1,23.3,51,0.0,799.2,53.3,0
2026-06-12,NODE-016,Hauz Khas Village Cluster,South Delhi Zone 4,450,18000,4,6,0,0,0,,1,23.3,51,0.0,238.7,53.0,0
2026-06-12,NODE-017,Saket Select Citywalk Area,South Delhi Zone 4,900,25000,4,6,0,0,0,,1,23.3,51,0.0,489.6,54.4,0
2026-06-12,NODE-018,Sheikh Sarai Phase 2,South Delhi Zone 4,400,22000,4,6,0,0,0,,1,23.3,51,0.0,229.9,57.5,0
2026-06-12,NODE-019,Kalkaji Main Road Bins,South Delhi Zone 4,600,36000,4,6,0,0,0,,1,23.3,51,0.0,379.7,63.3,0
2026-06-12,NODE-020,Govindpuri Market Cluster,South Delhi Zone 4,550,42000,4,6,0,0,0,,1,23.3,51,0.0,369.2,67.1,0
2026-06-12,NODE-021,Sangam Vihar Block A,South Delhi Zone 4,800,48000,4,6,0,0,0,,1,23.3,51,0.0,571.4,71.4,0
2026-06-12,NODE-022,Madanpur Khadar Bins,South Delhi Zone 4,650,44000,4,6,0,0,0,,1,23.3,51,0.0,453.7,69.8,0
2026-06-12,NODE-023,Jasola Apollo Hospital Area,South Delhi Zone 4,500,20000,4,6,0,0,0,,1,23.3,51,0.0,261.8,52.4,0
2026-06-12,NODE-024,Alaknanda Market Community Bins,South Delhi Zone 4,480,27000,4,6,0,0,0,,1,23.3,51,0.0,274.8,57.3,0
2026-06-12,NODE-025,Pul Prehladpur Cluster,South Delhi Zone 4,700,39000,4,6,0,0,0,,1,23.3,51,0.0,502.1,71.7,0
2026-06-13,NODE-001,Lajpat Nagar Market Bin Cluster,South Delhi Zone 3,800,38000,5,6,1,0,0,,3,25.0,58,0.0,703.7,88.0,0
2026-06-13,NODE-002,Sarojini Nagar Community Bins,South Delhi Zone 3,600,32000,5,6,1,0,0,,3,25.0,58,0.0,468.1,78.0,0
2026-06-13,NODE-003,INA Colony Street Cluster,South Delhi Zone 3,400,25000,5,6,1,0,0,,3,25.0,58,0.0,290.5,72.6,0
2026-06-13,NODE-004,Nehru Place Commercial Hub,South Delhi Zone 3,1200,45000,5,6,1,0,0,,3,25.0,58,0.0,1077.5,89.8,0
2026-06-13,NODE-005,Greater Kailash Block N,South Delhi Zone 3,500,20000,5,6,1,0,0,,3,25.0,58,0.0,356.5,71.3,0
2026-06-13,NODE-006,Defence Colony Main Road,South Delhi Zone 3,600,22000,5,6,1,0,0,,3,25.0,58,0.0,426.0,71.0,0
2026-06-13,NODE-007,CR Park Bengali Colony,South Delhi Zone 3,500,28000,5,6,1,0,0,,3,25.0,58,0.0,365.1,73.0,0
2026-06-13,NODE-008,Jangpura Extension Market,South Delhi Zone 3,450,30000,5,6,1,0,0,,3,25.0,58,0.0,366.9,81.5,0
2026-06-13,NODE-009,Bhogal Vegetable Market,South Delhi Zone 3,700,40000,5,6,1,0,0,,3,25.0,58,0.0,664.3,94.9,0
2026-06-13,NODE-010,Andrews Ganj Colony,South Delhi Zone 3,350,18000,5,6,1,0,0,,3,25.0,58,0.0,250.9,71.7,0
2026-06-13,NODE-011,Moolchand Market Cluster,South Delhi Zone 3,550,26000,5,6,1,0,0,,3,25.0,58,0.0,431.9,78.5,0
2026-06-13,NODE-012,Sidhartha Nagar Bins,South Delhi Zone 3,400,35000,5,6,1,0,0,,3,25.0,58,0.0,346.3,86.6,0
2026-06-13,NODE-013,Kotla Mubarakpur Street,South Delhi Zone 3,480,33000,5,6,1,0,0,,3,25.0,58,0.0,402.7,83.9,0
2026-06-13,NODE-014,Malviya Nagar Main Market,South Delhi Zone 4,700,30000,5,6,1,0,0,,3,25.0,58,0.0,593.2,84.7,0
2026-06-13,NODE-015,Okhla Phase 1 Industrial Area,South Delhi Zone 4,1500,15000,5,6,1,0,0,,3,25.0,58,0.0,948.2,63.2,0
2026-06-13,NODE-016,Hauz Khas Village Cluster,South Delhi Zone 4,450,18000,5,6,1,0,0,,3,25.0,58,0.0,290.2,64.5,0
2026-06-13,NODE-017,Saket Select Citywalk Area,South Delhi Zone 4,900,25000,5,6,1,0,0,,3,25.0,58,0.0,717.7,79.7,0
2026-06-13,NODE-018,Sheikh Sarai Phase 2,South Delhi Zone 4,400,22000,5,6,1,0,0,,3,25.0,58,0.0,284.6,71.1,0
2026-06-13,NODE-019,Kalkaji Main Road Bins,South Delhi Zone 4,600,36000,5,6,1,0,0,,3,25.0,58,0.0,506.3,84.4,0
2026-06-13,NODE-020,Govindpuri Market Cluster,South Delhi Zone 4,550,42000,5,6,1,0,0,,3,25.0,58,0.0,538.7,97.9,0
2026-06-13,NODE-021,Sangam Vihar Block A,South Delhi Zone 4,800,48000,5,6,1,0,0,,3,25.0,58,0.0,734.8,91.9,0
2026-06-13,NODE-022,Madanpur Khadar Bins,South Delhi Zone 4,650,44000,5,6,1,0,0,,3,25.0,58,0.0,622.5,95.8,0
2026-06-13,NODE-023,Jasola Apollo Hospital Area,South Delhi Zone 4,500,20000,5,6,1,0,0,,3,25.0,58,0.0,370.2,74.0,0
2026-06-13,NODE-024,Alaknanda Market Community Bins,South Delhi Zone 4,480,27000,5,6,1,0,0,,3,25.0,58,0.0,381.1,79.4,0
2026-06-13,NODE-025,Pul Prehladpur Cluster,South Delhi Zone 4,700,39000,5,6,1,0,0,,3,25.0,58,0.0,645.2,92.2,0
2026-06-14,NODE-001,Lajpat Nagar Market Bin Cluster,South Delhi Zone 3,800,38000,6,6,1,0,0,,1,29.6,56,0.0,723.9,90.5,0
2026-06-14,NODE-002,Sarojini Nagar Community Bins,South Delhi Zone 3,600,32000,6,6,1,0,0,,1,29.6,56,0.0,515.7,86.0,0
2026-06-14,NODE-003,INA Colony Street Cluster,South Delhi Zone 3,400,25000,6,6,1,0,0,,1,29.6,56,0.0,277.3,69.3,0
2026-06-14,NODE-004,Nehru Place Commercial Hub,South Delhi Zone 3,1200,45000,6,6,1,0,0,,1,29.6,56,0.0,1115.4,93.0,0
2026-06-14,NODE-005,Greater Kailash Block N,South Delhi Zone 3,500,20000,6,6,1,0,0,,1,29.6,56,0.0,358.5,71.7,0
2026-06-14,NODE-006,Defence Colony Main Road,South Delhi Zone 3,600,22000,6,6,1,0,0,,1,29.6,56,0.0,399.4,66.6,0
2026-06-14,NODE-007,CR Park Bengali Colony,South Delhi Zone 3,500,28000,6,6,1,0,0,,1,29.6,56,0.0,390.1,78.0,0
2026-06-14,NODE-008,Jangpura Extension Market,South Delhi Zone 3,450,30000,6,6,1,0,0,,1,29.6,56,0.0,331.3,73.6,0
2026-06-14,NODE-009,Bhogal Vegetable Market,South Delhi Zone 3,700,40000,6,6,1,0,0,,1,29.6,56,0.0,627.0,89.6,0
2026-06-14,NODE-010,Andrews Ganj Colony,South Delhi Zone 3,350,18000,6,6,1,0,0,,1,29.6,56,0.0,236.5,67.6,0
2026-06-14,NODE-011,Moolchand Market Cluster,South Delhi Zone 3,550,26000,6,6,1,0,0,,1,29.6,56,0.0,418.8,76.2,0
2026-06-14,NODE-012,Sidhartha Nagar Bins,South Delhi Zone 3,400,35000,6,6,1,0,0,,1,29.6,56,0.0,317.3,79.3,0
2026-06-14,NODE-013,Kotla Mubarakpur Street,South Delhi Zone 3,480,33000,6,6,1,0,0,,1,29.6,56,0.0,383.2,79.8,0
2026-06-14,NODE-014,Malviya Nagar Main Market,South Delhi Zone 4,700,30000,6,6,1,0,0,,1,29.6,56,0.0,556.0,79.4,0
2026-06-14,NODE-015,Okhla Phase 1 Industrial Area,South Delhi Zone 4,1500,15000,6,6,1,0,0,,1,29.6,56,0.0,909.3,60.6,0
2026-06-14,NODE-016,Hauz Khas Village Cluster,South Delhi Zone 4,450,18000,6,6,1,0,0,,1,29.6,56,0.0,289.4,64.3,0
2026-06-14,NODE-017,Saket Select Citywalk Area,South Delhi Zone 4,900,25000,6,6,1,0,0,,1,29.6,56,0.0,677.6,75.3,0
2026-06-14,NODE-018,Sheikh Sarai Phase 2,South Delhi Zone 4,400,22000,6,6,1,0,0,,1,29.6,56,0.0,266.9,66.7,0
2026-06-14,NODE-019,Kalkaji Main Road Bins,South Delhi Zone 4,600,36000,6,6,1,0,0,,1,29.6,56,0.0,510.8,85.1,0
2026-06-14,NODE-020,Govindpuri Market Cluster,South Delhi Zone 4,550,42000,6,6,1,0,0,,1,29.6,56,0.0,524.3,95.3,0
2026-06-14,NODE-021,Sangam Vihar Block A,South Delhi Zone 4,800,48000,6,6,1,0,0,,1,29.6,56,0.0,744.4,93.1,0
2026-06-14,NODE-022,Madanpur Khadar Bins,South Delhi Zone 4,650,44000,6,6,1,0,0,,1,29.6,56,0.0,604.3,93.0,0
2026-06-14,NODE-023,Jasola Apollo Hospital Area,South Delhi Zone 4,500,20000,6,6,1,0,0,,1,29.6,56,0.0,344.8,69.0,0
2026-06-14,NODE-024,Alaknanda Market Community Bins,South Delhi Zone 4,480,27000,6,6,1,0,0,,1,29.6,56,0.0,340.1,70.9,0
2026-06-14,NODE-025,Pul Prehladpur Cluster,South Delhi Zone 4,700,39000,6,6,1,0,0,,1,29.6,56,0.0,611.7,87.4,0
2026-06-15,NODE-001,Lajpat Nagar Market Bin Cluster,South Delhi Zone 3,800,38000,0,6,0,1,0,,1,29.2,47,0.0,588.0,73.5,0
2026-06-15,NODE-002,Sarojini Nagar Community Bins,South Delhi Zone 3,600,32000,0,6,0,1,0,,1,29.2,47,0.0,394.2,65.7,0
2026-06-15,NODE-003,INA Colony Street Cluster,South Delhi Zone 3,400,25000,0,6,0,1,0,,1,29.2,47,0.0,249.8,62.4,0
2026-06-15,NODE-004,Nehru Place Commercial Hub,South Delhi Zone 3,1200,45000,0,6,0,1,0,,1,29.2,47,0.0,922.4,76.9,0
2026-06-15,NODE-005,Greater Kailash Block N,South Delhi Zone 3,500,20000,0,6,0,1,0,,1,29.2,47,0.0,301.8,60.4,0
2026-06-15,NODE-006,Defence Colony Main Road,South Delhi Zone 3,600,22000,0,6,0,1,0,,1,29.2,47,0.0,389.0,64.8,0
2026-06-15,NODE-007,CR Park Bengali Colony,South Delhi Zone 3,500,28000,0,6,0,1,0,,1,29.2,47,0.0,342.0,68.4,0
2026-06-15,NODE-008,Jangpura Extension Market,South Delhi Zone 3,450,30000,0,6,0,1,0,,1,29.2,47,0.0,291.4,64.8,0
2026-06-15,NODE-009,Bhogal Vegetable Market,South Delhi Zone 3,700,40000,0,6,0,1,0,,1,29.2,47,0.0,582.1,83.2,0
2026-06-15,NODE-010,Andrews Ganj Colony,South Delhi Zone 3,350,18000,0,6,0,1,0,,1,29.2,47,0.0,224.1,64.0,0
2026-06-15,NODE-011,Moolchand Market Cluster,South Delhi Zone 3,550,26000,0,6,0,1,0,,1,29.2,47,0.0,362.7,65.9,0
2026-06-15,NODE-012,Sidhartha Nagar Bins,South Delhi Zone 3,400,35000,0,6,0,1,0,,1,29.2,47,0.0,285.7,71.4,0
2026-06-15,NODE-013,Kotla Mubarakpur Street,South Delhi Zone 3,480,33000,0,6,0,1,0,,1,29.2,47,0.0,329.0,68.5,0
2026-06-15,NODE-014,Malviya Nagar Main Market,South Delhi Zone 4,700,30000,0,6,0,1,0,,1,29.2,47,0.0,459.2,65.6,0
2026-06-15,NODE-015,Okhla Phase 1 Industrial Area,South Delhi Zone 4,1500,15000,0,6,0,1,0,,1,29.2,47,0.0,871.8,58.1,0
2026-06-15,NODE-016,Hauz Khas Village Cluster,South Delhi Zone 4,450,18000,0,6,0,1,0,,1,29.2,47,0.0,277.1,61.6,0
2026-06-15,NODE-017,Saket Select Citywalk Area,South Delhi Zone 4,900,25000,0,6,0,1,0,,1,29.2,47,0.0,632.2,70.2,0
2026-06-15,NODE-018,Sheikh Sarai Phase 2,South Delhi Zone 4,400,22000,0,6,0,1,0,,1,29.2,47,0.0,246.2,61.6,0
2026-06-15,NODE-019,Kalkaji Main Road Bins,South Delhi Zone 4,600,36000,0,6,0,1,0,,1,29.2,47,0.0,476.9,79.5,0
2026-06-15,NODE-020,Govindpuri Market Cluster,South Delhi Zone 4,550,42000,0,6,0,1,0,,1,29.2,47,0.0,436.0,79.3,0
2026-06-15,NODE-021,Sangam Vihar Block A,South Delhi Zone 4,800,48000,0,6,0,1,0,,1,29.2,47,0.0,704.0,88.0,0
2026-06-15,NODE-022,Madanpur Khadar Bins,South Delhi Zone 4,650,44000,0,6,0,1,0,,1,29.2,47,0.0,520.3,80.0,0
2026-06-15,NODE-023,Jasola Apollo Hospital Area,South Delhi Zone 4,500,20000,0,6,0,1,0,,1,29.2,47,0.0,285.0,57.0,0
2026-06-15,NODE-024,Alaknanda Market Community Bins,South Delhi Zone 4,480,27000,0,6,0,1,0,,1,29.2,47,0.0,346.0,72.1,0
2026-06-15,NODE-025,Pul Prehladpur Cluster,South Delhi Zone 4,700,39000,0,6,0,1,0,,1,29.2,47,0.0,574.0,82.0,0
2026-06-16,NODE-001,Lajpat Nagar Market Bin Cluster,South Delhi Zone 3,800,38000,1,6,0,0,0,,0,30.6,38,0.0,517.3,64.7,0
2026-06-16,NODE-002,Sarojini Nagar Community Bins,South Delhi Zone 3,600,32000,1,6,0,0,0,,0,30.6,38,0.0,383.8,64.0,0
2026-06-16,NODE-003,INA Colony Street Cluster,South Delhi Zone 3,400,25000,1,6,0,0,0,,0,30.6,38,0.0,234.1,58.5,0
2026-06-16,NODE-004,Nehru Place Commercial Hub,South Delhi Zone 3,1200,45000,1,6,0,0,0,,0,30.6,38,0.0,914.2,76.2,0
2026-06-16,NODE-005,Greater Kailash Block N,South Delhi Zone 3,500,20000,1,6,0,0,0,,0,30.6,38,0.0,260.1,52.0,0
2026-06-16,NODE-006,Defence Colony Main Road,South Delhi Zone 3,600,22000,1,6,0,0,0,,0,30.6,38,0.0,309.1,51.5,0
2026-06-16,NODE-007,CR Park Bengali Colony,South Delhi Zone 3,500,28000,1,6,0,0,0,,0,30.6,38,0.0,279.6,55.9,0
2026-06-16,NODE-008,Jangpura Extension Market,South Delhi Zone 3,450,30000,1,6,0,0,0,,0,30.6,38,0.0,270.3,60.1,0
2026-06-16,NODE-009,Bhogal Vegetable Market,South Delhi Zone 3,700,40000,1,6,0,0,0,,0,30.6,38,0.0,501.4,71.6,0
2026-06-16,NODE-010,Andrews Ganj Colony,South Delhi Zone 3,350,18000,1,6,0,0,0,,0,30.6,38,0.0,186.5,53.3,0
2026-06-16,NODE-011,Moolchand Market Cluster,South Delhi Zone 3,550,26000,1,6,0,0,0,,0,30.6,38,0.0,326.3,59.3,0
2026-06-16,NODE-012,Sidhartha Nagar Bins,South Delhi Zone 3,400,35000,1,6,0,0,0,,0,30.6,38,0.0,277.1,69.3,0
2026-06-16,NODE-013,Kotla Mubarakpur Street,South Delhi Zone 3,480,33000,1,6,0,0,0,,0,30.6,38,0.0,296.4,61.8,0
2026-06-16,NODE-014,Malviya Nagar Main Market,South Delhi Zone 4,700,30000,1,6,0,0,0,,0,30.6,38,0.0,423.8,60.5,0
2026-06-16,NODE-015,Okhla Phase 1 Industrial Area,South Delhi Zone 4,1500,15000,1,6,0,0,0,,0,30.6,38,0.0,732.2,48.8,0
2026-06-16,NODE-016,Hauz Khas Village Cluster,South Delhi Zone 4,450,18000,1,6,0,0,0,,0,30.6,38,0.0,254.8,56.6,0
2026-06-16,NODE-017,Saket Select Citywalk Area,South Delhi Zone 4,900,25000,1,6,0,0,0,,0,30.6,38,0.0,543.2,60.4,0
2026-06-16,NODE-018,Sheikh Sarai Phase 2,South Delhi Zone 4,400,22000,1,6,0,0,0,,0,30.6,38,0.0,210.0,52.5,0
2026-06-16,NODE-019,Kalkaji Main Road Bins,South Delhi Zone 4,600,36000,1,6,0,0,0,,0,30.6,38,0.0,419.6,69.9,0
2026-06-16,NODE-020,Govindpuri Market Cluster,South Delhi Zone 4,550,42000,1,6,0,0,0,,0,30.6,38,0.0,386.6,70.3,0
2026-06-16,NODE-021,Sangam Vihar Block A,South Delhi Zone 4,800,48000,1,6,0,0,0,,0,30.6,38,0.0,613.0,76.6,0
2026-06-16,NODE-022,Madanpur Khadar Bins,South Delhi Zone 4,650,44000,1,6,0,0,0,,0,30.6,38,0.0,501.8,77.2,0
2026-06-16,NODE-023,Jasola Apollo Hospital Area,South Delhi Zone 4,500,20000,1,6,0,0,0,,0,30.6,38,0.0,251.1,50.2,0
2026-06-16,NODE-024,Alaknanda Market Community Bins,South Delhi Zone 4,480,27000,1,6,0,0,0,,0,30.6,38,0.0,273.4,57.0,0
2026-06-16,NODE-025,Pul Prehladpur Cluster,South Delhi Zone 4,700,39000,1,6,0,0,0,,0,30.6,38,0.0,451.7,64.5,0
2026-06-17,NODE-001,Lajpat Nagar Market Bin Cluster,South Delhi Zone 3,800,38000,2,6,0,0,0,,0,28.0,57,0.0,577.8,72.2,0
2026-06-17,NODE-002,Sarojini Nagar Community Bins,South Delhi Zone 3,600,32000,2,6,0,0,0,,0,28.0,57,0.0,366.0,61.0,0
2026-06-17,NODE-003,INA Colony Street Cluster,South Delhi Zone 3,400,25000,2,6,0,0,0,,0,28.0,57,0.0,216.0,54.0,0
2026-06-17,NODE-004,Nehru Place Commercial Hub,South Delhi Zone 3,1200,45000,2,6,0,0,0,,0,28.0,57,0.0,873.4,72.8,0
2026-06-17,NODE-005,Greater Kailash Block N,South Delhi Zone 3,500,20000,2,6,0,0,0,,0,28.0,57,0.0,274.0,54.8,0
2026-06-17,NODE-006,Defence Colony Main Road,South Delhi Zone 3,600,22000,2,6,0,0,0,,0,28.0,57,0.0,349.5,58.2,0
2026-06-17,NODE-007,CR Park Bengali Colony,South Delhi Zone 3,500,28000,2,6,0,0,0,,0,28.0,57,0.0,316.1,63.2,0
2026-06-17,NODE-008,Jangpura Extension Market,South Delhi Zone 3,450,30000,2,6,0,0,0,,0,28.0,57,0.0,263.2,58.5,0
2026-06-17,NODE-009,Bhogal Vegetable Market,South Delhi Zone 3,700,40000,2,6,0,0,0,,0,28.0,57,0.0,526.3,75.2,0
2026-06-17,NODE-010,Andrews Ganj Colony,South Delhi Zone 3,350,18000,2,6,0,0,0,,0,28.0,57,0.0,177.3,50.7,0
2026-06-17,NODE-011,Moolchand Market Cluster,South Delhi Zone 3,550,26000,2,6,0,0,0,,0,28.0,57,0.0,346.2,62.9,0
2026-06-17,NODE-012,Sidhartha Nagar Bins,South Delhi Zone 3,400,35000,2,6,0,0,0,,0,28.0,57,0.0,266.7,66.7,0
2026-06-17,NODE-013,Kotla Mubarakpur Street,South Delhi Zone 3,480,33000,2,6,0,0,0,,0,28.0,57,0.0,312.7,65.2,0
2026-06-17,NODE-014,Malviya Nagar Main Market,South Delhi Zone 4,700,30000,2,6,0,0,0,,0,28.0,57,0.0,453.4,64.8,0
2026-06-17,NODE-015,Okhla Phase 1 Industrial Area,South Delhi Zone 4,1500,15000,2,6,0,0,0,,0,28.0,57,0.0,798.2,53.2,0
2026-06-17,NODE-016,Hauz Khas Village Cluster,South Delhi Zone 4,450,18000,2,6,0,0,0,,0,28.0,57,0.0,228.1,50.7,0
2026-06-17,NODE-017,Saket Select Citywalk Area,South Delhi Zone 4,900,25000,2,6,0,0,0,,0,28.0,57,0.0,555.9,61.8,0
2026-06-17,NODE-018,Sheikh Sarai Phase 2,South Delhi Zone 4,400,22000,2,6,0,0,0,,0,28.0,57,0.0,241.3,60.3,0
2026-06-17,NODE-019,Kalkaji Main Road Bins,South Delhi Zone 4,600,36000,2,6,0,0,0,,0,28.0,57,0.0,401.2,66.9,0
2026-06-17,NODE-020,Govindpuri Market Cluster,South Delhi Zone 4,550,42000,2,6,0,0,0,,0,28.0,57,0.0,386.3,70.2,0
2026-06-17,NODE-021,Sangam Vihar Block A,South Delhi Zone 4,800,48000,2,6,0,0,0,,0,28.0,57,0.0,566.8,70.9,0
2026-06-17,NODE-022,Madanpur Khadar Bins,South Delhi Zone 4,650,44000,2,6,0,0,0,,0,28.0,57,0.0,477.1,73.4,0
2026-06-17,NODE-023,Jasola Apollo Hospital Area,South Delhi Zone 4,500,20000,2,6,0,0,0,,0,28.0,57,0.0,276.2,55.2,0
2026-06-17,NODE-024,Alaknanda Market Community Bins,South Delhi Zone 4,480,27000,2,6,0,0,0,,0,28.0,57,0.0,297.7,62.0,0
2026-06-17,NODE-025,Pul Prehladpur Cluster,South Delhi Zone 4,700,39000,2,6,0,0,0,,0,28.0,57,0.0,457.4,65.3,0
2026-06-18,NODE-001,Lajpat Nagar Market Bin Cluster,South Delhi Zone 3,800,38000,3,6,0,0,0,,0,27.6,36,0.0,586.5,73.3,0
2026-06-18,NODE-002,Sarojini Nagar Community Bins,South Delhi Zone 3,600,32000,3,6,0,0,0,,0,27.6,36,0.0,408.5,68.1,0
2026-06-18,NODE-003,INA Colony Street Cluster,South Delhi Zone 3,400,25000,3,6,0,0,0,,0,27.6,36,0.0,239.4,59.9,0
2026-06-18,NODE-004,Nehru Place Commercial Hub,South Delhi Zone 3,1200,45000,3,6,0,0,0,,0,27.6,36,0.0,922.3,76.9,0
2026-06-18,NODE-005,Greater Kailash Block N,South Delhi Zone 3,500,20000,3,6,0,0,0,,0,27.6,36,0.0,264.3,52.9,0
2026-06-18,NODE-006,Defence Colony Main Road,South Delhi Zone 3,600,22000,3,6,0,0,0,,0,27.6,36,0.0,331.3,55.2,0
2026-06-18,NODE-007,CR Park Bengali Colony,South Delhi Zone 3,500,28000,3,6,0,0,0,,0,27.6,36,0.0,285.7,57.1,0
2026-06-18,NODE-008,Jangpura Extension Market,South Delhi Zone 3,450,30000,3,6,0,0,0,,0,27.6,36,0.0,273.8,60.8,0
2026-06-18,NODE-009,Bhogal Vegetable Market,South Delhi Zone 3,700,40000,3,6,0,0,0,,0,27.6,36,0.0,507.7,72.5,0
2026-06-18,NODE-010,Andrews Ganj Colony,South Delhi Zone 3,350,18000,3,6,0,0,0,,0,27.6,36,0.0,184.4,52.7,0
2026-06-18,NODE-011,Moolchand Market Cluster,South Delhi Zone 3,550,26000,3,6,0,0,0,,0,27.6,36,0.0,342.7,62.3,0
2026-06-18,NODE-012,Sidhartha Nagar Bins,South Delhi Zone 3,400,35000,3,6,0,0,0,,0,27.6,36,0.0,255.1,63.8,0
2026-06-18,NODE-013,Kotla Mubarakpur Street,South Delhi Zone 3,480,33000,3,6,0,0,0,,0,27.6,36,0.0,319.2,66.5,0
2026-06-18,NODE-014,Malviya Nagar Main Market,South Delhi Zone 4,700,30000,3,6,0,0,0,,0,27.6,36,0.0,455.7,65.1,0
2026-06-18,NODE-015,Okhla Phase 1 Industrial Area,South Delhi Zone 4,1500,15000,3,6,0,0,0,,0,27.6,36,0.0,809.9,54.0,0
2026-06-18,NODE-016,Hauz Khas Village Cluster,South Delhi Zone 4,450,18000,3,6,0,0,0,,0,27.6,36,0.0,240.5,53.4,0
2026-06-18,NODE-017,Saket Select Citywalk Area,South Delhi Zone 4,900,25000,3,6,0,0,0,,0,27.6,36,0.0,563.5,62.6,0
2026-06-18,NODE-018,Sheikh Sarai Phase 2,South Delhi Zone 4,400,22000,3,6,0,0,0,,0,27.6,36,0.0,225.9,56.5,0
2026-06-18,NODE-019,Kalkaji Main Road Bins,South Delhi Zone 4,600,36000,3,6,0,0,0,,0,27.6,36,0.0,376.4,62.7,0
2026-06-18,NODE-020,Govindpuri Market Cluster,South Delhi Zone 4,550,42000,3,6,0,0,0,,0,27.6,36,0.0,375.6,68.3,0
2026-06-18,NODE-021,Sangam Vihar Block A,South Delhi Zone 4,800,48000,3,6,0,0,0,,0,27.6,36,0.0,560.1,70.0,0
2026-06-18,NODE-022,Madanpur Khadar Bins,South Delhi Zone 4,650,44000,3,6,0,0,0,,0,27.6,36,0.0,483.9,74.4,0
2026-06-18,NODE-023,Jasola Apollo Hospital Area,South Delhi Zone 4,500,20000,3,6,0,0,0,,0,27.6,36,0.0,290.6,58.1,0
2026-06-18,NODE-024,Alaknanda Market Community Bins,South Delhi Zone 4,480,27000,3,6,0,0,0,,0,27.6,36,0.0,302.9,63.1,0
2026-06-18,NODE-025,Pul Prehladpur Cluster,South Delhi Zone 4,700,39000,3,6,0,0,0,,0,27.6,36,0.0,451.0,64.4,0
2026-06-19,NODE-001,Lajpat Nagar Market Bin Cluster,South Delhi Zone 3,800,38000,4,6,0,0,0,,1,23.9,43,0.0,534.6,66.8,0
2026-06-19,NODE-002,Sarojini Nagar Community Bins,South Delhi Zone 3,600,32000,4,6,0,0,0,,1,23.9,43,0.0,388.0,64.7,0
2026-06-19,NODE-003,INA Colony Street Cluster,South Delhi Zone 3,400,25000,4,6,0,0,0,,1,23.9,43,0.0,215.9,54.0,0
2026-06-19,NODE-004,Nehru Place Commercial Hub,South Delhi Zone 3,1200,45000,4,6,0,0,0,,1,23.9,43,0.0,821.7,68.5,0
2026-06-19,NODE-005,Greater Kailash Block N,South Delhi Zone 3,500,20000,4,6,0,0,0,,1,23.9,43,0.0,285.5,57.1,0
2026-06-19,NODE-006,Defence Colony Main Road,South Delhi Zone 3,600,22000,4,6,0,0,0,,1,23.9,43,0.0,340.5,56.8,0
2026-06-19,NODE-007,CR Park Bengali Colony,South Delhi Zone 3,500,28000,4,6,0,0,0,,1,23.9,43,0.0,311.0,62.2,0
2026-06-19,NODE-008,Jangpura Extension Market,South Delhi Zone 3,450,30000,4,6,0,0,0,,1,23.9,43,0.0,266.7,59.3,0
2026-06-19,NODE-009,Bhogal Vegetable Market,South Delhi Zone 3,700,40000,4,6,0,0,0,,1,23.9,43,0.0,465.1,66.4,0
2026-06-19,NODE-010,Andrews Ganj Colony,South Delhi Zone 3,350,18000,4,6,0,0,0,,1,23.9,43,0.0,197.3,56.4,0
2026-06-19,NODE-011,Moolchand Market Cluster,South Delhi Zone 3,550,26000,4,6,0,0,0,,1,23.9,43,0.0,314.4,57.2,0
2026-06-19,NODE-012,Sidhartha Nagar Bins,South Delhi Zone 3,400,35000,4,6,0,0,0,,1,23.9,43,0.0,280.8,70.2,0
2026-06-19,NODE-013,Kotla Mubarakpur Street,South Delhi Zone 3,480,33000,4,6,0,0,0,,1,23.9,43,0.0,294.7,61.4,0
2026-06-19,NODE-014,Malviya Nagar Main Market,South Delhi Zone 4,700,30000,4,6,0,0,0,,1,23.9,43,0.0,412.9,59.0,0
2026-06-19,NODE-015,Okhla Phase 1 Industrial Area,South Delhi Zone 4,1500,15000,4,6,0,0,0,,1,23.9,43,0.0,788.8,52.6,0
2026-06-19,NODE-016,Hauz Khas Village Cluster,South Delhi Zone 4,450,18000,4,6,0,0,0,,1,23.9,43,0.0,247.5,55.0,0
2026-06-19,NODE-017,Saket Select Citywalk Area,South Delhi Zone 4,900,25000,4,6,0,0,0,,1,23.9,43,0.0,545.6,60.6,0
2026-06-19,NODE-018,Sheikh Sarai Phase 2,South Delhi Zone 4,400,22000,4,6,0,0,0,,1,23.9,43,0.0,238.7,59.7,0
2026-06-19,NODE-019,Kalkaji Main Road Bins,South Delhi Zone 4,600,36000,4,6,0,0,0,,1,23.9,43,0.0,412.4,68.7,0
2026-06-19,NODE-020,Govindpuri Market Cluster,South Delhi Zone 4,550,42000,4,6,0,0,0,,1,23.9,43,0.0,404.4,73.5,0
2026-06-19,NODE-021,Sangam Vihar Block A,South Delhi Zone 4,800,48000,4,6,0,0,0,,1,23.9,43,0.0,578.3,72.3,0
2026-06-19,NODE-022,Madanpur Khadar Bins,South Delhi Zone 4,650,44000,4,6,0,0,0,,1,23.9,43,0.0,453.1,69.7,0
2026-06-19,NODE-023,Jasola Apollo Hospital Area,South Delhi Zone 4,500,20000,4,6,0,0,0,,1,23.9,43,0.0,264.5,52.9,0
2026-06-19,NODE-024,Alaknanda Market Community Bins,South Delhi Zone 4,480,27000,4,6,0,0,0,,1,23.9,43,0.0,277.0,57.7,0
2026-06-19,NODE-025,Pul Prehladpur Cluster,South Delhi Zone 4,700,39000,4,6,0,0,0,,1,23.9,43,0.0,479.9,68.6,0
2026-06-20,NODE-001,Lajpat Nagar Market Bin Cluster,South Delhi Zone 3,800,38000,5,6,1,0,0,,0,25.1,46,0.0,697.0,87.1,0
2026-06-20,NODE-002,Sarojini Nagar Community Bins,South Delhi Zone 3,600,32000,5,6,1,0,0,,0,25.1,46,0.0,486.5,81.1,0
2026-06-20,NODE-003,INA Colony Street Cluster,South Delhi Zone 3,400,25000,5,6,1,0,0,,0,25.1,46,0.0,278.1,69.5,0
2026-06-20,NODE-004,Nehru Place Commercial Hub,South Delhi Zone 3,1200,45000,5,6,1,0,0,,0,25.1,46,0.0,1211.6,101.0,1
2026-06-20,NODE-005,Greater Kailash Block N,South Delhi Zone 3,500,20000,5,6,1,0,0,,0,25.1,46,0.0,345.5,69.1,0
2026-06-20,NODE-006,Defence Colony Main Road,South Delhi Zone 3,600,22000,5,6,1,0,0,,0,25.1,46,0.0,451.6,75.3,0
2026-06-20,NODE-007,CR Park Bengali Colony,South Delhi Zone 3,500,28000,5,6,1,0,0,,0,25.1,46,0.0,411.7,82.3,0
2026-06-20,NODE-008,Jangpura Extension Market,South Delhi Zone 3,450,30000,5,6,1,0,0,,0,25.1,46,0.0,348.9,77.5,0
2026-06-20,NODE-009,Bhogal Vegetable Market,South Delhi Zone 3,700,40000,5,6,1,0,0,,0,25.1,46,0.0,613.7,87.7,0
2026-06-20,NODE-010,Andrews Ganj Colony,South Delhi Zone 3,350,18000,5,6,1,0,0,,0,25.1,46,0.0,238.6,68.2,0
2026-06-20,NODE-011,Moolchand Market Cluster,South Delhi Zone 3,550,26000,5,6,1,0,0,,0,25.1,46,0.0,395.6,71.9,0
2026-06-20,NODE-012,Sidhartha Nagar Bins,South Delhi Zone 3,400,35000,5,6,1,0,0,,0,25.1,46,0.0,317.1,79.3,0
2026-06-20,NODE-013,Kotla Mubarakpur Street,South Delhi Zone 3,480,33000,5,6,1,0,0,,0,25.1,46,0.0,378.9,78.9,0
2026-06-20,NODE-014,Malviya Nagar Main Market,South Delhi Zone 4,700,30000,5,6,1,0,0,,0,25.1,46,0.0,592.7,84.7,0
2026-06-20,NODE-015,Okhla Phase 1 Industrial Area,South Delhi Zone 4,1500,15000,5,6,1,0,0,,0,25.1,46,0.0,981.0,65.4,0
2026-06-20,NODE-016,Hauz Khas Village Cluster,South Delhi Zone 4,450,18000,5,6,1,0,0,,0,25.1,46,0.0,299.7,66.6,0
2026-06-20,NODE-017,Saket Select Citywalk Area,South Delhi Zone 4,900,25000,5,6,1,0,0,,0,25.1,46,0.0,631.6,70.2,0
2026-06-20,NODE-018,Sheikh Sarai Phase 2,South Delhi Zone 4,400,22000,5,6,1,0,0,,0,25.1,46,0.0,277.8,69.4,0
2026-06-20,NODE-019,Kalkaji Main Road Bins,South Delhi Zone 4,600,36000,5,6,1,0,0,,0,25.1,46,0.0,500.2,83.4,0
2026-06-20,NODE-020,Govindpuri Market Cluster,South Delhi Zone 4,550,42000,5,6,1,0,0,,0,25.1,46,0.0,526.2,95.7,0
2026-06-20,NODE-021,Sangam Vihar Block A,South Delhi Zone 4,800,48000,5,6,1,0,0,,0,25.1,46,0.0,749.9,93.7,0
2026-06-20,NODE-022,Madanpur Khadar Bins,South Delhi Zone 4,650,44000,5,6,1,0,0,,0,25.1,46,0.0,618.0,95.1,0
2026-06-20,NODE-023,Jasola Apollo Hospital Area,South Delhi Zone 4,500,20000,5,6,1,0,0,,0,25.1,46,0.0,357.5,71.5,0
2026-06-20,NODE-024,Alaknanda Market Community Bins,South Delhi Zone 4,480,27000,5,6,1,0,0,,0,25.1,46,0.0,351.8,73.3,0
2026-06-20,NODE-025,Pul Prehladpur Cluster,South Delhi Zone 4,700,39000,5,6,1,0,0,,0,25.1,46,0.0,647.1,92.4,0
2026-06-21,NODE-001,Lajpat Nagar Market Bin Cluster,South Delhi Zone 3,800,38000,6,6,1,0,0,,3,28.4,50,0.0,691.2,86.4,0
2026-06-21,NODE-002,Sarojini Nagar Community Bins,South Delhi Zone 3,600,32000,6,6,1,0,0,,3,28.4,50,0.0,504.8,84.1,0
2026-06-21,NODE-003,INA Colony Street Cluster,South Delhi Zone 3,400,25000,6,6,1,0,0,,3,28.4,50,0.0,290.2,72.5,0
2026-06-21,NODE-004,Nehru Place Commercial Hub,South Delhi Zone 3,1200,45000,6,6,1,0,0,,3,28.4,50,0.0,1060.2,88.3,0
2026-06-21,NODE-005,Greater Kailash Block N,South Delhi Zone 3,500,20000,6,6,1,0,0,,3,28.4,50,0.0,349.8,70.0,0
2026-06-21,NODE-006,Defence Colony Main Road,South Delhi Zone 3,600,22000,6,6,1,0,0,,3,28.4,50,0.0,406.7,67.8,0
2026-06-21,NODE-007,CR Park Bengali Colony,South Delhi Zone 3,500,28000,6,6,1,0,0,,3,28.4,50,0.0,410.2,82.0,0
2026-06-21,NODE-008,Jangpura Extension Market,South Delhi Zone 3,450,30000,6,6,1,0,0,,3,28.4,50,0.0,384.2,85.4,0
2026-06-21,NODE-009,Bhogal Vegetable Market,South Delhi Zone 3,700,40000,6,6,1,0,0,,3,28.4,50,0.0,667.7,95.4,0
2026-06-21,NODE-010,Andrews Ganj Colony,South Delhi Zone 3,350,18000,6,6,1,0,0,,3,28.4,50,0.0,237.2,67.8,0
2026-06-21,NODE-011,Moolchand Market Cluster,South Delhi Zone 3,550,26000,6,6,1,0,0,,3,28.4,50,0.0,436.5,79.4,0
2026-06-21,NODE-012,Sidhartha Nagar Bins,South Delhi Zone 3,400,35000,6,6,1,0,0,,3,28.4,50,0.0,313.2,78.3,0
2026-06-21,NODE-013,Kotla Mubarakpur Street,South Delhi Zone 3,480,33000,6,6,1,0,0,,3,28.4,50,0.0,414.0,86.3,0
2026-06-21,NODE-014,Malviya Nagar Main Market,South Delhi Zone 4,700,30000,6,6,1,0,0,,3,28.4,50,0.0,514.1,73.4,0
2026-06-21,NODE-015,Okhla Phase 1 Industrial Area,South Delhi Zone 4,1500,15000,6,6,1,0,0,,3,28.4,50,0.0,892.2,59.5,0
2026-06-21,NODE-016,Hauz Khas Village Cluster,South Delhi Zone 4,450,18000,6,6,1,0,0,,3,28.4,50,0.0,286.1,63.6,0
2026-06-21,NODE-017,Saket Select Citywalk Area,South Delhi Zone 4,900,25000,6,6,1,0,0,,3,28.4,50,0.0,682.7,75.9,0
2026-06-21,NODE-018,Sheikh Sarai Phase 2,South Delhi Zone 4,400,22000,6,6,1,0,0,,3,28.4,50,0.0,265.8,66.5,0
2026-06-21,NODE-019,Kalkaji Main Road Bins,South Delhi Zone 4,600,36000,6,6,1,0,0,,3,28.4,50,0.0,481.5,80.3,0
2026-06-21,NODE-020,Govindpuri Market Cluster,South Delhi Zone 4,550,42000,6,6,1,0,0,,3,28.4,50,0.0,477.1,86.7,0
2026-06-21,NODE-021,Sangam Vihar Block A,South Delhi Zone 4,800,48000,6,6,1,0,0,,3,28.4,50,0.0,744.7,93.1,0
2026-06-21,NODE-022,Madanpur Khadar Bins,South Delhi Zone 4,650,44000,6,6,1,0,0,,3,28.4,50,0.0,560.6,86.3,0
2026-06-21,NODE-023,Jasola Apollo Hospital Area,South Delhi Zone 4,500,20000,6,6,1,0,0,,3,28.4,50,0.0,354.9,71.0,0
2026-06-21,NODE-024,Alaknanda Market Community Bins,South Delhi Zone 4,480,27000,6,6,1,0,0,,3,28.4,50,0.0,391.4,81.5,0
2026-06-21,NODE-025,Pul Prehladpur Cluster,South Delhi Zone 4,700,39000,6,6,1,0,0,,3,28.4,50,0.0,656.1,93.7,0
2026-06-22,NODE-001,Lajpat Nagar Market Bin Cluster,South Delhi Zone 3,800,38000,0,6,0,1,0,,0,22.2,52,0.0,617.1,77.1,0
2026-06-22,NODE-002,Sarojini Nagar Community Bins,South Delhi Zone 3,600,32000,0,6,0,1,0,,0,22.2,52,0.0,394.8,65.8,0
2026-06-22,NODE-003,INA Colony Street Cluster,South Delhi Zone 3,400,25000,0,6,0,1,0,,0,22.2,52,0.0,262.8,65.7,0
2026-06-22,NODE-004,Nehru Place Commercial Hub,South Delhi Zone 3,1200,45000,0,6,0,1,0,,0,22.2,52,0.0,954.3,79.5,0
2026-06-22,NODE-005,Greater Kailash Block N,South Delhi Zone 3,500,20000,0,6,0,1,0,,0,22.2,52,0.0,328.9,65.8,0
2026-06-22,NODE-006,Defence Colony Main Road,South Delhi Zone 3,600,22000,0,6,0,1,0,,0,22.2,52,0.0,347.8,58.0,0
2026-06-22,NODE-007,CR Park Bengali Colony,South Delhi Zone 3,500,28000,0,6,0,1,0,,0,22.2,52,0.0,356.8,71.4,0
2026-06-22,NODE-008,Jangpura Extension Market,South Delhi Zone 3,450,30000,0,6,0,1,0,,0,22.2,52,0.0,322.2,71.6,0
2026-06-22,NODE-009,Bhogal Vegetable Market,South Delhi Zone 3,700,40000,0,6,0,1,0,,0,22.2,52,0.0,574.4,82.1,0
2026-06-22,NODE-010,Andrews Ganj Colony,South Delhi Zone 3,350,18000,0,6,0,1,0,,0,22.2,52,0.0,221.5,63.3,0
2026-06-22,NODE-011,Moolchand Market Cluster,South Delhi Zone 3,550,26000,0,6,0,1,0,,0,22.2,52,0.0,341.4,62.1,0
2026-06-22,NODE-012,Sidhartha Nagar Bins,South Delhi Zone 3,400,35000,0,6,0,1,0,,0,22.2,52,0.0,276.7,69.2,0
2026-06-22,NODE-013,Kotla Mubarakpur Street,South Delhi Zone 3,480,33000,0,6,0,1,0,,0,22.2,52,0.0,327.2,68.2,0
2026-06-22,NODE-014,Malviya Nagar Main Market,South Delhi Zone 4,700,30000,0,6,0,1,0,,0,22.2,52,0.0,463.6,66.2,0
2026-06-22,NODE-015,Okhla Phase 1 Industrial Area,South Delhi Zone 4,1500,15000,0,6,0,1,0,,0,22.2,52,0.0,856.1,57.1,0
2026-06-22,NODE-016,Hauz Khas Village Cluster,South Delhi Zone 4,450,18000,0,6,0,1,0,,0,22.2,52,0.0,280.8,62.4,0
2026-06-22,NODE-017,Saket Select Citywalk Area,South Delhi Zone 4,900,25000,0,6,0,1,0,,0,22.2,52,0.0,566.6,63.0,0
2026-06-22,NODE-018,Sheikh Sarai Phase 2,South Delhi Zone 4,400,22000,0,6,0,1,0,,0,22.2,52,0.0,247.1,61.8,0
2026-06-22,NODE-019,Kalkaji Main Road Bins,South Delhi Zone 4,600,36000,0,6,0,1,0,,0,22.2,52,0.0,439.7,73.3,0
2026-06-22,NODE-020,Govindpuri Market Cluster,South Delhi Zone 4,550,42000,0,6,0,1,0,,0,22.2,52,0.0,433.0,78.7,0
2026-06-22,NODE-021,Sangam Vihar Block A,South Delhi Zone 4,800,48000,0,6,0,1,0,,0,22.2,52,0.0,666.9,83.4,0
2026-06-22,NODE-022,Madanpur Khadar Bins,South Delhi Zone 4,650,44000,0,6,0,1,0,,0,22.2,52,0.0,572.3,88.0,0
2026-06-22,NODE-023,Jasola Apollo Hospital Area,South Delhi Zone 4,500,20000,0,6,0,1,0,,0,22.2,52,0.0,292.2,58.4,0
2026-06-22,NODE-024,Alaknanda Market Community Bins,South Delhi Zone 4,480,27000,0,6,0,1,0,,0,22.2,52,0.0,331.6,69.1,0
2026-06-22,NODE-025,Pul Prehladpur Cluster,South Delhi Zone 4,700,39000,0,6,0,1,0,,0,22.2,52,0.0,571.7,81.7,0
2026-06-23,NODE-001,Lajpat Nagar Market Bin Cluster,South Delhi Zone 3,800,38000,1,6,0,0,0,,0,30.6,59,0.0,504.5,63.1,0
2026-06-23,NODE-002,Sarojini Nagar Community Bins,South Delhi Zone 3,600,32000,1,6,0,0,0,,0,30.6,59,0.0,375.8,62.6,0
2026-06-23,NODE-003,INA Colony Street Cluster,South Delhi Zone 3,400,25000,1,6,0,0,0,,0,30.6,59,0.0,228.4,57.1,0
2026-06-23,NODE-004,Nehru Place Commercial Hub,South Delhi Zone 3,1200,45000,1,6,0,0,0,,0,30.6,59,0.0,878.6,73.2,0
2026-06-23,NODE-005,Greater Kailash Block N,South Delhi Zone 3,500,20000,1,6,0,0,0,,0,30.6,59,0.0,278.2,55.6,0
2026-06-23,NODE-006,Defence Colony Main Road,South Delhi Zone 3,600,22000,1,6,0,0,0,,0,30.6,59,0.0,346.7,57.8,0
2026-06-23,NODE-007,CR Park Bengali Colony,South Delhi Zone 3,500,28000,1,6,0,0,0,,0,30.6,59,0.0,282.5,56.5,0
2026-06-23,NODE-008,Jangpura Extension Market,South Delhi Zone 3,450,30000,1,6,0,0,0,,0,30.6,59,0.0,294.7,65.5,0
2026-06-23,NODE-009,Bhogal Vegetable Market,South Delhi Zone 3,700,40000,1,6,0,0,0,,0,30.6,59,0.0,499.1,71.3,0
2026-06-23,NODE-010,Andrews Ganj Colony,South Delhi Zone 3,350,18000,1,6,0,0,0,,0,30.6,59,0.0,180.2,51.5,0
2026-06-23,NODE-011,Moolchand Market Cluster,South Delhi Zone 3,550,26000,1,6,0,0,0,,0,30.6,59,0.0,349.4,63.5,0
2026-06-23,NODE-012,Sidhartha Nagar Bins,South Delhi Zone 3,400,35000,1,6,0,0,0,,0,30.6,59,0.0,283.5,70.9,0
2026-06-23,NODE-013,Kotla Mubarakpur Street,South Delhi Zone 3,480,33000,1,6,0,0,0,,0,30.6,59,0.0,328.4,68.4,0
2026-06-23,NODE-014,Malviya Nagar Main Market,South Delhi Zone 4,700,30000,1,6,0,0,0,,0,30.6,59,0.0,463.6,66.2,0
2026-06-23,NODE-015,Okhla Phase 1 Industrial Area,South Delhi Zone 4,1500,15000,1,6,0,0,0,,0,30.6,59,0.0,726.7,48.4,0
2026-06-23,NODE-016,Hauz Khas Village Cluster,South Delhi Zone 4,450,18000,1,6,0,0,0,,0,30.6,59,0.0,253.4,56.3,0
2026-06-23,NODE-017,Saket Select Citywalk Area,South Delhi Zone 4,900,25000,1,6,0,0,0,,0,30.6,59,0.0,540.4,60.0,0
2026-06-23,NODE-018,Sheikh Sarai Phase 2,South Delhi Zone 4,400,22000,1,6,0,0,0,,0,30.6,59,0.0,226.3,56.6,0
2026-06-23,NODE-019,Kalkaji Main Road Bins,South Delhi Zone 4,600,36000,1,6,0,0,0,,0,30.6,59,0.0,385.2,64.2,0
2026-06-23,NODE-020,Govindpuri Market Cluster,South Delhi Zone 4,550,42000,1,6,0,0,0,,0,30.6,59,0.0,418.3,76.0,0
2026-06-23,NODE-021,Sangam Vihar Block A,South Delhi Zone 4,800,48000,1,6,0,0,0,,0,30.6,59,0.0,605.4,75.7,0
2026-06-23,NODE-022,Madanpur Khadar Bins,South Delhi Zone 4,650,44000,1,6,0,0,0,,0,30.6,59,0.0,456.2,70.2,0
2026-06-23,NODE-023,Jasola Apollo Hospital Area,South Delhi Zone 4,500,20000,1,6,0,0,0,,0,30.6,59,0.0,274.1,54.8,0
2026-06-23,NODE-024,Alaknanda Market Community Bins,South Delhi Zone 4,480,27000,1,6,0,0,0,,0,30.6,59,0.0,294.2,61.3,0
2026-06-23,NODE-025,Pul Prehladpur Cluster,South Delhi Zone 4,700,39000,1,6,0,0,0,,0,30.6,59,0.0,457.7,65.4,0
2026-06-24,NODE-001,Lajpat Nagar Market Bin Cluster,South Delhi Zone 3,800,38000,2,6,0,0,0,,1,22.2,41,0.0,552.9,69.1,0
2026-06-24,NODE-002,Sarojini Nagar Community Bins,South Delhi Zone 3,600,32000,2,6,0,0,0,,1,22.2,41,0.0,396.9,66.2,0
2026-06-24,NODE-003,INA Colony Street Cluster,South Delhi Zone 3,400,25000,2,6,0,0,0,,1,22.2,41,0.0,241.0,60.2,0
2026-06-24,NODE-004,Nehru Place Commercial Hub,South Delhi Zone 3,1200,45000,2,6,0,0,0,,1,22.2,41,0.0,867.6,72.3,0
2026-06-24,NODE-005,Greater Kailash Block N,South Delhi Zone 3,500,20000,2,6,0,0,0,,1,22.2,41,0.0,253.8,50.8,0
2026-06-24,NODE-006,Defence Colony Main Road,South Delhi Zone 3,600,22000,2,6,0,0,0,,1,22.2,41,0.0,317.7,52.9,0
2026-06-24,NODE-007,CR Park Bengali Colony,South Delhi Zone 3,500,28000,2,6,0,0,0,,1,22.2,41,0.0,290.1,58.0,0
2026-06-24,NODE-008,Jangpura Extension Market,South Delhi Zone 3,450,30000,2,6,0,0,0,,1,22.2,41,0.0,294.3,65.4,0
2026-06-24,NODE-009,Bhogal Vegetable Market,South Delhi Zone 3,700,40000,2,6,0,0,0,,1,22.2,41,0.0,479.2,68.5,0
2026-06-24,NODE-010,Andrews Ganj Colony,South Delhi Zone 3,350,18000,2,6,0,0,0,,1,22.2,41,0.0,197.0,56.3,0
2026-06-24,NODE-011,Moolchand Market Cluster,South Delhi Zone 3,550,26000,2,6,0,0,0,,1,22.2,41,0.0,315.9,57.4,0
2026-06-24,NODE-012,Sidhartha Nagar Bins,South Delhi Zone 3,400,35000,2,6,0,0,0,,1,22.2,41,0.0,274.3,68.6,0
2026-06-24,NODE-013,Kotla Mubarakpur Street,South Delhi Zone 3,480,33000,2,6,0,0,0,,1,22.2,41,0.0,291.1,60.6,0
2026-06-24,NODE-014,Malviya Nagar Main Market,South Delhi Zone 4,700,30000,2,6,0,0,0,,1,22.2,41,0.0,468.4,66.9,0
2026-06-24,NODE-015,Okhla Phase 1 Industrial Area,South Delhi Zone 4,1500,15000,2,6,0,0,0,,1,22.2,41,0.0,786.7,52.4,0
2026-06-24,NODE-016,Hauz Khas Village Cluster,South Delhi Zone 4,450,18000,2,6,0,0,0,,1,22.2,41,0.0,238.2,52.9,0
2026-06-24,NODE-017,Saket Select Citywalk Area,South Delhi Zone 4,900,25000,2,6,0,0,0,,1,22.2,41,0.0,564.1,62.7,0
2026-06-24,NODE-018,Sheikh Sarai Phase 2,South Delhi Zone 4,400,22000,2,6,0,0,0,,1,22.2,41,0.0,207.9,52.0,0
2026-06-24,NODE-019,Kalkaji Main Road Bins,South Delhi Zone 4,600,36000,2,6,0,0,0,,1,22.2,41,0.0,395.8,66.0,0
2026-06-24,NODE-020,Govindpuri Market Cluster,South Delhi Zone 4,550,42000,2,6,0,0,0,,1,22.2,41,0.0,412.9,75.1,0
2026-06-24,NODE-021,Sangam Vihar Block A,South Delhi Zone 4,800,48000,2,6,0,0,0,,1,22.2,41,0.0,573.0,71.6,0
2026-06-24,NODE-022,Madanpur Khadar Bins,South Delhi Zone 4,650,44000,2,6,0,0,0,,1,22.2,41,0.0,493.1,75.9,0
2026-06-24,NODE-023,Jasola Apollo Hospital Area,South Delhi Zone 4,500,20000,2,6,0,0,0,,1,22.2,41,0.0,292.0,58.4,0
2026-06-24,NODE-024,Alaknanda Market Community Bins,South Delhi Zone 4,480,27000,2,6,0,0,0,,1,22.2,41,0.0,282.2,58.8,0
2026-06-24,NODE-025,Pul Prehladpur Cluster,South Delhi Zone 4,700,39000,2,6,0,0,0,,1,22.2,41,0.0,503.6,71.9,0
2026-06-25,NODE-001,Lajpat Nagar Market Bin Cluster,South Delhi Zone 3,800,38000,3,6,0,0,0,,0,24.7,49,0.0,544.5,68.1,0
2026-06-25,NODE-002,Sarojini Nagar Community Bins,South Delhi Zone 3,600,32000,3,6,0,0,0,,0,24.7,49,0.0,372.7,62.1,0
2026-06-25,NODE-003,INA Colony Street Cluster,South Delhi Zone 3,400,25000,3,6,0,0,0,,0,24.7,49,0.0,249.5,62.4,0
2026-06-25,NODE-004,Nehru Place Commercial Hub,South Delhi Zone 3,1200,45000,3,6,0,0,0,,0,24.7,49,0.0,872.4,72.7,0
2026-06-25,NODE-005,Greater Kailash Block N,South Delhi Zone 3,500,20000,3,6,0,0,0,,0,24.7,49,0.0,280.0,56.0,0
2026-06-25,NODE-006,Defence Colony Main Road,South Delhi Zone 3,600,22000,3,6,0,0,0,,0,24.7,49,0.0,344.4,57.4,0
2026-06-25,NODE-007,CR Park Bengali Colony,South Delhi Zone 3,500,28000,3,6,0,0,0,,0,24.7,49,0.0,282.6,56.5,0
2026-06-25,NODE-008,Jangpura Extension Market,South Delhi Zone 3,450,30000,3,6,0,0,0,,0,24.7,49,0.0,284.6,63.2,0
2026-06-25,NODE-009,Bhogal Vegetable Market,South Delhi Zone 3,700,40000,3,6,0,0,0,,0,24.7,49,0.0,511.1,73.0,0
2026-06-25,NODE-010,Andrews Ganj Colony,South Delhi Zone 3,350,18000,3,6,0,0,0,,0,24.7,49,0.0,191.5,54.7,0
2026-06-25,NODE-011,Moolchand Market Cluster,South Delhi Zone 3,550,26000,3,6,0,0,0,,0,24.7,49,0.0,302.9,55.1,0
2026-06-25,NODE-012,Sidhartha Nagar Bins,South Delhi Zone 3,400,35000,3,6,0,0,0,,0,24.7,49,0.0,248.9,62.2,0
2026-06-25,NODE-013,Kotla Mubarakpur Street,South Delhi Zone 3,480,33000,3,6,0,0,0,,0,24.7,49,0.0,319.4,66.5,0
2026-06-25,NODE-014,Malviya Nagar Main Market,South Delhi Zone 4,700,30000,3,6,0,0,0,,0,24.7,49,0.0,443.8,63.4,0
2026-06-25,NODE-015,Okhla Phase 1 Industrial Area,South Delhi Zone 4,1500,15000,3,6,0,0,0,,0,24.7,49,0.0,788.6,52.6,0
2026-06-25,NODE-016,Hauz Khas Village Cluster,South Delhi Zone 4,450,18000,3,6,0,0,0,,0,24.7,49,0.0,231.2,51.4,0
2026-06-25,NODE-017,Saket Select Citywalk Area,South Delhi Zone 4,900,25000,3,6,0,0,0,,0,24.7,49,0.0,491.3,54.6,0
2026-06-25,NODE-018,Sheikh Sarai Phase 2,South Delhi Zone 4,400,22000,3,6,0,0,0,,0,24.7,49,0.0,206.2,51.5,0
2026-06-25,NODE-019,Kalkaji Main Road Bins,South Delhi Zone 4,600,36000,3,6,0,0,0,,0,24.7,49,0.0,387.6,64.6,0
2026-06-25,NODE-020,Govindpuri Market Cluster,South Delhi Zone 4,550,42000,3,6,0,0,0,,0,24.7,49,0.0,382.9,69.6,0
2026-06-25,NODE-021,Sangam Vihar Block A,South Delhi Zone 4,800,48000,3,6,0,0,0,,0,24.7,49,0.0,566.3,70.8,0
2026-06-25,NODE-022,Madanpur Khadar Bins,South Delhi Zone 4,650,44000,3,6,0,0,0,,0,24.7,49,0.0,445.0,68.5,0
2026-06-25,NODE-023,Jasola Apollo Hospital Area,South Delhi Zone 4,500,20000,3,6,0,0,0,,0,24.7,49,0.0,258.6,51.7,0
2026-06-25,NODE-024,Alaknanda Market Community Bins,South Delhi Zone 4,480,27000,3,6,0,0,0,,0,24.7,49,0.0,284.6,59.3,0
2026-06-25,NODE-025,Pul Prehladpur Cluster,South Delhi Zone 4,700,39000,3,6,0,0,0,,0,24.7,49,0.0,486.7,69.5,0
2026-06-26,NODE-001,Lajpat Nagar Market Bin Cluster,South Delhi Zone 3,800,38000,4,6,0,0,0,,0,22.3,46,0.0,550.0,68.8,0
2026-06-26,NODE-002,Sarojini Nagar Community Bins,South Delhi Zone 3,600,32000,4,6,0,0,0,,0,22.3,46,0.0,387.5,64.6,0
2026-06-26,NODE-003,INA Colony Street Cluster,South Delhi Zone 3,400,25000,4,6,0,0,0,,0,22.3,46,0.0,243.6,60.9,0
2026-06-26,NODE-004,Nehru Place Commercial Hub,South Delhi Zone 3,1200,45000,4,6,0,0,0,,0,22.3,46,0.0,933.3,77.8,0
2026-06-26,NODE-005,Greater Kailash Block N,South Delhi Zone 3,500,20000,4,6,0,0,0,,0,22.3,46,0.0,251.0,50.2,0
2026-06-26,NODE-006,Defence Colony Main Road,South Delhi Zone 3,600,22000,4,6,0,0,0,,0,22.3,46,0.0,331.2,55.2,0
2026-06-26,NODE-007,CR Park Bengali Colony,South Delhi Zone 3,500,28000,4,6,0,0,0,,0,22.3,46,0.0,316.2,63.2,0
2026-06-26,NODE-008,Jangpura Extension Market,South Delhi Zone 3,450,30000,4,6,0,0,0,,0,22.3,46,0.0,289.3,64.3,0
2026-06-26,NODE-009,Bhogal Vegetable Market,South Delhi Zone 3,700,40000,4,6,0,0,0,,0,22.3,46,0.0,492.5,70.4,0
2026-06-26,NODE-010,Andrews Ganj Colony,South Delhi Zone 3,350,18000,4,6,0,0,0,,0,22.3,46,0.0,199.8,57.1,0
2026-06-26,NODE-011,Moolchand Market Cluster,South Delhi Zone 3,550,26000,4,6,0,0,0,,0,22.3,46,0.0,311.2,56.6,0
2026-06-26,NODE-012,Sidhartha Nagar Bins,South Delhi Zone 3,400,35000,4,6,0,0,0,,0,22.3,46,0.0,264.4,66.1,0
2026-06-26,NODE-013,Kotla Mubarakpur Street,South Delhi Zone 3,480,33000,4,6,0,0,0,,0,22.3,46,0.0,318.1,66.3,0
2026-06-26,NODE-014,Malviya Nagar Main Market,South Delhi Zone 4,700,30000,4,6,0,0,0,,0,22.3,46,0.0,411.5,58.8,0
2026-06-26,NODE-015,Okhla Phase 1 Industrial Area,South Delhi Zone 4,1500,15000,4,6,0,0,0,,0,22.3,46,0.0,731.4,48.8,0
2026-06-26,NODE-016,Hauz Khas Village Cluster,South Delhi Zone 4,450,18000,4,6,0,0,0,,0,22.3,46,0.0,229.3,51.0,0
2026-06-26,NODE-017,Saket Select Citywalk Area,South Delhi Zone 4,900,25000,4,6,0,0,0,,0,22.3,46,0.0,494.6,55.0,0
2026-06-26,NODE-018,Sheikh Sarai Phase 2,South Delhi Zone 4,400,22000,4,6,0,0,0,,0,22.3,46,0.0,212.0,53.0,0
2026-06-26,NODE-019,Kalkaji Main Road Bins,South Delhi Zone 4,600,36000,4,6,0,0,0,,0,22.3,46,0.0,385.5,64.3,0
2026-06-26,NODE-020,Govindpuri Market Cluster,South Delhi Zone 4,550,42000,4,6,0,0,0,,0,22.3,46,0.0,379.1,68.9,0
2026-06-26,NODE-021,Sangam Vihar Block A,South Delhi Zone 4,800,48000,4,6,0,0,0,,0,22.3,46,0.0,614.6,76.8,0
2026-06-26,NODE-022,Madanpur Khadar Bins,South Delhi Zone 4,650,44000,4,6,0,0,0,,0,22.3,46,0.0,462.3,71.1,0
2026-06-26,NODE-023,Jasola Apollo Hospital Area,South Delhi Zone 4,500,20000,4,6,0,0,0,,0,22.3,46,0.0,291.6,58.3,0
2026-06-26,NODE-024,Alaknanda Market Community Bins,South Delhi Zone 4,480,27000,4,6,0,0,0,,0,22.3,46,0.0,297.1,61.9,0
2026-06-26,NODE-025,Pul Prehladpur Cluster,South Delhi Zone 4,700,39000,4,6,0,0,0,,0,22.3,46,0.0,482.2,68.9,0
2026-06-27,NODE-001,Lajpat Nagar Market Bin Cluster,South Delhi Zone 3,800,38000,5,6,1,0,0,,0,26.6,39,0.0,673.8,84.2,0
2026-06-27,NODE-002,Sarojini Nagar Community Bins,South Delhi Zone 3,600,32000,5,6,1,0,0,,0,26.6,39,0.0,521.6,86.9,0
2026-06-27,NODE-003,INA Colony Street Cluster,South Delhi Zone 3,400,25000,5,6,1,0,0,,0,26.6,39,0.0,289.2,72.3,0
2026-06-27,NODE-004,Nehru Place Commercial Hub,South Delhi Zone 3,1200,45000,5,6,1,0,0,,0,26.6,39,0.0,1146.6,95.6,0
2026-06-27,NODE-005,Greater Kailash Block N,South Delhi Zone 3,500,20000,5,6,1,0,0,,0,26.6,39,0.0,364.1,72.8,0
2026-06-27,NODE-006,Defence Colony Main Road,South Delhi Zone 3,600,22000,5,6,1,0,0,,0,26.6,39,0.0,416.7,69.4,0
2026-06-27,NODE-007,CR Park Bengali Colony,South Delhi Zone 3,500,28000,5,6,1,0,0,,0,26.6,39,0.0,375.9,75.2,0
2026-06-27,NODE-008,Jangpura Extension Market,South Delhi Zone 3,450,30000,5,6,1,0,0,,0,26.6,39,0.0,374.2,83.2,0
2026-06-27,NODE-009,Bhogal Vegetable Market,South Delhi Zone 3,700,40000,5,6,1,0,0,,0,26.6,39,0.0,658.0,94.0,0
2026-06-27,NODE-010,Andrews Ganj Colony,South Delhi Zone 3,350,18000,5,6,1,0,0,,0,26.6,39,0.0,254.2,72.6,0
2026-06-27,NODE-011,Moolchand Market Cluster,South Delhi Zone 3,550,26000,5,6,1,0,0,,0,26.6,39,0.0,389.9,70.9,0
2026-06-27,NODE-012,Sidhartha Nagar Bins,South Delhi Zone 3,400,35000,5,6,1,0,0,,0,26.6,39,0.0,326.5,81.6,0
2026-06-27,NODE-013,Kotla Mubarakpur Street,South Delhi Zone 3,480,33000,5,6,1,0,0,,0,26.6,39,0.0,422.2,88.0,0
2026-06-27,NODE-014,Malviya Nagar Main Market,South Delhi Zone 4,700,30000,5,6,1,0,0,,0,26.6,39,0.0,527.6,75.4,0
2026-06-27,NODE-015,Okhla Phase 1 Industrial Area,South Delhi Zone 4,1500,15000,5,6,1,0,0,,0,26.6,39,0.0,939.9,62.7,0
2026-06-27,NODE-016,Hauz Khas Village Cluster,South Delhi Zone 4,450,18000,5,6,1,0,0,,0,26.6,39,0.0,326.3,72.5,0
2026-06-27,NODE-017,Saket Select Citywalk Area,South Delhi Zone 4,900,25000,5,6,1,0,0,,0,26.6,39,0.0,718.9,79.9,0
2026-06-27,NODE-018,Sheikh Sarai Phase 2,South Delhi Zone 4,400,22000,5,6,1,0,0,,0,26.6,39,0.0,276.0,69.0,0
2026-06-27,NODE-019,Kalkaji Main Road Bins,South Delhi Zone 4,600,36000,5,6,1,0,0,,0,26.6,39,0.0,525.9,87.7,0
2026-06-27,NODE-020,Govindpuri Market Cluster,South Delhi Zone 4,550,42000,5,6,1,0,0,,0,26.6,39,0.0,498.9,90.7,0
2026-06-27,NODE-021,Sangam Vihar Block A,South Delhi Zone 4,800,48000,5,6,1,0,0,,0,26.6,39,0.0,759.1,94.9,0
2026-06-27,NODE-022,Madanpur Khadar Bins,South Delhi Zone 4,650,44000,5,6,1,0,0,,0,26.6,39,0.0,578.2,89.0,0
2026-06-27,NODE-023,Jasola Apollo Hospital Area,South Delhi Zone 4,500,20000,5,6,1,0,0,,0,26.6,39,0.0,340.3,68.1,0
2026-06-27,NODE-024,Alaknanda Market Community Bins,South Delhi Zone 4,480,27000,5,6,1,0,0,,0,26.6,39,0.0,384.5,80.1,0
2026-06-27,NODE-025,Pul Prehladpur Cluster,South Delhi Zone 4,700,39000,5,6,1,0,0,,0,26.6,39,0.0,604.9,86.4,0
2026-06-28,NODE-001,Lajpat Nagar Market Bin Cluster,South Delhi Zone 3,800,38000,6,6,1,0,0,,0,27.6,53,0.0,750.9,93.9,0
2026-06-28,NODE-002,Sarojini Nagar Community Bins,South Delhi Zone 3,600,32000,6,6,1,0,0,,0,27.6,53,0.0,461.7,77.0,0
2026-06-28,NODE-003,INA Colony Street Cluster,South Delhi Zone 3,400,25000,6,6,1,0,0,,0,27.6,53,0.0,309.9,77.5,0
2026-06-28,NODE-004,Nehru Place Commercial Hub,South Delhi Zone 3,1200,45000,6,6,1,0,0,,0,27.6,53,0.0,1039.8,86.7,0
2026-06-28,NODE-005,Greater Kailash Block N,South Delhi Zone 3,500,20000,6,6,1,0,0,,0,27.6,53,0.0,359.8,72.0,0
2026-06-28,NODE-006,Defence Colony Main Road,South Delhi Zone 3,600,22000,6,6,1,0,0,,0,27.6,53,0.0,458.7,76.4,0
2026-06-28,NODE-007,CR Park Bengali Colony,South Delhi Zone 3,500,28000,6,6,1,0,0,,0,27.6,53,0.0,368.2,73.6,0
2026-06-28,NODE-008,Jangpura Extension Market,South Delhi Zone 3,450,30000,6,6,1,0,0,,0,27.6,53,0.0,373.2,82.9,0
2026-06-28,NODE-009,Bhogal Vegetable Market,South Delhi Zone 3,700,40000,6,6,1,0,0,,0,27.6,53,0.0,655.2,93.6,0
2026-06-28,NODE-010,Andrews Ganj Colony,South Delhi Zone 3,350,18000,6,6,1,0,0,,0,27.6,53,0.0,220.0,62.8,0
2026-06-28,NODE-011,Moolchand Market Cluster,South Delhi Zone 3,550,26000,6,6,1,0,0,,0,27.6,53,0.0,437.1,79.5,0
2026-06-28,NODE-012,Sidhartha Nagar Bins,South Delhi Zone 3,400,35000,6,6,1,0,0,,0,27.6,53,0.0,352.0,88.0,0
2026-06-28,NODE-013,Kotla Mubarakpur Street,South Delhi Zone 3,480,33000,6,6,1,0,0,,0,27.6,53,0.0,404.9,84.4,0
2026-06-28,NODE-014,Malviya Nagar Main Market,South Delhi Zone 4,700,30000,6,6,1,0,0,,0,27.6,53,0.0,522.2,74.6,0
2026-06-28,NODE-015,Okhla Phase 1 Industrial Area,South Delhi Zone 4,1500,15000,6,6,1,0,0,,0,27.6,53,0.0,938.2,62.5,0
2026-06-28,NODE-016,Hauz Khas Village Cluster,South Delhi Zone 4,450,18000,6,6,1,0,0,,0,27.6,53,0.0,291.7,64.8,0
2026-06-28,NODE-017,Saket Select Citywalk Area,South Delhi Zone 4,900,25000,6,6,1,0,0,,0,27.6,53,0.0,631.7,70.2,0
2026-06-28,NODE-018,Sheikh Sarai Phase 2,South Delhi Zone 4,400,22000,6,6,1,0,0,,0,27.6,53,0.0,282.0,70.5,0
2026-06-28,NODE-019,Kalkaji Main Road Bins,South Delhi Zone 4,600,36000,6,6,1,0,0,,0,27.6,53,0.0,500.0,83.3,0
2026-06-28,NODE-020,Govindpuri Market Cluster,South Delhi Zone 4,550,42000,6,6,1,0,0,,0,27.6,53,0.0,495.5,90.1,0
2026-06-28,NODE-021,Sangam Vihar Block A,South Delhi Zone 4,800,48000,6,6,1,0,0,,0,27.6,53,0.0,761.8,95.2,0
2026-06-28,NODE-022,Madanpur Khadar Bins,South Delhi Zone 4,650,44000,6,6,1,0,0,,0,27.6,53,0.0,611.0,94.0,0
2026-06-28,NODE-023,Jasola Apollo Hospital Area,South Delhi Zone 4,500,20000,6,6,1,0,0,,0,27.6,53,0.0,349.1,69.8,0
2026-06-28,NODE-024,Alaknanda Market Community Bins,South Delhi Zone 4,480,27000,6,6,1,0,0,,0,27.6,53,0.0,390.8,81.4,0
2026-06-28,NODE-025,Pul Prehladpur Cluster,South Delhi Zone 4,700,39000,6,6,1,0,0,,0,27.6,53,0.0,651.8,93.1,0
2026-06-29,NODE-001,Lajpat Nagar Market Bin Cluster,South Delhi Zone 3,800,38000,0,6,0,1,0,,0,22.4,65,0.0,598.3,74.8,0
2026-06-29,NODE-002,Sarojini Nagar Community Bins,South Delhi Zone 3,600,32000,0,6,0,1,0,,0,22.4,65,0.0,455.4,75.9,0
2026-06-29,NODE-003,INA Colony Street Cluster,South Delhi Zone 3,400,25000,0,6,0,1,0,,0,22.4,65,0.0,263.1,65.8,0
2026-06-29,NODE-004,Nehru Place Commercial Hub,South Delhi Zone 3,1200,45000,0,6,0,1,0,,0,22.4,65,0.0,1011.9,84.3,0
2026-06-29,NODE-005,Greater Kailash Block N,South Delhi Zone 3,500,20000,0,6,0,1,0,,0,22.4,65,0.0,285.3,57.1,0
2026-06-29,NODE-006,Defence Colony Main Road,South Delhi Zone 3,600,22000,0,6,0,1,0,,0,22.4,65,0.0,393.2,65.5,0
2026-06-29,NODE-007,CR Park Bengali Colony,South Delhi Zone 3,500,28000,0,6,0,1,0,,0,22.4,65,0.0,348.3,69.7,0
2026-06-29,NODE-008,Jangpura Extension Market,South Delhi Zone 3,450,30000,0,6,0,1,0,,0,22.4,65,0.0,306.2,68.1,0
2026-06-29,NODE-009,Bhogal Vegetable Market,South Delhi Zone 3,700,40000,0,6,0,1,0,,0,22.4,65,0.0,560.4,80.1,0
2026-06-29,NODE-010,Andrews Ganj Colony,South Delhi Zone 3,350,18000,0,6,0,1,0,,0,22.4,65,0.0,192.7,55.1,0
2026-06-29,NODE-011,Moolchand Market Cluster,South Delhi Zone 3,550,26000,0,6,0,1,0,,0,22.4,65,0.0,392.5,71.4,0
2026-06-29,NODE-012,Sidhartha Nagar Bins,South Delhi Zone 3,400,35000,0,6,0,1,0,,0,22.4,65,0.0,304.2,76.0,0
2026-06-29,NODE-013,Kotla Mubarakpur Street,South Delhi Zone 3,480,33000,0,6,0,1,0,,0,22.4,65,0.0,341.2,71.1,0
2026-06-29,NODE-014,Malviya Nagar Main Market,South Delhi Zone 4,700,30000,0,6,0,1,0,,0,22.4,65,0.0,507.4,72.5,0
2026-06-29,NODE-015,Okhla Phase 1 Industrial Area,South Delhi Zone 4,1500,15000,0,6,0,1,0,,0,22.4,65,0.0,916.0,61.1,0
2026-06-29,NODE-016,Hauz Khas Village Cluster,South Delhi Zone 4,450,18000,0,6,0,1,0,,0,22.4,65,0.0,264.3,58.7,0
2026-06-29,NODE-017,Saket Select Citywalk Area,South Delhi Zone 4,900,25000,0,6,0,1,0,,0,22.4,65,0.0,542.4,60.3,0
2026-06-29,NODE-018,Sheikh Sarai Phase 2,South Delhi Zone 4,400,22000,0,6,0,1,0,,0,22.4,65,0.0,241.6,60.4,0
2026-06-29,NODE-019,Kalkaji Main Road Bins,South Delhi Zone 4,600,36000,0,6,0,1,0,,0,22.4,65,0.0,449.6,74.9,0
2026-06-29,NODE-020,Govindpuri Market Cluster,South Delhi Zone 4,550,42000,0,6,0,1,0,,0,22.4,65,0.0,441.0,80.2,0
2026-06-29,NODE-021,Sangam Vihar Block A,South Delhi Zone 4,800,48000,0,6,0,1,0,,0,22.4,65,0.0,668.5,83.6,0
2026-06-29,NODE-022,Madanpur Khadar Bins,South Delhi Zone 4,650,44000,0,6,0,1,0,,0,22.4,65,0.0,537.1,82.6,0
2026-06-29,NODE-023,Jasola Apollo Hospital Area,South Delhi Zone 4,500,20000,0,6,0,1,0,,0,22.4,65,0.0,302.9,60.6,0
2026-06-29,NODE-024,Alaknanda Market Community Bins,South Delhi Zone 4,480,27000,0,6,0,1,0,,0,22.4,65,0.0,316.5,65.9,0
2026-06-29,NODE-025,Pul Prehladpur Cluster,South Delhi Zone 4,700,39000,0,6,0,1,0,,0,22.4,65,0.0,565.2,80.7,0
2026-06-30,NODE-001,Lajpat Nagar Market Bin Cluster,South Delhi Zone 3,800,38000,1,6,0,0,0,,0,27.0,46,0.0,588.7,73.6,0
2026-06-30,NODE-002,Sarojini Nagar Community Bins,South Delhi Zone 3,600,32000,1,6,0,0,0,,0,27.0,46,0.0,380.5,63.4,0
2026-06-30,NODE-003,INA Colony Street Cluster,South Delhi Zone 3,400,25000,1,6,0,0,0,,0,27.0,46,0.0,225.4,56.3,0
2026-06-30,NODE-004,Nehru Place Commercial Hub,South Delhi Zone 3,1200,45000,1,6,0,0,0,,0,27.0,46,0.0,941.3,78.4,0
2026-06-30,NODE-005,Greater Kailash Block N,South Delhi Zone 3,500,20000,1,6,0,0,0,,0,27.0,46,0.0,254.2,50.8,0
2026-06-30,NODE-006,Defence Colony Main Road,South Delhi Zone 3,600,22000,1,6,0,0,0,,0,27.0,46,0.0,353.6,58.9,0
2026-06-30,NODE-007,CR Park Bengali Colony,South Delhi Zone 3,500,28000,1,6,0,0,0,,0,27.0,46,0.0,313.9,62.8,0
2026-06-30,NODE-008,Jangpura Extension Market,South Delhi Zone 3,450,30000,1,6,0,0,0,,0,27.0,46,0.0,272.5,60.6,0
2026-06-30,NODE-009,Bhogal Vegetable Market,South Delhi Zone 3,700,40000,1,6,0,0,0,,0,27.0,46,0.0,475.6,67.9,0
2026-06-30,NODE-010,Andrews Ganj Colony,South Delhi Zone 3,350,18000,1,6,0,0,0,,0,27.0,46,0.0,193.6,55.3,0
2026-06-30,NODE-011,Moolchand Market Cluster,South Delhi Zone 3,550,26000,1,6,0,0,0,,0,27.0,46,0.0,325.7,59.2,0
2026-06-30,NODE-012,Sidhartha Nagar Bins,South Delhi Zone 3,400,35000,1,6,0,0,0,,0,27.0,46,0.0,257.1,64.3,0
2026-06-30,NODE-013,Kotla Mubarakpur Street,South Delhi Zone 3,480,33000,1,6,0,0,0,,0,27.0,46,0.0,289.0,60.2,0
2026-06-30,NODE-014,Malviya Nagar Main Market,South Delhi Zone 4,700,30000,1,6,0,0,0,,0,27.0,46,0.0,449.9,64.3,0
2026-06-30,NODE-015,Okhla Phase 1 Industrial Area,South Delhi Zone 4,1500,15000,1,6,0,0,0,,0,27.0,46,0.0,753.7,50.2,0
2026-06-30,NODE-016,Hauz Khas Village Cluster,South Delhi Zone 4,450,18000,1,6,0,0,0,,0,27.0,46,0.0,221.6,49.3,0
2026-06-30,NODE-017,Saket Select Citywalk Area,South Delhi Zone 4,900,25000,1,6,0,0,0,,0,27.0,46,0.0,486.1,54.0,0
2026-06-30,NODE-018,Sheikh Sarai Phase 2,South Delhi Zone 4,400,22000,1,6,0,0,0,,0,27.0,46,0.0,231.4,57.9,0
2026-06-30,NODE-019,Kalkaji Main Road Bins,South Delhi Zone 4,600,36000,1,6,0,0,0,,0,27.0,46,0.0,369.3,61.5,0
2026-06-30,NODE-020,Govindpuri Market Cluster,South Delhi Zone 4,550,42000,1,6,0,0,0,,0,27.0,46,0.0,381.8,69.4,0
2026-06-30,NODE-021,Sangam Vihar Block A,South Delhi Zone 4,800,48000,1,6,0,0,0,,0,27.0,46,0.0,551.2,68.9,0
2026-06-30,NODE-022,Madanpur Khadar Bins,South Delhi Zone 4,650,44000,1,6,0,0,0,,0,27.0,46,0.0,495.5,76.2,0
2026-06-30,NODE-023,Jasola Apollo Hospital Area,South Delhi Zone 4,500,20000,1,6,0,0,0,,0,27.0,46,0.0,290.9,58.2,0
2026-06-30,NODE-024,Alaknanda Market Community Bins,South Delhi Zone 4,480,27000,1,6,0,0,0,,0,27.0,46,0.0,298.0,62.1,0
2026-06-30,NODE-025,Pul Prehladpur Cluster,South Delhi Zone 4,700,39000,1,6,0,0,0,,0,27.0,46,0.0,483.7,69.1,0
2026-07-01,NODE-001,Lajpat Nagar Market Bin Cluster,South Delhi Zone 3,800,38000,2,7,0,0,0,,61,30.6,78,43.3,584.6,73.1,0
2026-07-01,NODE-002,Sarojini Nagar Community Bins,South Delhi Zone 3,600,32000,2,7,0,0,0,,61,30.6,78,43.3,420.8,70.1,0
2026-07-01,NODE-003,INA Colony Street Cluster,South Delhi Zone 3,400,25000,2,7,0,0,0,,61,30.6,78,43.3,247.8,62.0,0
2026-07-01,NODE-004,Nehru Place Commercial Hub,South Delhi Zone 3,1200,45000,2,7,0,0,0,,61,30.6,78,43.3,1010.0,84.2,0
2026-07-01,NODE-005,Greater Kailash Block N,South Delhi Zone 3,500,20000,2,7,0,0,0,,61,30.6,78,43.3,301.6,60.3,0
2026-07-01,NODE-006,Defence Colony Main Road,South Delhi Zone 3,600,22000,2,7,0,0,0,,61,30.6,78,43.3,347.8,58.0,0
2026-07-01,NODE-007,CR Park Bengali Colony,South Delhi Zone 3,500,28000,2,7,0,0,0,,61,30.6,78,43.3,345.2,69.0,0
2026-07-01,NODE-008,Jangpura Extension Market,South Delhi Zone 3,450,30000,2,7,0,0,0,,61,30.6,78,43.3,297.7,66.1,0
2026-07-01,NODE-009,Bhogal Vegetable Market,South Delhi Zone 3,700,40000,2,7,0,0,0,,61,30.6,78,43.3,554.4,79.2,0
2026-07-01,NODE-010,Andrews Ganj Colony,South Delhi Zone 3,350,18000,2,7,0,0,0,,61,30.6,78,43.3,203.8,58.2,0
2026-07-01,NODE-011,Moolchand Market Cluster,South Delhi Zone 3,550,26000,2,7,0,0,0,,61,30.6,78,43.3,375.5,68.3,0
2026-07-01,NODE-012,Sidhartha Nagar Bins,South Delhi Zone 3,400,35000,2,7,0,0,0,,61,30.6,78,43.3,281.2,70.3,0
2026-07-01,NODE-013,Kotla Mubarakpur Street,South Delhi Zone 3,480,33000,2,7,0,0,0,,61,30.6,78,43.3,359.9,75.0,0
2026-07-01,NODE-014,Malviya Nagar Main Market,South Delhi Zone 4,700,30000,2,7,0,0,0,,61,30.6,78,43.3,510.6,72.9,0
2026-07-01,NODE-015,Okhla Phase 1 Industrial Area,South Delhi Zone 4,1500,15000,2,7,0,0,0,,61,30.6,78,43.3,791.1,52.7,0
2026-07-01,NODE-016,Hauz Khas Village Cluster,South Delhi Zone 4,450,18000,2,7,0,0,0,,61,30.6,78,43.3,249.7,55.5,0
2026-07-01,NODE-017,Saket Select Citywalk Area,South Delhi Zone 4,900,25000,2,7,0,0,0,,61,30.6,78,43.3,622.2,69.1,0
2026-07-01,NODE-018,Sheikh Sarai Phase 2,South Delhi Zone 4,400,22000,2,7,0,0,0,,61,30.6,78,43.3,238.2,59.5,0
2026-07-01,NODE-019,Kalkaji Main Road Bins,South Delhi Zone 4,600,36000,2,7,0,0,0,,61,30.6,78,43.3,435.4,72.6,0
2026-07-01,NODE-020,Govindpuri Market Cluster,South Delhi Zone 4,550,42000,2,7,0,0,0,,61,30.6,78,43.3,435.7,79.2,0
2026-07-01,NODE-021,Sangam Vihar Block A,South Delhi Zone 4,800,48000,2,7,0,0,0,,61,30.6,78,43.3,633.5,79.2,0
2026-07-01,NODE-022,Madanpur Khadar Bins,South Delhi Zone 4,650,44000,2,7,0,0,0,,61,30.6,78,43.3,560.3,86.2,0
2026-07-01,NODE-023,Jasola Apollo Hospital Area,South Delhi Zone 4,500,20000,2,7,0,0,0,,61,30.6,78,43.3,306.2,61.2,0
2026-07-01,NODE-024,Alaknanda Market Community Bins,South Delhi Zone 4,480,27000,2,7,0,0,0,,61,30.6,78,43.3,328.5,68.4,0
2026-07-01,NODE-025,Pul Prehladpur Cluster,South Delhi Zone 4,700,39000,2,7,0,0,0,,61,30.6,78,43.3,548.8,78.4,0
2026-07-02,NODE-001,Lajpat Nagar Market Bin Cluster,South Delhi Zone 3,800,38000,3,7,0,0,0,,61,32.7,76,19.1,606.6,75.8,0
2026-07-02,NODE-002,Sarojini Nagar Community Bins,South Delhi Zone 3,600,32000,3,7,0,0,0,,61,32.7,76,19.1,404.9,67.5,0
2026-07-02,NODE-003,INA Colony Street Cluster,South Delhi Zone 3,400,25000,3,7,0,0,0,,61,32.7,76,19.1,268.2,67.1,0
2026-07-02,NODE-004,Nehru Place Commercial Hub,South Delhi Zone 3,1200,45000,3,7,0,0,0,,61,32.7,76,19.1,1035.4,86.3,0
2026-07-02,NODE-005,Greater Kailash Block N,South Delhi Zone 3,500,20000,3,7,0,0,0,,61,32.7,76,19.1,325.3,65.1,0
2026-07-02,NODE-006,Defence Colony Main Road,South Delhi Zone 3,600,22000,3,7,0,0,0,,61,32.7,76,19.1,381.5,63.6,0
2026-07-02,NODE-007,CR Park Bengali Colony,South Delhi Zone 3,500,28000,3,7,0,0,0,,61,32.7,76,19.1,348.4,69.7,0
2026-07-02,NODE-008,Jangpura Extension Market,South Delhi Zone 3,450,30000,3,7,0,0,0,,61,32.7,76,19.1,303.5,67.4,0
2026-07-02,NODE-009,Bhogal Vegetable Market,South Delhi Zone 3,700,40000,3,7,0,0,0,,61,32.7,76,19.1,523.5,74.8,0
2026-07-02,NODE-010,Andrews Ganj Colony,South Delhi Zone 3,350,18000,3,7,0,0,0,,61,32.7,76,19.1,194.7,55.6,0
2026-07-02,NODE-011,Moolchand Market Cluster,South Delhi Zone 3,550,26000,3,7,0,0,0,,61,32.7,76,19.1,356.2,64.8,0
2026-07-02,NODE-012,Sidhartha Nagar Bins,South Delhi Zone 3,400,35000,3,7,0,0,0,,61,32.7,76,19.1,278.2,69.5,0
2026-07-02,NODE-013,Kotla Mubarakpur Street,South Delhi Zone 3,480,33000,3,7,0,0,0,,61,32.7,76,19.1,339.8,70.8,0
2026-07-02,NODE-014,Malviya Nagar Main Market,South Delhi Zone 4,700,30000,3,7,0,0,0,,61,32.7,76,19.1,494.1,70.6,0
2026-07-02,NODE-015,Okhla Phase 1 Industrial Area,South Delhi Zone 4,1500,15000,3,7,0,0,0,,61,32.7,76,19.1,860.8,57.4,0
2026-07-02,NODE-016,Hauz Khas Village Cluster,South Delhi Zone 4,450,18000,3,7,0,0,0,,61,32.7,76,19.1,263.4,58.5,0
2026-07-02,NODE-017,Saket Select Citywalk Area,South Delhi Zone 4,900,25000,3,7,0,0,0,,61,32.7,76,19.1,586.0,65.1,0
2026-07-02,NODE-018,Sheikh Sarai Phase 2,South Delhi Zone 4,400,22000,3,7,0,0,0,,61,32.7,76,19.1,252.2,63.1,0
2026-07-02,NODE-019,Kalkaji Main Road Bins,South Delhi Zone 4,600,36000,3,7,0,0,0,,61,32.7,76,19.1,477.9,79.6,0
2026-07-02,NODE-020,Govindpuri Market Cluster,South Delhi Zone 4,550,42000,3,7,0,0,0,,61,32.7,76,19.1,468.9,85.3,0
2026-07-02,NODE-021,Sangam Vihar Block A,South Delhi Zone 4,800,48000,3,7,0,0,0,,61,32.7,76,19.1,624.1,78.0,0
2026-07-02,NODE-022,Madanpur Khadar Bins,South Delhi Zone 4,650,44000,3,7,0,0,0,,61,32.7,76,19.1,501.3,77.1,0
2026-07-02,NODE-023,Jasola Apollo Hospital Area,South Delhi Zone 4,500,20000,3,7,0,0,0,,61,32.7,76,19.1,294.6,58.9,0
2026-07-02,NODE-024,Alaknanda Market Community Bins,South Delhi Zone 4,480,27000,3,7,0,0,0,,61,32.7,76,19.1,305.3,63.6,0
2026-07-02,NODE-025,Pul Prehladpur Cluster,South Delhi Zone 4,700,39000,3,7,0,0,0,,61,32.7,76,19.1,570.0,81.4,0
2026-07-03,NODE-001,Lajpat Nagar Market Bin Cluster,South Delhi Zone 3,800,38000,4,7,0,0,0,,61,34.9,65,24.4,581.0,72.6,0
2026-07-03,NODE-002,Sarojini Nagar Community Bins,South Delhi Zone 3,600,32000,4,7,0,0,0,,61,34.9,65,24.4,419.4,69.9,0
2026-07-03,NODE-003,INA Colony Street Cluster,South Delhi Zone 3,400,25000,4,7,0,0,0,,61,34.9,65,24.4,263.6,65.9,0
2026-07-03,NODE-004,Nehru Place Commercial Hub,South Delhi Zone 3,1200,45000,4,7,0,0,0,,61,34.9,65,24.4,1012.0,84.3,0
2026-07-03,NODE-005,Greater Kailash Block N,South Delhi Zone 3,500,20000,4,7,0,0,0,,61,34.9,65,24.4,300.5,60.1,0
2026-07-03,NODE-006,Defence Colony Main Road,South Delhi Zone 3,600,22000,4,7,0,0,0,,61,34.9,65,24.4,375.6,62.6,0
2026-07-03,NODE-007,CR Park Bengali Colony,South Delhi Zone 3,500,28000,4,7,0,0,0,,61,34.9,65,24.4,350.4,70.1,0
2026-07-03,NODE-008,Jangpura Extension Market,South Delhi Zone 3,450,30000,4,7,0,0,0,,61,34.9,65,24.4,310.0,68.9,0
2026-07-03,NODE-009,Bhogal Vegetable Market,South Delhi Zone 3,700,40000,4,7,0,0,0,,61,34.9,65,24.4,517.3,73.9,0
2026-07-03,NODE-010,Andrews Ganj Colony,South Delhi Zone 3,350,18000,4,7,0,0,0,,61,34.9,65,24.4,209.6,59.9,0
2026-07-03,NODE-011,Moolchand Market Cluster,South Delhi Zone 3,550,26000,4,7,0,0,0,,61,34.9,65,24.4,380.8,69.2,0
2026-07-03,NODE-012,Sidhartha Nagar Bins,South Delhi Zone 3,400,35000,4,7,0,0,0,,61,34.9,65,24.4,281.9,70.5,0
2026-07-03,NODE-013,Kotla Mubarakpur Street,South Delhi Zone 3,480,33000,4,7,0,0,0,,61,34.9,65,24.4,320.1,66.7,0
2026-07-03,NODE-014,Malviya Nagar Main Market,South Delhi Zone 4,700,30000,4,7,0,0,0,,61,34.9,65,24.4,465.2,66.5,0
2026-07-03,NODE-015,Okhla Phase 1 Industrial Area,South Delhi Zone 4,1500,15000,4,7,0,0,0,,61,34.9,65,24.4,821.9,54.8,0
2026-07-03,NODE-016,Hauz Khas Village Cluster,South Delhi Zone 4,450,18000,4,7,0,0,0,,61,34.9,65,24.4,278.7,61.9,0
2026-07-03,NODE-017,Saket Select Citywalk Area,South Delhi Zone 4,900,25000,4,7,0,0,0,,61,34.9,65,24.4,593.4,65.9,0
2026-07-03,NODE-018,Sheikh Sarai Phase 2,South Delhi Zone 4,400,22000,4,7,0,0,0,,61,34.9,65,24.4,261.7,65.4,0
2026-07-03,NODE-019,Kalkaji Main Road Bins,South Delhi Zone 4,600,36000,4,7,0,0,0,,61,34.9,65,24.4,447.5,74.6,0
2026-07-03,NODE-020,Govindpuri Market Cluster,South Delhi Zone 4,550,42000,4,7,0,0,0,,61,34.9,65,24.4,439.4,79.9,0
2026-07-03,NODE-021,Sangam Vihar Block A,South Delhi Zone 4,800,48000,4,7,0,0,0,,61,34.9,65,24.4,666.2,83.3,0
2026-07-03,NODE-022,Madanpur Khadar Bins,South Delhi Zone 4,650,44000,4,7,0,0,0,,61,34.9,65,24.4,509.9,78.4,0
2026-07-03,NODE-023,Jasola Apollo Hospital Area,South Delhi Zone 4,500,20000,4,7,0,0,0,,61,34.9,65,24.4,307.0,61.4,0
2026-07-03,NODE-024,Alaknanda Market Community Bins,South Delhi Zone 4,480,27000,4,7,0,0,0,,61,34.9,65,24.4,346.6,72.2,0
2026-07-03,NODE-025,Pul Prehladpur Cluster,South Delhi Zone 4,700,39000,4,7,0,0,0,,61,34.9,65,24.4,544.0,77.7,0
2026-07-04,NODE-001,Lajpat Nagar Market Bin Cluster,South Delhi Zone 3,800,38000,5,7,1,0,0,,63,34.1,79,26.9,840.1,105.0,1
2026-07-04,NODE-002,Sarojini Nagar Community Bins,South Delhi Zone 3,600,32000,5,7,1,0,0,,63,34.1,79,26.9,510.4,85.1,0
2026-07-04,NODE-003,INA Colony Street Cluster,South Delhi Zone 3,400,25000,5,7,1,0,0,,63,34.1,79,26.9,350.5,87.6,0
2026-07-04,NODE-004,Nehru Place Commercial Hub,South Delhi Zone 3,1200,45000,5,7,1,0,0,,63,34.1,79,26.9,1310.7,109.2,1
2026-07-04,NODE-005,Greater Kailash Block N,South Delhi Zone 3,500,20000,5,7,1,0,0,,63,34.1,79,26.9,376.3,75.3,0
2026-07-04,NODE-006,Defence Colony Main Road,South Delhi Zone 3,600,22000,5,7,1,0,0,,63,34.1,79,26.9,518.1,86.3,0
2026-07-04,NODE-007,CR Park Bengali Colony,South Delhi Zone 3,500,28000,5,7,1,0,0,,63,34.1,79,26.9,429.0,85.8,0
2026-07-04,NODE-008,Jangpura Extension Market,South Delhi Zone 3,450,30000,5,7,1,0,0,,63,34.1,79,26.9,389.3,86.5,0
2026-07-04,NODE-009,Bhogal Vegetable Market,South Delhi Zone 3,700,40000,5,7,1,0,0,,63,34.1,79,26.9,732.2,104.6,1
2026-07-04,NODE-010,Andrews Ganj Colony,South Delhi Zone 3,350,18000,5,7,1,0,0,,63,34.1,79,26.9,262.0,74.9,0
2026-07-04,NODE-011,Moolchand Market Cluster,South Delhi Zone 3,550,26000,5,7,1,0,0,,63,34.1,79,26.9,500.4,91.0,0
2026-07-04,NODE-012,Sidhartha Nagar Bins,South Delhi Zone 3,400,35000,5,7,1,0,0,,63,34.1,79,26.9,393.0,98.3,1
2026-07-04,NODE-013,Kotla Mubarakpur Street,South Delhi Zone 3,480,33000,5,7,1,0,0,,63,34.1,79,26.9,422.7,88.1,0
2026-07-04,NODE-014,Malviya Nagar Main Market,South Delhi Zone 4,700,30000,5,7,1,0,0,,63,34.1,79,26.9,651.5,93.1,0
2026-07-04,NODE-015,Okhla Phase 1 Industrial Area,South Delhi Zone 4,1500,15000,5,7,1,0,0,,63,34.1,79,26.9,1100.3,73.4,0
2026-07-04,NODE-016,Hauz Khas Village Cluster,South Delhi Zone 4,450,18000,5,7,1,0,0,,63,34.1,79,26.9,332.1,73.8,0
2026-07-04,NODE-017,Saket Select Citywalk Area,South Delhi Zone 4,900,25000,5,7,1,0,0,,63,34.1,79,26.9,774.3,86.0,0
2026-07-04,NODE-018,Sheikh Sarai Phase 2,South Delhi Zone 4,400,22000,5,7,1,0,0,,63,34.1,79,26.9,326.6,81.7,0
2026-07-04,NODE-019,Kalkaji Main Road Bins,South Delhi Zone 4,600,36000,5,7,1,0,0,,63,34.1,79,26.9,540.7,90.1,0
2026-07-04,NODE-020,Govindpuri Market Cluster,South Delhi Zone 4,550,42000,5,7,1,0,0,,63,34.1,79,26.9,527.2,95.9,0
2026-07-04,NODE-021,Sangam Vihar Block A,South Delhi Zone 4,800,48000,5,7,1,0,0,,63,34.1,79,26.9,800.6,100.1,1
2026-07-04,NODE-022,Madanpur Khadar Bins,South Delhi Zone 4,650,44000,5,7,1,0,0,,63,34.1,79,26.9,643.8,99.0,1
2026-07-04,NODE-023,Jasola Apollo Hospital Area,South Delhi Zone 4,500,20000,5,7,1,0,0,,63,34.1,79,26.9,361.5,72.3,0
2026-07-04,NODE-024,Alaknanda Market Community Bins,South Delhi Zone 4,480,27000,5,7,1,0,0,,63,34.1,79,26.9,400.1,83.4,0
2026-07-04,NODE-025,Pul Prehladpur Cluster,South Delhi Zone 4,700,39000,5,7,1,0,0,,63,34.1,79,26.9,665.1,95.0,0
2026-07-05,NODE-001,Lajpat Nagar Market Bin Cluster,South Delhi Zone 3,800,38000,6,7,1,0,0,,61,30.6,87,16.7,788.1,98.5,1
2026-07-05,NODE-002,Sarojini Nagar Community Bins,South Delhi Zone 3,600,32000,6,7,1,0,0,,61,30.6,87,16.7,584.5,97.4,0
2026-07-05,NODE-003,INA Colony Street Cluster,South Delhi Zone 3,400,25000,6,7,1,0,0,,61,30.6,87,16.7,333.7,83.4,0
2026-07-05,NODE-004,Nehru Place Commercial Hub,South Delhi Zone 3,1200,45000,6,7,1,0,0,,61,30.6,87,16.7,1340.7,111.7,1
2026-07-05,NODE-005,Greater Kailash Block N,South Delhi Zone 3,500,20000,6,7,1,0,0,,61,30.6,87,16.7,408.5,81.7,0
2026-07-05,NODE-006,Defence Colony Main Road,South Delhi Zone 3,600,22000,6,7,1,0,0,,61,30.6,87,16.7,451.8,75.3,0
2026-07-05,NODE-007,CR Park Bengali Colony,South Delhi Zone 3,500,28000,6,7,1,0,0,,61,30.6,87,16.7,449.7,89.9,0
2026-07-05,NODE-008,Jangpura Extension Market,South Delhi Zone 3,450,30000,6,7,1,0,0,,61,30.6,87,16.7,393.4,87.4,0
2026-07-05,NODE-009,Bhogal Vegetable Market,South Delhi Zone 3,700,40000,6,7,1,0,0,,61,30.6,87,16.7,647.7,92.5,0
2026-07-05,NODE-010,Andrews Ganj Colony,South Delhi Zone 3,350,18000,6,7,1,0,0,,61,30.6,87,16.7,255.2,72.9,0
2026-07-05,NODE-011,Moolchand Market Cluster,South Delhi Zone 3,550,26000,6,7,1,0,0,,61,30.6,87,16.7,475.3,86.4,0
2026-07-05,NODE-012,Sidhartha Nagar Bins,South Delhi Zone 3,400,35000,6,7,1,0,0,,61,30.6,87,16.7,388.6,97.1,0
2026-07-05,NODE-013,Kotla Mubarakpur Street,South Delhi Zone 3,480,33000,6,7,1,0,0,,61,30.6,87,16.7,415.3,86.5,0
2026-07-05,NODE-014,Malviya Nagar Main Market,South Delhi Zone 4,700,30000,6,7,1,0,0,,61,30.6,87,16.7,585.5,83.6,0
2026-07-05,NODE-015,Okhla Phase 1 Industrial Area,South Delhi Zone 4,1500,15000,6,7,1,0,0,,61,30.6,87,16.7,1054.1,70.3,0
2026-07-05,NODE-016,Hauz Khas Village Cluster,South Delhi Zone 4,450,18000,6,7,1,0,0,,61,30.6,87,16.7,326.5,72.5,0
2026-07-05,NODE-017,Saket Select Citywalk Area,South Delhi Zone 4,900,25000,6,7,1,0,0,,61,30.6,87,16.7,790.2,87.8,0
2026-07-05,NODE-018,Sheikh Sarai Phase 2,South Delhi Zone 4,400,22000,6,7,1,0,0,,61,30.6,87,16.7,314.3,78.6,0
2026-07-05,NODE-019,Kalkaji Main Road Bins,South Delhi Zone 4,600,36000,6,7,1,0,0,,61,30.6,87,16.7,538.5,89.7,0
2026-07-05,NODE-020,Govindpuri Market Cluster,South Delhi Zone 4,550,42000,6,7,1,0,0,,61,30.6,87,16.7,571.4,103.9,1
2026-07-05,NODE-021,Sangam Vihar Block A,South Delhi Zone 4,800,48000,6,7,1,0,0,,61,30.6,87,16.7,857.2,107.1,1
2026-07-05,NODE-022,Madanpur Khadar Bins,South Delhi Zone 4,650,44000,6,7,1,0,0,,61,30.6,87,16.7,661.9,101.8,1
2026-07-05,NODE-023,Jasola Apollo Hospital Area,South Delhi Zone 4,500,20000,6,7,1,0,0,,61,30.6,87,16.7,362.5,72.5,0
2026-07-05,NODE-024,Alaknanda Market Community Bins,South Delhi Zone 4,480,27000,6,7,1,0,0,,61,30.6,87,16.7,429.2,89.4,0
2026-07-05,NODE-025,Pul Prehladpur Cluster,South Delhi Zone 4,700,39000,6,7,1,0,0,,61,30.6,87,16.7,718.9,102.7,1
2026-07-06,NODE-001,Lajpat Nagar Market Bin Cluster,South Delhi Zone 3,800,38000,0,7,0,1,0,,61,34.0,87,42.5,671.2,83.9,0
2026-07-06,NODE-002,Sarojini Nagar Community Bins,South Delhi Zone 3,600,32000,0,7,0,1,0,,61,34.0,87,42.5,514.2,85.7,0
2026-07-06,NODE-003,INA Colony Street Cluster,South Delhi Zone 3,400,25000,0,7,0,1,0,,61,34.0,87,42.5,284.8,71.2,0
2026-07-06,NODE-004,Nehru Place Commercial Hub,South Delhi Zone 3,1200,45000,0,7,0,1,0,,61,34.0,87,42.5,1020.5,85.0,0
2026-07-06,NODE-005,Greater Kailash Block N,South Delhi Zone 3,500,20000,0,7,0,1,0,,61,34.0,87,42.5,357.2,71.4,0
2026-07-06,NODE-006,Defence Colony Main Road,South Delhi Zone 3,600,22000,0,7,0,1,0,,61,34.0,87,42.5,437.9,73.0,0
2026-07-06,NODE-007,CR Park Bengali Colony,South Delhi Zone 3,500,28000,0,7,0,1,0,,61,34.0,87,42.5,394.6,78.9,0
2026-07-06,NODE-008,Jangpura Extension Market,South Delhi Zone 3,450,30000,0,7,0,1,0,,61,34.0,87,42.5,348.8,77.5,0
2026-07-06,NODE-009,Bhogal Vegetable Market,South Delhi Zone 3,700,40000,0,7,0,1,0,,61,34.0,87,42.5,629.4,89.9,0
2026-07-06,NODE-010,Andrews Ganj Colony,South Delhi Zone 3,350,18000,0,7,0,1,0,,61,34.0,87,42.5,227.6,65.0,0
2026-07-06,NODE-011,Moolchand Market Cluster,South Delhi Zone 3,550,26000,0,7,0,1,0,,61,34.0,87,42.5,379.6,69.0,0
2026-07-06,NODE-012,Sidhartha Nagar Bins,South Delhi Zone 3,400,35000,0,7,0,1,0,,61,34.0,87,42.5,333.1,83.3,0
2026-07-06,NODE-013,Kotla Mubarakpur Street,South Delhi Zone 3,480,33000,0,7,0,1,0,,61,34.0,87,42.5,370.8,77.2,0
2026-07-06,NODE-014,Malviya Nagar Main Market,South Delhi Zone 4,700,30000,0,7,0,1,0,,61,34.0,87,42.5,540.0,77.1,0
2026-07-06,NODE-015,Okhla Phase 1 Industrial Area,South Delhi Zone 4,1500,15000,0,7,0,1,0,,61,34.0,87,42.5,910.8,60.7,0
2026-07-06,NODE-016,Hauz Khas Village Cluster,South Delhi Zone 4,450,18000,0,7,0,1,0,,61,34.0,87,42.5,288.3,64.1,0
2026-07-06,NODE-017,Saket Select Citywalk Area,South Delhi Zone 4,900,25000,0,7,0,1,0,,61,34.0,87,42.5,693.7,77.1,0
2026-07-06,NODE-018,Sheikh Sarai Phase 2,South Delhi Zone 4,400,22000,0,7,0,1,0,,61,34.0,87,42.5,274.1,68.5,0
2026-07-06,NODE-019,Kalkaji Main Road Bins,South Delhi Zone 4,600,36000,0,7,0,1,0,,61,34.0,87,42.5,508.9,84.8,0
2026-07-06,NODE-020,Govindpuri Market Cluster,South Delhi Zone 4,550,42000,0,7,0,1,0,,61,34.0,87,42.5,497.6,90.5,0
2026-07-06,NODE-021,Sangam Vihar Block A,South Delhi Zone 4,800,48000,0,7,0,1,0,,61,34.0,87,42.5,737.5,92.2,0
2026-07-06,NODE-022,Madanpur Khadar Bins,South Delhi Zone 4,650,44000,0,7,0,1,0,,61,34.0,87,42.5,579.5,89.2,0
2026-07-06,NODE-023,Jasola Apollo Hospital Area,South Delhi Zone 4,500,20000,0,7,0,1,0,,61,34.0,87,42.5,352.2,70.4,0
2026-07-06,NODE-024,Alaknanda Market Community Bins,South Delhi Zone 4,480,27000,0,7,0,1,0,,61,34.0,87,42.5,334.7,69.7,0
2026-07-06,NODE-025,Pul Prehladpur Cluster,South Delhi Zone 4,700,39000,0,7,0,1,0,,61,34.0,87,42.5,567.7,81.1,0
2026-07-07,NODE-001,Lajpat Nagar Market Bin Cluster,South Delhi Zone 3,800,38000,1,7,0,0,0,,63,31.7,68,42.2,577.3,72.2,0
2026-07-07,NODE-002,Sarojini Nagar Community Bins,South Delhi Zone 3,600,32000,1,7,0,0,0,,63,31.7,68,42.2,424.4,70.7,0
2026-07-07,NODE-003,INA Colony Street Cluster,South Delhi Zone 3,400,25000,1,7,0,0,0,,63,31.7,68,42.2,281.5,70.4,0
2026-07-07,NODE-004,Nehru Place Commercial Hub,South Delhi Zone 3,1200,45000,1,7,0,0,0,,63,31.7,68,42.2,976.4,81.4,0
2026-07-07,NODE-005,Greater Kailash Block N,South Delhi Zone 3,500,20000,1,7,0,0,0,,63,31.7,68,42.2,329.1,65.8,0
2026-07-07,NODE-006,Defence Colony Main Road,South Delhi Zone 3,600,22000,1,7,0,0,0,,63,31.7,68,42.2,400.7,66.8,0
2026-07-07,NODE-007,CR Park Bengali Colony,South Delhi Zone 3,500,28000,1,7,0,0,0,,63,31.7,68,42.2,359.8,72.0,0
2026-07-07,NODE-008,Jangpura Extension Market,South Delhi Zone 3,450,30000,1,7,0,0,0,,63,31.7,68,42.2,302.9,67.3,0
2026-07-07,NODE-009,Bhogal Vegetable Market,South Delhi Zone 3,700,40000,1,7,0,0,0,,63,31.7,68,42.2,579.1,82.7,0
2026-07-07,NODE-010,Andrews Ganj Colony,South Delhi Zone 3,350,18000,1,7,0,0,0,,63,31.7,68,42.2,219.9,62.8,0
2026-07-07,NODE-011,Moolchand Market Cluster,South Delhi Zone 3,550,26000,1,7,0,0,0,,63,31.7,68,42.2,339.9,61.8,0
2026-07-07,NODE-012,Sidhartha Nagar Bins,South Delhi Zone 3,400,35000,1,7,0,0,0,,63,31.7,68,42.2,288.5,72.1,0
2026-07-07,NODE-013,Kotla Mubarakpur Street,South Delhi Zone 3,480,33000,1,7,0,0,0,,63,31.7,68,42.2,322.8,67.3,0
2026-07-07,NODE-014,Malviya Nagar Main Market,South Delhi Zone 4,700,30000,1,7,0,0,0,,63,31.7,68,42.2,499.4,71.3,0
2026-07-07,NODE-015,Okhla Phase 1 Industrial Area,South Delhi Zone 4,1500,15000,1,7,0,0,0,,63,31.7,68,42.2,870.9,58.1,0
2026-07-07,NODE-016,Hauz Khas Village Cluster,South Delhi Zone 4,450,18000,1,7,0,0,0,,63,31.7,68,42.2,247.6,55.0,0
2026-07-07,NODE-017,Saket Select Citywalk Area,South Delhi Zone 4,900,25000,1,7,0,0,0,,63,31.7,68,42.2,599.0,66.6,0
2026-07-07,NODE-018,Sheikh Sarai Phase 2,South Delhi Zone 4,400,22000,1,7,0,0,0,,63,31.7,68,42.2,259.8,65.0,0
2026-07-07,NODE-019,Kalkaji Main Road Bins,South Delhi Zone 4,600,36000,1,7,0,0,0,,63,31.7,68,42.2,466.1,77.7,0
2026-07-07,NODE-020,Govindpuri Market Cluster,South Delhi Zone 4,550,42000,1,7,0,0,0,,63,31.7,68,42.2,433.7,78.9,0
2026-07-07,NODE-021,Sangam Vihar Block A,South Delhi Zone 4,800,48000,1,7,0,0,0,,63,31.7,68,42.2,615.5,76.9,0
2026-07-07,NODE-022,Madanpur Khadar Bins,South Delhi Zone 4,650,44000,1,7,0,0,0,,63,31.7,68,42.2,495.2,76.2,0
2026-07-07,NODE-023,Jasola Apollo Hospital Area,South Delhi Zone 4,500,20000,1,7,0,0,0,,63,31.7,68,42.2,290.9,58.2,0
2026-07-07,NODE-024,Alaknanda Market Community Bins,South Delhi Zone 4,480,27000,1,7,0,0,0,,63,31.7,68,42.2,299.7,62.4,0
2026-07-07,NODE-025,Pul Prehladpur Cluster,South Delhi Zone 4,700,39000,1,7,0,0,0,,63,31.7,68,42.2,548.5,78.4,0
2026-07-08,NODE-001,Lajpat Nagar Market Bin Cluster,South Delhi Zone 3,800,38000,2,7,0,0,0,,61,31.6,65,32.8,641.7,80.2,0
2026-07-08,NODE-002,Sarojini Nagar Community Bins,South Delhi Zone 3,600,32000,2,7,0,0,0,,61,31.6,65,32.8,460.7,76.8,0
2026-07-08,NODE-003,INA Colony Street Cluster,South Delhi Zone 3,400,25000,2,7,0,0,0,,61,31.6,65,32.8,257.7,64.4,0
2026-07-08,NODE-004,Nehru Place Commercial Hub,South Delhi Zone 3,1200,45000,2,7,0,0,0,,61,31.6,65,32.8,929.7,77.5,0
2026-07-08,NODE-005,Greater Kailash Block N,South Delhi Zone 3,500,20000,2,7,0,0,0,,61,31.6,65,32.8,284.0,56.8,0
2026-07-08,NODE-006,Defence Colony Main Road,South Delhi Zone 3,600,22000,2,7,0,0,0,,61,31.6,65,32.8,369.1,61.5,0
2026-07-08,NODE-007,CR Park Bengali Colony,South Delhi Zone 3,500,28000,2,7,0,0,0,,61,31.6,65,32.8,351.6,70.3,0
2026-07-08,NODE-008,Jangpura Extension Market,South Delhi Zone 3,450,30000,2,7,0,0,0,,61,31.6,65,32.8,292.9,65.1,0
2026-07-08,NODE-009,Bhogal Vegetable Market,South Delhi Zone 3,700,40000,2,7,0,0,0,,61,31.6,65,32.8,530.0,75.7,0
2026-07-08,NODE-010,Andrews Ganj Colony,South Delhi Zone 3,350,18000,2,7,0,0,0,,61,31.6,65,32.8,220.1,62.9,0
2026-07-08,NODE-011,Moolchand Market Cluster,South Delhi Zone 3,550,26000,2,7,0,0,0,,61,31.6,65,32.8,342.4,62.3,0
2026-07-08,NODE-012,Sidhartha Nagar Bins,South Delhi Zone 3,400,35000,2,7,0,0,0,,61,31.6,65,32.8,308.0,77.0,0
2026-07-08,NODE-013,Kotla Mubarakpur Street,South Delhi Zone 3,480,33000,2,7,0,0,0,,61,31.6,65,32.8,360.0,75.0,0
2026-07-08,NODE-014,Malviya Nagar Main Market,South Delhi Zone 4,700,30000,2,7,0,0,0,,61,31.6,65,32.8,458.0,65.4,0
2026-07-08,NODE-015,Okhla Phase 1 Industrial Area,South Delhi Zone 4,1500,15000,2,7,0,0,0,,61,31.6,65,32.8,917.7,61.2,0
2026-07-08,NODE-016,Hauz Khas Village Cluster,South Delhi Zone 4,450,18000,2,7,0,0,0,,61,31.6,65,32.8,251.5,55.9,0
2026-07-08,NODE-017,Saket Select Citywalk Area,South Delhi Zone 4,900,25000,2,7,0,0,0,,61,31.6,65,32.8,590.1,65.6,0
2026-07-08,NODE-018,Sheikh Sarai Phase 2,South Delhi Zone 4,400,22000,2,7,0,0,0,,61,31.6,65,32.8,231.0,57.8,0
2026-07-08,NODE-019,Kalkaji Main Road Bins,South Delhi Zone 4,600,36000,2,7,0,0,0,,61,31.6,65,32.8,458.6,76.4,0
2026-07-08,NODE-020,Govindpuri Market Cluster,South Delhi Zone 4,550,42000,2,7,0,0,0,,61,31.6,65,32.8,434.5,79.0,0
2026-07-08,NODE-021,Sangam Vihar Block A,South Delhi Zone 4,800,48000,2,7,0,0,0,,61,31.6,65,32.8,682.0,85.2,0
2026-07-08,NODE-022,Madanpur Khadar Bins,South Delhi Zone 4,650,44000,2,7,0,0,0,,61,31.6,65,32.8,540.4,83.1,0
2026-07-08,NODE-023,Jasola Apollo Hospital Area,South Delhi Zone 4,500,20000,2,7,0,0,0,,61,31.6,65,32.8,287.9,57.6,0
2026-07-08,NODE-024,Alaknanda Market Community Bins,South Delhi Zone 4,480,27000,2,7,0,0,0,,61,31.6,65,32.8,316.8,66.0,0
2026-07-08,NODE-025,Pul Prehladpur Cluster,South Delhi Zone 4,700,39000,2,7,0,0,0,,61,31.6,65,32.8,556.5,79.5,0
2026-07-09,NODE-001,Lajpat Nagar Market Bin Cluster,South Delhi Zone 3,800,38000,3,7,0,0,0,,65,28.7,68,10.6,573.9,71.7,0
2026-07-09,NODE-002,Sarojini Nagar Community Bins,South Delhi Zone 3,600,32000,3,7,0,0,0,,65,28.7,68,10.6,443.1,73.8,0
2026-07-09,NODE-003,INA Colony Street Cluster,South Delhi Zone 3,400,25000,3,7,0,0,0,,65,28.7,68,10.6,254.8,63.7,0
2026-07-09,NODE-004,Nehru Place Commercial Hub,South Delhi Zone 3,1200,45000,3,7,0,0,0,,65,28.7,68,10.6,976.7,81.4,0
2026-07-09,NODE-005,Greater Kailash Block N,South Delhi Zone 3,500,20000,3,7,0,0,0,,65,28.7,68,10.6,319.1,63.8,0
2026-07-09,NODE-006,Defence Colony Main Road,South Delhi Zone 3,600,22000,3,7,0,0,0,,65,28.7,68,10.6,360.9,60.2,0
2026-07-09,NODE-007,CR Park Bengali Colony,South Delhi Zone 3,500,28000,3,7,0,0,0,,65,28.7,68,10.6,346.9,69.4,0
2026-07-09,NODE-008,Jangpura Extension Market,South Delhi Zone 3,450,30000,3,7,0,0,0,,65,28.7,68,10.6,300.2,66.7,0
2026-07-09,NODE-009,Bhogal Vegetable Market,South Delhi Zone 3,700,40000,3,7,0,0,0,,65,28.7,68,10.6,555.2,79.3,0
2026-07-09,NODE-010,Andrews Ganj Colony,South Delhi Zone 3,350,18000,3,7,0,0,0,,65,28.7,68,10.6,214.8,61.4,0
2026-07-09,NODE-011,Moolchand Market Cluster,South Delhi Zone 3,550,26000,3,7,0,0,0,,65,28.7,68,10.6,351.0,63.8,0
2026-07-09,NODE-012,Sidhartha Nagar Bins,South Delhi Zone 3,400,35000,3,7,0,0,0,,65,28.7,68,10.6,316.0,79.0,0
2026-07-09,NODE-013,Kotla Mubarakpur Street,South Delhi Zone 3,480,33000,3,7,0,0,0,,65,28.7,68,10.6,319.8,66.6,0
2026-07-09,NODE-014,Malviya Nagar Main Market,South Delhi Zone 4,700,30000,3,7,0,0,0,,65,28.7,68,10.6,513.6,73.4,0
2026-07-09,NODE-015,Okhla Phase 1 Industrial Area,South Delhi Zone 4,1500,15000,3,7,0,0,0,,65,28.7,68,10.6,901.8,60.1,0
2026-07-09,NODE-016,Hauz Khas Village Cluster,South Delhi Zone 4,450,18000,3,7,0,0,0,,65,28.7,68,10.6,254.1,56.5,0
2026-07-09,NODE-017,Saket Select Citywalk Area,South Delhi Zone 4,900,25000,3,7,0,0,0,,65,28.7,68,10.6,597.3,66.4,0
2026-07-09,NODE-018,Sheikh Sarai Phase 2,South Delhi Zone 4,400,22000,3,7,0,0,0,,65,28.7,68,10.6,238.2,59.6,0
2026-07-09,NODE-019,Kalkaji Main Road Bins,South Delhi Zone 4,600,36000,3,7,0,0,0,,65,28.7,68,10.6,440.1,73.3,0
2026-07-09,NODE-020,Govindpuri Market Cluster,South Delhi Zone 4,550,42000,3,7,0,0,0,,65,28.7,68,10.6,448.9,81.6,0
2026-07-09,NODE-021,Sangam Vihar Block A,South Delhi Zone 4,800,48000,3,7,0,0,0,,65,28.7,68,10.6,688.5,86.1,0
2026-07-09,NODE-022,Madanpur Khadar Bins,South Delhi Zone 4,650,44000,3,7,0,0,0,,65,28.7,68,10.6,554.4,85.3,0
2026-07-09,NODE-023,Jasola Apollo Hospital Area,South Delhi Zone 4,500,20000,3,7,0,0,0,,65,28.7,68,10.6,292.2,58.4,0
2026-07-09,NODE-024,Alaknanda Market Community Bins,South Delhi Zone 4,480,27000,3,7,0,0,0,,65,28.7,68,10.6,315.5,65.7,0
2026-07-09,NODE-025,Pul Prehladpur Cluster,South Delhi Zone 4,700,39000,3,7,0,0,0,,65,28.7,68,10.6,518.0,74.0,0
2026-07-10,NODE-001,Lajpat Nagar Market Bin Cluster,South Delhi Zone 3,800,38000,4,7,0,0,0,,61,28.6,65,44.5,653.2,81.6,0
2026-07-10,NODE-002,Sarojini Nagar Community Bins,South Delhi Zone 3,600,32000,4,7,0,0,0,,61,28.6,65,44.5,402.2,67.0,0
2026-07-10,NODE-003,INA Colony Street Cluster,South Delhi Zone 3,400,25000,4,7,0,0,0,,61,28.6,65,44.5,276.1,69.0,0
2026-07-10,NODE-004,Nehru Place Commercial Hub,South Delhi Zone 3,1200,45000,4,7,0,0,0,,61,28.6,65,44.5,998.6,83.2,0
2026-07-10,NODE-005,Greater Kailash Block N,South Delhi Zone 3,500,20000,4,7,0,0,0,,61,28.6,65,44.5,298.3,59.7,0
2026-07-10,NODE-006,Defence Colony Main Road,South Delhi Zone 3,600,22000,4,7,0,0,0,,61,28.6,65,44.5,387.1,64.5,0
2026-07-10,NODE-007,CR Park Bengali Colony,South Delhi Zone 3,500,28000,4,7,0,0,0,,61,28.6,65,44.5,353.3,70.7,0
2026-07-10,NODE-008,Jangpura Extension Market,South Delhi Zone 3,450,30000,4,7,0,0,0,,61,28.6,65,44.5,335.6,74.6,0
2026-07-10,NODE-009,Bhogal Vegetable Market,South Delhi Zone 3,700,40000,4,7,0,0,0,,61,28.6,65,44.5,570.0,81.4,0
2026-07-10,NODE-010,Andrews Ganj Colony,South Delhi Zone 3,350,18000,4,7,0,0,0,,61,28.6,65,44.5,191.4,54.7,0
2026-07-10,NODE-011,Moolchand Market Cluster,South Delhi Zone 3,550,26000,4,7,0,0,0,,61,28.6,65,44.5,338.4,61.5,0
2026-07-10,NODE-012,Sidhartha Nagar Bins,South Delhi Zone 3,400,35000,4,7,0,0,0,,61,28.6,65,44.5,283.9,71.0,0
2026-07-10,NODE-013,Kotla Mubarakpur Street,South Delhi Zone 3,480,33000,4,7,0,0,0,,61,28.6,65,44.5,320.5,66.8,0
2026-07-10,NODE-014,Malviya Nagar Main Market,South Delhi Zone 4,700,30000,4,7,0,0,0,,61,28.6,65,44.5,452.4,64.6,0
2026-07-10,NODE-015,Okhla Phase 1 Industrial Area,South Delhi Zone 4,1500,15000,4,7,0,0,0,,61,28.6,65,44.5,890.0,59.3,0
2026-07-10,NODE-016,Hauz Khas Village Cluster,South Delhi Zone 4,450,18000,4,7,0,0,0,,61,28.6,65,44.5,267.0,59.3,0
2026-07-10,NODE-017,Saket Select Citywalk Area,South Delhi Zone 4,900,25000,4,7,0,0,0,,61,28.6,65,44.5,599.3,66.6,0
2026-07-10,NODE-018,Sheikh Sarai Phase 2,South Delhi Zone 4,400,22000,4,7,0,0,0,,61,28.6,65,44.5,250.8,62.7,0
2026-07-10,NODE-019,Kalkaji Main Road Bins,South Delhi Zone 4,600,36000,4,7,0,0,0,,61,28.6,65,44.5,441.8,73.6,0
2026-07-10,NODE-020,Govindpuri Market Cluster,South Delhi Zone 4,550,42000,4,7,0,0,0,,61,28.6,65,44.5,452.8,82.3,0
2026-07-10,NODE-021,Sangam Vihar Block A,South Delhi Zone 4,800,48000,4,7,0,0,0,,61,28.6,65,44.5,614.6,76.8,0
2026-07-10,NODE-022,Madanpur Khadar Bins,South Delhi Zone 4,650,44000,4,7,0,0,0,,61,28.6,65,44.5,532.6,81.9,0
2026-07-10,NODE-023,Jasola Apollo Hospital Area,South Delhi Zone 4,500,20000,4,7,0,0,0,,61,28.6,65,44.5,310.5,62.1,0
2026-07-10,NODE-024,Alaknanda Market Community Bins,South Delhi Zone 4,480,27000,4,7,0,0,0,,61,28.6,65,44.5,309.9,64.6,0
2026-07-10,NODE-025,Pul Prehladpur Cluster,South Delhi Zone 4,700,39000,4,7,0,0,0,,61,28.6,65,44.5,523.9,74.8,0
2026-07-11,NODE-001,Lajpat Nagar Market Bin Cluster,South Delhi Zone 3,800,38000,5,7,1,0,0,,61,29.6,90,11.2,757.4,94.7,0
2026-07-11,NODE-002,Sarojini Nagar Community Bins,South Delhi Zone 3,600,32000,5,7,1,0,0,,61,29.6,90,11.2,552.6,92.1,0
2026-07-11,NODE-003,INA Colony Street Cluster,South Delhi Zone 3,400,25000,5,7,1,0,0,,61,29.6,90,11.2,346.9,86.7,0
2026-07-11,NODE-004,Nehru Place Commercial Hub,South Delhi Zone 3,1200,45000,5,7,1,0,0,,61,29.6,90,11.2,1290.2,107.5,1
2026-07-11,NODE-005,Greater Kailash Block N,South Delhi Zone 3,500,20000,5,7,1,0,0,,61,29.6,90,11.2,397.8,79.6,0
2026-07-11,NODE-006,Defence Colony Main Road,South Delhi Zone 3,600,22000,5,7,1,0,0,,61,29.6,90,11.2,465.2,77.5,0
2026-07-11,NODE-007,CR Park Bengali Colony,South Delhi Zone 3,500,28000,5,7,1,0,0,,61,29.6,90,11.2,428.1,85.6,0
2026-07-11,NODE-008,Jangpura Extension Market,South Delhi Zone 3,450,30000,5,7,1,0,0,,61,29.6,90,11.2,427.9,95.1,0
2026-07-11,NODE-009,Bhogal Vegetable Market,South Delhi Zone 3,700,40000,5,7,1,0,0,,61,29.6,90,11.2,667.7,95.4,0
2026-07-11,NODE-010,Andrews Ganj Colony,South Delhi Zone 3,350,18000,5,7,1,0,0,,61,29.6,90,11.2,253.8,72.5,0
2026-07-11,NODE-011,Moolchand Market Cluster,South Delhi Zone 3,550,26000,5,7,1,0,0,,61,29.6,90,11.2,495.2,90.0,0
2026-07-11,NODE-012,Sidhartha Nagar Bins,South Delhi Zone 3,400,35000,5,7,1,0,0,,61,29.6,90,11.2,353.3,88.3,0
2026-07-11,NODE-013,Kotla Mubarakpur Street,South Delhi Zone 3,480,33000,5,7,1,0,0,,61,29.6,90,11.2,449.2,93.6,0
2026-07-11,NODE-014,Malviya Nagar Main Market,South Delhi Zone 4,700,30000,5,7,1,0,0,,61,29.6,90,11.2,576.5,82.4,0
2026-07-11,NODE-015,Okhla Phase 1 Industrial Area,South Delhi Zone 4,1500,15000,5,7,1,0,0,,61,29.6,90,11.2,1113.8,74.3,0
2026-07-11,NODE-016,Hauz Khas Village Cluster,South Delhi Zone 4,450,18000,5,7,1,0,0,,61,29.6,90,11.2,348.8,77.5,0
2026-07-11,NODE-017,Saket Select Citywalk Area,South Delhi Zone 4,900,25000,5,7,1,0,0,,61,29.6,90,11.2,710.1,78.9,0
2026-07-11,NODE-018,Sheikh Sarai Phase 2,South Delhi Zone 4,400,22000,5,7,1,0,0,,61,29.6,90,11.2,294.9,73.7,0
2026-07-11,NODE-019,Kalkaji Main Road Bins,South Delhi Zone 4,600,36000,5,7,1,0,0,,61,29.6,90,11.2,538.0,89.7,0
2026-07-11,NODE-020,Govindpuri Market Cluster,South Delhi Zone 4,550,42000,5,7,1,0,0,,61,29.6,90,11.2,515.8,93.8,0
2026-07-11,NODE-021,Sangam Vihar Block A,South Delhi Zone 4,800,48000,5,7,1,0,0,,61,29.6,90,11.2,839.5,104.9,1
2026-07-11,NODE-022,Madanpur Khadar Bins,South Delhi Zone 4,650,44000,5,7,1,0,0,,61,29.6,90,11.2,658.9,101.4,1
2026-07-11,NODE-023,Jasola Apollo Hospital Area,South Delhi Zone 4,500,20000,5,7,1,0,0,,61,29.6,90,11.2,390.0,78.0,0
2026-07-11,NODE-024,Alaknanda Market Community Bins,South Delhi Zone 4,480,27000,5,7,1,0,0,,61,29.6,90,11.2,431.1,89.8,0
2026-07-11,NODE-025,Pul Prehladpur Cluster,South Delhi Zone 4,700,39000,5,7,1,0,0,,61,29.6,90,11.2,662.7,94.7,0
2026-07-12,NODE-001,Lajpat Nagar Market Bin Cluster,South Delhi Zone 3,800,38000,6,7,1,0,0,,0,34.0,92,0.0,669.8,83.7,0
2026-07-12,NODE-002,Sarojini Nagar Community Bins,South Delhi Zone 3,600,32000,6,7,1,0,0,,0,34.0,92,0.0,516.8,86.1,0
2026-07-12,NODE-003,INA Colony Street Cluster,South Delhi Zone 3,400,25000,6,7,1,0,0,,0,34.0,92,0.0,310.1,77.5,0
2026-07-12,NODE-004,Nehru Place Commercial Hub,South Delhi Zone 3,1200,45000,6,7,1,0,0,,0,34.0,92,0.0,1040.3,86.7,0
2026-07-12,NODE-005,Greater Kailash Block N,South Delhi Zone 3,500,20000,6,7,1,0,0,,0,34.0,92,0.0,364.3,72.9,0
2026-07-12,NODE-006,Defence Colony Main Road,South Delhi Zone 3,600,22000,6,7,1,0,0,,0,34.0,92,0.0,412.7,68.8,0
2026-07-12,NODE-007,CR Park Bengali Colony,South Delhi Zone 3,500,28000,6,7,1,0,0,,0,34.0,92,0.0,359.2,71.8,0
2026-07-12,NODE-008,Jangpura Extension Market,South Delhi Zone 3,450,30000,6,7,1,0,0,,0,34.0,92,0.0,368.4,81.9,0
2026-07-12,NODE-009,Bhogal Vegetable Market,South Delhi Zone 3,700,40000,6,7,1,0,0,,0,34.0,92,0.0,629.9,90.0,0
2026-07-12,NODE-010,Andrews Ganj Colony,South Delhi Zone 3,350,18000,6,7,1,0,0,,0,34.0,92,0.0,220.3,62.9,0
2026-07-12,NODE-011,Moolchand Market Cluster,South Delhi Zone 3,550,26000,6,7,1,0,0,,0,34.0,92,0.0,411.1,74.7,0
2026-07-12,NODE-012,Sidhartha Nagar Bins,South Delhi Zone 3,400,35000,6,7,1,0,0,,0,34.0,92,0.0,328.6,82.1,0
2026-07-12,NODE-013,Kotla Mubarakpur Street,South Delhi Zone 3,480,33000,6,7,1,0,0,,0,34.0,92,0.0,394.0,82.1,0
2026-07-12,NODE-014,Malviya Nagar Main Market,South Delhi Zone 4,700,30000,6,7,1,0,0,,0,34.0,92,0.0,560.1,80.0,0
2026-07-12,NODE-015,Okhla Phase 1 Industrial Area,South Delhi Zone 4,1500,15000,6,7,1,0,0,,0,34.0,92,0.0,948.2,63.2,0
2026-07-12,NODE-016,Hauz Khas Village Cluster,South Delhi Zone 4,450,18000,6,7,1,0,0,,0,34.0,92,0.0,291.8,64.9,0
2026-07-12,NODE-017,Saket Select Citywalk Area,South Delhi Zone 4,900,25000,6,7,1,0,0,,0,34.0,92,0.0,626.3,69.6,0
2026-07-12,NODE-018,Sheikh Sarai Phase 2,South Delhi Zone 4,400,22000,6,7,1,0,0,,0,34.0,92,0.0,288.9,72.2,0
2026-07-12,NODE-019,Kalkaji Main Road Bins,South Delhi Zone 4,600,36000,6,7,1,0,0,,0,34.0,92,0.0,528.2,88.0,0
2026-07-12,NODE-020,Govindpuri Market Cluster,South Delhi Zone 4,550,42000,6,7,1,0,0,,0,34.0,92,0.0,477.9,86.9,0
2026-07-12,NODE-021,Sangam Vihar Block A,South Delhi Zone 4,800,48000,6,7,1,0,0,,0,34.0,92,0.0,751.1,93.9,0
2026-07-12,NODE-022,Madanpur Khadar Bins,South Delhi Zone 4,650,44000,6,7,1,0,0,,0,34.0,92,0.0,559.1,86.0,0
2026-07-12,NODE-023,Jasola Apollo Hospital Area,South Delhi Zone 4,500,20000,6,7,1,0,0,,0,34.0,92,0.0,367.4,73.5,0
2026-07-12,NODE-024,Alaknanda Market Community Bins,South Delhi Zone 4,480,27000,6,7,1,0,0,,0,34.0,92,0.0,351.0,73.1,0
2026-07-12,NODE-025,Pul Prehladpur Cluster,South Delhi Zone 4,700,39000,6,7,1,0,0,,0,34.0,92,0.0,612.6,87.5,0
2026-07-13,NODE-001,Lajpat Nagar Market Bin Cluster,South Delhi Zone 3,800,38000,0,7,0,1,0,,0,29.2,92,0.0,566.6,70.8,0
2026-07-13,NODE-002,Sarojini Nagar Community Bins,South Delhi Zone 3,600,32000,0,7,0,1,0,,0,29.2,92,0.0,449.0,74.8,0
2026-07-13,NODE-003,INA Colony Street Cluster,South Delhi Zone 3,400,25000,0,7,0,1,0,,0,29.2,92,0.0,270.5,67.6,0
2026-07-13,NODE-004,Nehru Place Commercial Hub,South Delhi Zone 3,1200,45000,0,7,0,1,0,,0,29.2,92,0.0,1014.7,84.6,0
2026-07-13,NODE-005,Greater Kailash Block N,South Delhi Zone 3,500,20000,0,7,0,1,0,,0,29.2,92,0.0,292.1,58.4,0
2026-07-13,NODE-006,Defence Colony Main Road,South Delhi Zone 3,600,22000,0,7,0,1,0,,0,29.2,92,0.0,361.8,60.3,0
2026-07-13,NODE-007,CR Park Bengali Colony,South Delhi Zone 3,500,28000,0,7,0,1,0,,0,29.2,92,0.0,362.4,72.5,0
2026-07-13,NODE-008,Jangpura Extension Market,South Delhi Zone 3,450,30000,0,7,0,1,0,,0,29.2,92,0.0,304.5,67.7,0
2026-07-13,NODE-009,Bhogal Vegetable Market,South Delhi Zone 3,700,40000,0,7,0,1,0,,0,29.2,92,0.0,576.1,82.3,0
2026-07-13,NODE-010,Andrews Ganj Colony,South Delhi Zone 3,350,18000,0,7,0,1,0,,0,29.2,92,0.0,210.3,60.1,0
2026-07-13,NODE-011,Moolchand Market Cluster,South Delhi Zone 3,550,26000,0,7,0,1,0,,0,29.2,92,0.0,342.2,62.2,0
2026-07-13,NODE-012,Sidhartha Nagar Bins,South Delhi Zone 3,400,35000,0,7,0,1,0,,0,29.2,92,0.0,304.0,76.0,0
2026-07-13,NODE-013,Kotla Mubarakpur Street,South Delhi Zone 3,480,33000,0,7,0,1,0,,0,29.2,92,0.0,321.9,67.1,0
2026-07-13,NODE-014,Malviya Nagar Main Market,South Delhi Zone 4,700,30000,0,7,0,1,0,,0,29.2,92,0.0,466.1,66.6,0
2026-07-13,NODE-015,Okhla Phase 1 Industrial Area,South Delhi Zone 4,1500,15000,0,7,0,1,0,,0,29.2,92,0.0,854.7,57.0,0
2026-07-13,NODE-016,Hauz Khas Village Cluster,South Delhi Zone 4,450,18000,0,7,0,1,0,,0,29.2,92,0.0,247.9,55.1,0
2026-07-13,NODE-017,Saket Select Citywalk Area,South Delhi Zone 4,900,25000,0,7,0,1,0,,0,29.2,92,0.0,579.2,64.4,0
2026-07-13,NODE-018,Sheikh Sarai Phase 2,South Delhi Zone 4,400,22000,0,7,0,1,0,,0,29.2,92,0.0,266.4,66.6,0
2026-07-13,NODE-019,Kalkaji Main Road Bins,South Delhi Zone 4,600,36000,0,7,0,1,0,,0,29.2,92,0.0,475.1,79.2,0
2026-07-13,NODE-020,Govindpuri Market Cluster,South Delhi Zone 4,550,42000,0,7,0,1,0,,0,29.2,92,0.0,458.9,83.4,0
2026-07-13,NODE-021,Sangam Vihar Block A,South Delhi Zone 4,800,48000,0,7,0,1,0,,0,29.2,92,0.0,640.0,80.0,0
2026-07-13,NODE-022,Madanpur Khadar Bins,South Delhi Zone 4,650,44000,0,7,0,1,0,,0,29.2,92,0.0,495.6,76.2,0
2026-07-13,NODE-023,Jasola Apollo Hospital Area,South Delhi Zone 4,500,20000,0,7,0,1,0,,0,29.2,92,0.0,303.4,60.7,0
2026-07-13,NODE-024,Alaknanda Market Community Bins,South Delhi Zone 4,480,27000,0,7,0,1,0,,0,29.2,92,0.0,315.3,65.7,0
2026-07-13,NODE-025,Pul Prehladpur Cluster,South Delhi Zone 4,700,39000,0,7,0,1,0,,0,29.2,92,0.0,523.5,74.8,0
2026-07-14,NODE-001,Lajpat Nagar Market Bin Cluster,South Delhi Zone 3,800,38000,1,7,0,0,0,,63,33.9,72,23.6,619.7,77.5,0
2026-07-14,NODE-002,Sarojini Nagar Community Bins,South Delhi Zone 3,600,32000,1,7,0,0,0,,63,33.9,72,23.6,426.9,71.1,0
2026-07-14,NODE-003,INA Colony Street Cluster,South Delhi Zone 3,400,25000,1,7,0,0,0,,63,33.9,72,23.6,272.4,68.1,0
2026-07-14,NODE-004,Nehru Place Commercial Hub,South Delhi Zone 3,1200,45000,1,7,0,0,0,,63,33.9,72,23.6,939.7,78.3,0
2026-07-14,NODE-005,Greater Kailash Block N,South Delhi Zone 3,500,20000,1,7,0,0,0,,63,33.9,72,23.6,324.4,64.9,0
2026-07-14,NODE-006,Defence Colony Main Road,South Delhi Zone 3,600,22000,1,7,0,0,0,,63,33.9,72,23.6,391.8,65.3,0
2026-07-14,NODE-007,CR Park Bengali Colony,South Delhi Zone 3,500,28000,1,7,0,0,0,,63,33.9,72,23.6,325.2,65.0,0
2026-07-14,NODE-008,Jangpura Extension Market,South Delhi Zone 3,450,30000,1,7,0,0,0,,63,33.9,72,23.6,288.1,64.0,0
2026-07-14,NODE-009,Bhogal Vegetable Market,South Delhi Zone 3,700,40000,1,7,0,0,0,,63,33.9,72,23.6,538.5,76.9,0
2026-07-14,NODE-010,Andrews Ganj Colony,South Delhi Zone 3,350,18000,1,7,0,0,0,,63,33.9,72,23.6,198.6,56.7,0
2026-07-14,NODE-011,Moolchand Market Cluster,South Delhi Zone 3,550,26000,1,7,0,0,0,,63,33.9,72,23.6,354.6,64.5,0
2026-07-14,NODE-012,Sidhartha Nagar Bins,South Delhi Zone 3,400,35000,1,7,0,0,0,,63,33.9,72,23.6,311.2,77.8,0
2026-07-14,NODE-013,Kotla Mubarakpur Street,South Delhi Zone 3,480,33000,1,7,0,0,0,,63,33.9,72,23.6,366.8,76.4,0
2026-07-14,NODE-014,Malviya Nagar Main Market,South Delhi Zone 4,700,30000,1,7,0,0,0,,63,33.9,72,23.6,521.7,74.5,0
2026-07-14,NODE-015,Okhla Phase 1 Industrial Area,South Delhi Zone 4,1500,15000,1,7,0,0,0,,63,33.9,72,23.6,782.8,52.2,0
2026-07-14,NODE-016,Hauz Khas Village Cluster,South Delhi Zone 4,450,18000,1,7,0,0,0,,63,33.9,72,23.6,273.4,60.8,0
2026-07-14,NODE-017,Saket Select Citywalk Area,South Delhi Zone 4,900,25000,1,7,0,0,0,,63,33.9,72,23.6,620.0,68.9,0
2026-07-14,NODE-018,Sheikh Sarai Phase 2,South Delhi Zone 4,400,22000,1,7,0,0,0,,63,33.9,72,23.6,259.9,65.0,0
2026-07-14,NODE-019,Kalkaji Main Road Bins,South Delhi Zone 4,600,36000,1,7,0,0,0,,63,33.9,72,23.6,419.4,69.9,0
2026-07-14,NODE-020,Govindpuri Market Cluster,South Delhi Zone 4,550,42000,1,7,0,0,0,,63,33.9,72,23.6,440.8,80.1,0
2026-07-14,NODE-021,Sangam Vihar Block A,South Delhi Zone 4,800,48000,1,7,0,0,0,,63,33.9,72,23.6,631.0,78.9,0
2026-07-14,NODE-022,Madanpur Khadar Bins,South Delhi Zone 4,650,44000,1,7,0,0,0,,63,33.9,72,23.6,528.9,81.4,0
2026-07-14,NODE-023,Jasola Apollo Hospital Area,South Delhi Zone 4,500,20000,1,7,0,0,0,,63,33.9,72,23.6,283.4,56.7,0
2026-07-14,NODE-024,Alaknanda Market Community Bins,South Delhi Zone 4,480,27000,1,7,0,0,0,,63,33.9,72,23.6,346.9,72.3,0
2026-07-14,NODE-025,Pul Prehladpur Cluster,South Delhi Zone 4,700,39000,1,7,0,0,0,,63,33.9,72,23.6,558.7,79.8,0
2026-07-15,NODE-001,Lajpat Nagar Market Bin Cluster,South Delhi Zone 3,800,38000,2,7,0,0,0,,0,35.4,92,0.0,547.0,68.4,0
2026-07-15,NODE-002,Sarojini Nagar Community Bins,South Delhi Zone 3,600,32000,2,7,0,0,0,,0,35.4,92,0.0,393.8,65.6,0
2026-07-15,NODE-003,INA Colony Street Cluster,South Delhi Zone 3,400,25000,2,7,0,0,0,,0,35.4,92,0.0,228.3,57.1,0
2026-07-15,NODE-004,Nehru Place Commercial Hub,South Delhi Zone 3,1200,45000,2,7,0,0,0,,0,35.4,92,0.0,949.0,79.1,0
2026-07-15,NODE-005,Greater Kailash Block N,South Delhi Zone 3,500,20000,2,7,0,0,0,,0,35.4,92,0.0,254.1,50.8,0
2026-07-15,NODE-006,Defence Colony Main Road,South Delhi Zone 3,600,22000,2,7,0,0,0,,0,35.4,92,0.0,314.1,52.3,0
2026-07-15,NODE-007,CR Park Bengali Colony,South Delhi Zone 3,500,28000,2,7,0,0,0,,0,35.4,92,0.0,285.0,57.0,0
2026-07-15,NODE-008,Jangpura Extension Market,South Delhi Zone 3,450,30000,2,7,0,0,0,,0,35.4,92,0.0,293.6,65.2,0
2026-07-15,NODE-009,Bhogal Vegetable Market,South Delhi Zone 3,700,40000,2,7,0,0,0,,0,35.4,92,0.0,454.6,64.9,0
2026-07-15,NODE-010,Andrews Ganj Colony,South Delhi Zone 3,350,18000,2,7,0,0,0,,0,35.4,92,0.0,187.2,53.5,0
2026-07-15,NODE-011,Moolchand Market Cluster,South Delhi Zone 3,550,26000,2,7,0,0,0,,0,35.4,92,0.0,321.2,58.4,0
2026-07-15,NODE-012,Sidhartha Nagar Bins,South Delhi Zone 3,400,35000,2,7,0,0,0,,0,35.4,92,0.0,283.1,70.8,0
2026-07-15,NODE-013,Kotla Mubarakpur Street,South Delhi Zone 3,480,33000,2,7,0,0,0,,0,35.4,92,0.0,295.9,61.6,0
2026-07-15,NODE-014,Malviya Nagar Main Market,South Delhi Zone 4,700,30000,2,7,0,0,0,,0,35.4,92,0.0,417.9,59.7,0
2026-07-15,NODE-015,Okhla Phase 1 Industrial Area,South Delhi Zone 4,1500,15000,2,7,0,0,0,,0,35.4,92,0.0,737.0,49.1,0
2026-07-15,NODE-016,Hauz Khas Village Cluster,South Delhi Zone 4,450,18000,2,7,0,0,0,,0,35.4,92,0.0,249.6,55.5,0
2026-07-15,NODE-017,Saket Select Citywalk Area,South Delhi Zone 4,900,25000,2,7,0,0,0,,0,35.4,92,0.0,541.1,60.1,0
2026-07-15,NODE-018,Sheikh Sarai Phase 2,South Delhi Zone 4,400,22000,2,7,0,0,0,,0,35.4,92,0.0,232.3,58.1,0
2026-07-15,NODE-019,Kalkaji Main Road Bins,South Delhi Zone 4,600,36000,2,7,0,0,0,,0,35.4,92,0.0,388.2,64.7,0
2026-07-15,NODE-020,Govindpuri Market Cluster,South Delhi Zone 4,550,42000,2,7,0,0,0,,0,35.4,92,0.0,377.4,68.6,0
2026-07-15,NODE-021,Sangam Vihar Block A,South Delhi Zone 4,800,48000,2,7,0,0,0,,0,35.4,92,0.0,548.0,68.5,0
2026-07-15,NODE-022,Madanpur Khadar Bins,South Delhi Zone 4,650,44000,2,7,0,0,0,,0,35.4,92,0.0,450.3,69.3,0
2026-07-15,NODE-023,Jasola Apollo Hospital Area,South Delhi Zone 4,500,20000,2,7,0,0,0,,0,35.4,92,0.0,284.4,56.9,0
2026-07-15,NODE-024,Alaknanda Market Community Bins,South Delhi Zone 4,480,27000,2,7,0,0,0,,0,35.4,92,0.0,290.8,60.6,0
2026-07-15,NODE-025,Pul Prehladpur Cluster,South Delhi Zone 4,700,39000,2,7,0,0,0,,0,35.4,92,0.0,455.9,65.1,0
2026-07-16,NODE-001,Lajpat Nagar Market Bin Cluster,South Delhi Zone 3,800,38000,3,7,0,0,0,,0,31.7,78,0.0,512.2,64.0,0
2026-07-16,NODE-002,Sarojini Nagar Community Bins,South Delhi Zone 3,600,32000,3,7,0,0,0,,0,31.7,78,0.0,372.9,62.1,0
2026-07-16,NODE-003,INA Colony Street Cluster,South Delhi Zone 3,400,25000,3,7,0,0,0,,0,31.7,78,0.0,243.1,60.8,0
2026-07-16,NODE-004,Nehru Place Commercial Hub,South Delhi Zone 3,1200,45000,3,7,0,0,0,,0,31.7,78,0.0,875.2,72.9,0
2026-07-16,NODE-005,Greater Kailash Block N,South Delhi Zone 3,500,20000,3,7,0,0,0,,0,31.7,78,0.0,270.6,54.1,0
2026-07-16,NODE-006,Defence Colony Main Road,South Delhi Zone 3,600,22000,3,7,0,0,0,,0,31.7,78,0.0,354.8,59.1,0
2026-07-16,NODE-007,CR Park Bengali Colony,South Delhi Zone 3,500,28000,3,7,0,0,0,,0,31.7,78,0.0,282.9,56.6,0
2026-07-16,NODE-008,Jangpura Extension Market,South Delhi Zone 3,450,30000,3,7,0,0,0,,0,31.7,78,0.0,293.0,65.1,0
2026-07-16,NODE-009,Bhogal Vegetable Market,South Delhi Zone 3,700,40000,3,7,0,0,0,,0,31.7,78,0.0,472.5,67.5,0
2026-07-16,NODE-010,Andrews Ganj Colony,South Delhi Zone 3,350,18000,3,7,0,0,0,,0,31.7,78,0.0,191.3,54.7,0
2026-07-16,NODE-011,Moolchand Market Cluster,South Delhi Zone 3,550,26000,3,7,0,0,0,,0,31.7,78,0.0,330.0,60.0,0
2026-07-16,NODE-012,Sidhartha Nagar Bins,South Delhi Zone 3,400,35000,3,7,0,0,0,,0,31.7,78,0.0,251.5,62.9,0
2026-07-16,NODE-013,Kotla Mubarakpur Street,South Delhi Zone 3,480,33000,3,7,0,0,0,,0,31.7,78,0.0,326.5,68.0,0
2026-07-16,NODE-014,Malviya Nagar Main Market,South Delhi Zone 4,700,30000,3,7,0,0,0,,0,31.7,78,0.0,410.0,58.6,0
2026-07-16,NODE-015,Okhla Phase 1 Industrial Area,South Delhi Zone 4,1500,15000,3,7,0,0,0,,0,31.7,78,0.0,785.2,52.3,0
2026-07-16,NODE-016,Hauz Khas Village Cluster,South Delhi Zone 4,450,18000,3,7,0,0,0,,0,31.7,78,0.0,256.0,56.9,0
2026-07-16,NODE-017,Saket Select Citywalk Area,South Delhi Zone 4,900,25000,3,7,0,0,0,,0,31.7,78,0.0,515.6,57.3,0
2026-07-16,NODE-018,Sheikh Sarai Phase 2,South Delhi Zone 4,400,22000,3,7,0,0,0,,0,31.7,78,0.0,207.7,51.9,0
2026-07-16,NODE-019,Kalkaji Main Road Bins,South Delhi Zone 4,600,36000,3,7,0,0,0,,0,31.7,78,0.0,387.0,64.5,0
2026-07-16,NODE-020,Govindpuri Market Cluster,South Delhi Zone 4,550,42000,3,7,0,0,0,,0,31.7,78,0.0,411.7,74.9,0
2026-07-16,NODE-021,Sangam Vihar Block A,South Delhi Zone 4,800,48000,3,7,0,0,0,,0,31.7,78,0.0,557.3,69.7,0
2026-07-16,NODE-022,Madanpur Khadar Bins,South Delhi Zone 4,650,44000,3,7,0,0,0,,0,31.7,78,0.0,507.0,78.0,0
2026-07-16,NODE-023,Jasola Apollo Hospital Area,South Delhi Zone 4,500,20000,3,7,0,0,0,,0,31.7,78,0.0,287.7,57.5,0
2026-07-16,NODE-024,Alaknanda Market Community Bins,South Delhi Zone 4,480,27000,3,7,0,0,0,,0,31.7,78,0.0,289.5,60.3,0
2026-07-16,NODE-025,Pul Prehladpur Cluster,South Delhi Zone 4,700,39000,3,7,0,0,0,,0,31.7,78,0.0,486.4,69.5,0
2026-07-17,NODE-001,Lajpat Nagar Market Bin Cluster,South Delhi Zone 3,800,38000,4,7,0,0,0,,0,28.8,90,0.0,513.9,64.2,0
2026-07-17,NODE-002,Sarojini Nagar Community Bins,South Delhi Zone 3,600,32000,4,7,0,0,0,,0,28.8,90,0.0,351.8,58.6,0
2026-07-17,NODE-003,INA Colony Street Cluster,South Delhi Zone 3,400,25000,4,7,0,0,0,,0,28.8,90,0.0,245.3,61.3,0
2026-07-17,NODE-004,Nehru Place Commercial Hub,South Delhi Zone 3,1200,45000,4,7,0,0,0,,0,28.8,90,0.0,950.1,79.2,0
2026-07-17,NODE-005,Greater Kailash Block N,South Delhi Zone 3,500,20000,4,7,0,0,0,,0,28.8,90,0.0,256.1,51.2,0
2026-07-17,NODE-006,Defence Colony Main Road,South Delhi Zone 3,600,22000,4,7,0,0,0,,0,28.8,90,0.0,353.2,58.9,0
2026-07-17,NODE-007,CR Park Bengali Colony,South Delhi Zone 3,500,28000,4,7,0,0,0,,0,28.8,90,0.0,296.5,59.3,0
2026-07-17,NODE-008,Jangpura Extension Market,South Delhi Zone 3,450,30000,4,7,0,0,0,,0,28.8,90,0.0,285.1,63.4,0
2026-07-17,NODE-009,Bhogal Vegetable Market,South Delhi Zone 3,700,40000,4,7,0,0,0,,0,28.8,90,0.0,499.1,71.3,0
2026-07-17,NODE-010,Andrews Ganj Colony,South Delhi Zone 3,350,18000,4,7,0,0,0,,0,28.8,90,0.0,187.7,53.6,0
2026-07-17,NODE-011,Moolchand Market Cluster,South Delhi Zone 3,550,26000,4,7,0,0,0,,0,28.8,90,0.0,312.1,56.7,0
2026-07-17,NODE-012,Sidhartha Nagar Bins,South Delhi Zone 3,400,35000,4,7,0,0,0,,0,28.8,90,0.0,276.7,69.2,0
2026-07-17,NODE-013,Kotla Mubarakpur Street,South Delhi Zone 3,480,33000,4,7,0,0,0,,0,28.8,90,0.0,285.3,59.4,0
2026-07-17,NODE-014,Malviya Nagar Main Market,South Delhi Zone 4,700,30000,4,7,0,0,0,,0,28.8,90,0.0,404.2,57.7,0
2026-07-17,NODE-015,Okhla Phase 1 Industrial Area,South Delhi Zone 4,1500,15000,4,7,0,0,0,,0,28.8,90,0.0,808.4,53.9,0
2026-07-17,NODE-016,Hauz Khas Village Cluster,South Delhi Zone 4,450,18000,4,7,0,0,0,,0,28.8,90,0.0,236.0,52.4,0
2026-07-17,NODE-017,Saket Select Citywalk Area,South Delhi Zone 4,900,25000,4,7,0,0,0,,0,28.8,90,0.0,493.2,54.8,0
2026-07-17,NODE-018,Sheikh Sarai Phase 2,South Delhi Zone 4,400,22000,4,7,0,0,0,,0,28.8,90,0.0,238.4,59.6,0
2026-07-17,NODE-019,Kalkaji Main Road Bins,South Delhi Zone 4,600,36000,4,7,0,0,0,,0,28.8,90,0.0,420.9,70.2,0
2026-07-17,NODE-020,Govindpuri Market Cluster,South Delhi Zone 4,550,42000,4,7,0,0,0,,0,28.8,90,0.0,381.1,69.3,0
2026-07-17,NODE-021,Sangam Vihar Block A,South Delhi Zone 4,800,48000,4,7,0,0,0,,0,28.8,90,0.0,545.0,68.1,0
2026-07-17,NODE-022,Madanpur Khadar Bins,South Delhi Zone 4,650,44000,4,7,0,0,0,,0,28.8,90,0.0,469.8,72.3,0
2026-07-17,NODE-023,Jasola Apollo Hospital Area,South Delhi Zone 4,500,20000,4,7,0,0,0,,0,28.8,90,0.0,257.8,51.6,0
2026-07-17,NODE-024,Alaknanda Market Community Bins,South Delhi Zone 4,480,27000,4,7,0,0,0,,0,28.8,90,0.0,290.3,60.5,0
2026-07-17,NODE-025,Pul Prehladpur Cluster,South Delhi Zone 4,700,39000,4,7,0,0,0,,0,28.8,90,0.0,507.3,72.5,0
2026-07-18,NODE-001,Lajpat Nagar Market Bin Cluster,South Delhi Zone 3,800,38000,5,7,1,0,0,,0,28.2,86,0.0,687.4,85.9,0
2026-07-18,NODE-002,Sarojini Nagar Community Bins,South Delhi Zone 3,600,32000,5,7,1,0,0,,0,28.2,86,0.0,475.3,79.2,0
2026-07-18,NODE-003,INA Colony Street Cluster,South Delhi Zone 3,400,25000,5,7,1,0,0,,0,28.2,86,0.0,316.6,79.2,0
2026-07-18,NODE-004,Nehru Place Commercial Hub,South Delhi Zone 3,1200,45000,5,7,1,0,0,,0,28.2,86,0.0,1084.5,90.4,0
2026-07-18,NODE-005,Greater Kailash Block N,South Delhi Zone 3,500,20000,5,7,1,0,0,,0,28.2,86,0.0,344.2,68.8,0
2026-07-18,NODE-006,Defence Colony Main Road,South Delhi Zone 3,600,22000,5,7,1,0,0,,0,28.2,86,0.0,404.3,67.4,0
2026-07-18,NODE-007,CR Park Bengali Colony,South Delhi Zone 3,500,28000,5,7,1,0,0,,0,28.2,86,0.0,393.2,78.6,0
2026-07-18,NODE-008,Jangpura Extension Market,South Delhi Zone 3,450,30000,5,7,1,0,0,,0,28.2,86,0.0,362.9,80.6,0
2026-07-18,NODE-009,Bhogal Vegetable Market,South Delhi Zone 3,700,40000,5,7,1,0,0,,0,28.2,86,0.0,636.9,91.0,0
2026-07-18,NODE-010,Andrews Ganj Colony,South Delhi Zone 3,350,18000,5,7,1,0,0,,0,28.2,86,0.0,236.2,67.5,0
2026-07-18,NODE-011,Moolchand Market Cluster,South Delhi Zone 3,550,26000,5,7,1,0,0,,0,28.2,86,0.0,439.4,79.9,0
2026-07-18,NODE-012,Sidhartha Nagar Bins,South Delhi Zone 3,400,35000,5,7,1,0,0,,0,28.2,86,0.0,335.0,83.7,0
2026-07-18,NODE-013,Kotla Mubarakpur Street,South Delhi Zone 3,480,33000,5,7,1,0,0,,0,28.2,86,0.0,368.0,76.7,0
2026-07-18,NODE-014,Malviya Nagar Main Market,South Delhi Zone 4,700,30000,5,7,1,0,0,,0,28.2,86,0.0,543.8,77.7,0
2026-07-18,NODE-015,Okhla Phase 1 Industrial Area,South Delhi Zone 4,1500,15000,5,7,1,0,0,,0,28.2,86,0.0,956.2,63.7,0
2026-07-18,NODE-016,Hauz Khas Village Cluster,South Delhi Zone 4,450,18000,5,7,1,0,0,,0,28.2,86,0.0,310.7,69.0,0
2026-07-18,NODE-017,Saket Select Citywalk Area,South Delhi Zone 4,900,25000,5,7,1,0,0,,0,28.2,86,0.0,700.6,77.8,0
2026-07-18,NODE-018,Sheikh Sarai Phase 2,South Delhi Zone 4,400,22000,5,7,1,0,0,,0,28.2,86,0.0,274.1,68.5,0
2026-07-18,NODE-019,Kalkaji Main Road Bins,South Delhi Zone 4,600,36000,5,7,1,0,0,,0,28.2,86,0.0,550.3,91.7,0
2026-07-18,NODE-020,Govindpuri Market Cluster,South Delhi Zone 4,550,42000,5,7,1,0,0,,0,28.2,86,0.0,503.1,91.5,0
2026-07-18,NODE-021,Sangam Vihar Block A,South Delhi Zone 4,800,48000,5,7,1,0,0,,0,28.2,86,0.0,692.3,86.5,0
2026-07-18,NODE-022,Madanpur Khadar Bins,South Delhi Zone 4,650,44000,5,7,1,0,0,,0,28.2,86,0.0,591.7,91.0,0
2026-07-18,NODE-023,Jasola Apollo Hospital Area,South Delhi Zone 4,500,20000,5,7,1,0,0,,0,28.2,86,0.0,359.1,71.8,0
2026-07-18,NODE-024,Alaknanda Market Community Bins,South Delhi Zone 4,480,27000,5,7,1,0,0,,0,28.2,86,0.0,364.8,76.0,0
2026-07-18,NODE-025,Pul Prehladpur Cluster,South Delhi Zone 4,700,39000,5,7,1,0,0,,0,28.2,86,0.0,643.1,91.9,0
2026-07-19,NODE-001,Lajpat Nagar Market Bin Cluster,South Delhi Zone 3,800,38000,6,7,1,0,0,,0,32.5,75,0.0,683.1,85.4,0
2026-07-19,NODE-002,Sarojini Nagar Community Bins,South Delhi Zone 3,600,32000,6,7,1,0,0,,0,32.5,75,0.0,461.7,77.0,0
2026-07-19,NODE-003,INA Colony Street Cluster,South Delhi Zone 3,400,25000,6,7,1,0,0,,0,32.5,75,0.0,288.6,72.2,0
2026-07-19,NODE-004,Nehru Place Commercial Hub,South Delhi Zone 3,1200,45000,6,7,1,0,0,,0,32.5,75,0.0,1074.4,89.5,0
2026-07-19,NODE-005,Greater Kailash Block N,South Delhi Zone 3,500,20000,6,7,1,0,0,,0,32.5,75,0.0,369.2,73.8,0
2026-07-19,NODE-006,Defence Colony Main Road,South Delhi Zone 3,600,22000,6,7,1,0,0,,0,32.5,75,0.0,447.4,74.6,0
2026-07-19,NODE-007,CR Park Bengali Colony,South Delhi Zone 3,500,28000,6,7,1,0,0,,0,32.5,75,0.0,358.8,71.8,0
2026-07-19,NODE-008,Jangpura Extension Market,South Delhi Zone 3,450,30000,6,7,1,0,0,,0,32.5,75,0.0,384.3,85.4,0
2026-07-19,NODE-009,Bhogal Vegetable Market,South Delhi Zone 3,700,40000,6,7,1,0,0,,0,32.5,75,0.0,625.2,89.3,0
2026-07-19,NODE-010,Andrews Ganj Colony,South Delhi Zone 3,350,18000,6,7,1,0,0,,0,32.5,75,0.0,246.3,70.4,0
2026-07-19,NODE-011,Moolchand Market Cluster,South Delhi Zone 3,550,26000,6,7,1,0,0,,0,32.5,75,0.0,447.1,81.3,0
2026-07-19,NODE-012,Sidhartha Nagar Bins,South Delhi Zone 3,400,35000,6,7,1,0,0,,0,32.5,75,0.0,361.6,90.4,0
2026-07-19,NODE-013,Kotla Mubarakpur Street,South Delhi Zone 3,480,33000,6,7,1,0,0,,0,32.5,75,0.0,368.8,76.8,0
2026-07-19,NODE-014,Malviya Nagar Main Market,South Delhi Zone 4,700,30000,6,7,1,0,0,,0,32.5,75,0.0,568.1,81.2,0
2026-07-19,NODE-015,Okhla Phase 1 Industrial Area,South Delhi Zone 4,1500,15000,6,7,1,0,0,,0,32.5,75,0.0,932.6,62.2,0
2026-07-19,NODE-016,Hauz Khas Village Cluster,South Delhi Zone 4,450,18000,6,7,1,0,0,,0,32.5,75,0.0,319.1,70.9,0
2026-07-19,NODE-017,Saket Select Citywalk Area,South Delhi Zone 4,900,25000,6,7,1,0,0,,0,32.5,75,0.0,713.4,79.3,0
2026-07-19,NODE-018,Sheikh Sarai Phase 2,South Delhi Zone 4,400,22000,6,7,1,0,0,,0,32.5,75,0.0,265.3,66.3,0
2026-07-19,NODE-019,Kalkaji Main Road Bins,South Delhi Zone 4,600,36000,6,7,1,0,0,,0,32.5,75,0.0,550.5,91.8,0
2026-07-19,NODE-020,Govindpuri Market Cluster,South Delhi Zone 4,550,42000,6,7,1,0,0,,0,32.5,75,0.0,477.2,86.8,0
2026-07-19,NODE-021,Sangam Vihar Block A,South Delhi Zone 4,800,48000,6,7,1,0,0,,0,32.5,75,0.0,791.6,98.9,1
2026-07-19,NODE-022,Madanpur Khadar Bins,South Delhi Zone 4,650,44000,6,7,1,0,0,,0,32.5,75,0.0,631.8,97.2,0
2026-07-19,NODE-023,Jasola Apollo Hospital Area,South Delhi Zone 4,500,20000,6,7,1,0,0,,0,32.5,75,0.0,339.2,67.8,0
2026-07-19,NODE-024,Alaknanda Market Community Bins,South Delhi Zone 4,480,27000,6,7,1,0,0,,0,32.5,75,0.0,385.9,80.4,0
2026-07-19,NODE-025,Pul Prehladpur Cluster,South Delhi Zone 4,700,39000,6,7,1,0,0,,0,32.5,75,0.0,649.4,92.8,0
2026-07-20,NODE-001,Lajpat Nagar Market Bin Cluster,South Delhi Zone 3,800,38000,0,7,0,1,0,,0,32.7,90,0.0,635.4,79.4,0
2026-07-20,NODE-002,Sarojini Nagar Community Bins,South Delhi Zone 3,600,32000,0,7,0,1,0,,0,32.7,90,0.0,418.6,69.8,0
2026-07-20,NODE-003,INA Colony Street Cluster,South Delhi Zone 3,400,25000,0,7,0,1,0,,0,32.7,90,0.0,265.4,66.3,0
2026-07-20,NODE-004,Nehru Place Commercial Hub,South Delhi Zone 3,1200,45000,0,7,0,1,0,,0,32.7,90,0.0,1022.2,85.2,0
2026-07-20,NODE-005,Greater Kailash Block N,South Delhi Zone 3,500,20000,0,7,0,1,0,,0,32.7,90,0.0,298.3,59.7,0
2026-07-20,NODE-006,Defence Colony Main Road,South Delhi Zone 3,600,22000,0,7,0,1,0,,0,32.7,90,0.0,381.0,63.5,0
2026-07-20,NODE-007,CR Park Bengali Colony,South Delhi Zone 3,500,28000,0,7,0,1,0,,0,32.7,90,0.0,320.3,64.1,0
2026-07-20,NODE-008,Jangpura Extension Market,South Delhi Zone 3,450,30000,0,7,0,1,0,,0,32.7,90,0.0,336.0,74.7,0
2026-07-20,NODE-009,Bhogal Vegetable Market,South Delhi Zone 3,700,40000,0,7,0,1,0,,0,32.7,90,0.0,577.1,82.4,0
2026-07-20,NODE-010,Andrews Ganj Colony,South Delhi Zone 3,350,18000,0,7,0,1,0,,0,32.7,90,0.0,218.2,62.4,0
2026-07-20,NODE-011,Moolchand Market Cluster,South Delhi Zone 3,550,26000,0,7,0,1,0,,0,32.7,90,0.0,391.8,71.2,0
2026-07-20,NODE-012,Sidhartha Nagar Bins,South Delhi Zone 3,400,35000,0,7,0,1,0,,0,32.7,90,0.0,297.8,74.4,0
2026-07-20,NODE-013,Kotla Mubarakpur Street,South Delhi Zone 3,480,33000,0,7,0,1,0,,0,32.7,90,0.0,328.7,68.5,0
2026-07-20,NODE-014,Malviya Nagar Main Market,South Delhi Zone 4,700,30000,0,7,0,1,0,,0,32.7,90,0.0,451.6,64.5,0
2026-07-20,NODE-015,Okhla Phase 1 Industrial Area,South Delhi Zone 4,1500,15000,0,7,0,1,0,,0,32.7,90,0.0,792.0,52.8,0
2026-07-20,NODE-016,Hauz Khas Village Cluster,South Delhi Zone 4,450,18000,0,7,0,1,0,,0,32.7,90,0.0,271.6,60.4,0
2026-07-20,NODE-017,Saket Select Citywalk Area,South Delhi Zone 4,900,25000,0,7,0,1,0,,0,32.7,90,0.0,543.3,60.4,0
2026-07-20,NODE-018,Sheikh Sarai Phase 2,South Delhi Zone 4,400,22000,0,7,0,1,0,,0,32.7,90,0.0,250.4,62.6,0
2026-07-20,NODE-019,Kalkaji Main Road Bins,South Delhi Zone 4,600,36000,0,7,0,1,0,,0,32.7,90,0.0,436.7,72.8,0
2026-07-20,NODE-020,Govindpuri Market Cluster,South Delhi Zone 4,550,42000,0,7,0,1,0,,0,32.7,90,0.0,447.7,81.4,0
2026-07-20,NODE-021,Sangam Vihar Block A,South Delhi Zone 4,800,48000,0,7,0,1,0,,0,32.7,90,0.0,692.4,86.5,0
2026-07-20,NODE-022,Madanpur Khadar Bins,South Delhi Zone 4,650,44000,0,7,0,1,0,,0,32.7,90,0.0,517.2,79.6,0
2026-07-20,NODE-023,Jasola Apollo Hospital Area,South Delhi Zone 4,500,20000,0,7,0,1,0,,0,32.7,90,0.0,289.8,58.0,0
2026-07-20,NODE-024,Alaknanda Market Community Bins,South Delhi Zone 4,480,27000,0,7,0,1,0,,0,32.7,90,0.0,337.7,70.3,0
2026-07-20,NODE-025,Pul Prehladpur Cluster,South Delhi Zone 4,700,39000,0,7,0,1,0,,0,32.7,90,0.0,573.5,81.9,0
2026-07-21,NODE-001,Lajpat Nagar Market Bin Cluster,South Delhi Zone 3,800,38000,1,7,0,0,0,,0,29.2,87,0.0,581.7,72.7,0
2026-07-21,NODE-002,Sarojini Nagar Community Bins,South Delhi Zone 3,600,32000,1,7,0,0,0,,0,29.2,87,0.0,398.3,66.4,0
2026-07-21,NODE-003,INA Colony Street Cluster,South Delhi Zone 3,400,25000,1,7,0,0,0,,0,29.2,87,0.0,245.9,61.5,0
2026-07-21,NODE-004,Nehru Place Commercial Hub,South Delhi Zone 3,1200,45000,1,7,0,0,0,,0,29.2,87,0.0,932.9,77.7,0
2026-07-21,NODE-005,Greater Kailash Block N,South Delhi Zone 3,500,20000,1,7,0,0,0,,0,29.2,87,0.0,292.3,58.5,0
2026-07-21,NODE-006,Defence Colony Main Road,South Delhi Zone 3,600,22000,1,7,0,0,0,,0,29.2,87,0.0,329.0,54.8,0
2026-07-21,NODE-007,CR Park Bengali Colony,South Delhi Zone 3,500,28000,1,7,0,0,0,,0,29.2,87,0.0,324.1,64.8,0
2026-07-21,NODE-008,Jangpura Extension Market,South Delhi Zone 3,450,30000,1,7,0,0,0,,0,29.2,87,0.0,274.6,61.0,0
2026-07-21,NODE-009,Bhogal Vegetable Market,South Delhi Zone 3,700,40000,1,7,0,0,0,,0,29.2,87,0.0,456.7,65.2,0
2026-07-21,NODE-010,Andrews Ganj Colony,South Delhi Zone 3,350,18000,1,7,0,0,0,,0,29.2,87,0.0,179.3,51.2,0
2026-07-21,NODE-011,Moolchand Market Cluster,South Delhi Zone 3,550,26000,1,7,0,0,0,,0,29.2,87,0.0,305.7,55.6,0
2026-07-21,NODE-012,Sidhartha Nagar Bins,South Delhi Zone 3,400,35000,1,7,0,0,0,,0,29.2,87,0.0,249.1,62.3,0
2026-07-21,NODE-013,Kotla Mubarakpur Street,South Delhi Zone 3,480,33000,1,7,0,0,0,,0,29.2,87,0.0,331.1,69.0,0
2026-07-21,NODE-014,Malviya Nagar Main Market,South Delhi Zone 4,700,30000,1,7,0,0,0,,0,29.2,87,0.0,454.8,65.0,0
2026-07-21,NODE-015,Okhla Phase 1 Industrial Area,South Delhi Zone 4,1500,15000,1,7,0,0,0,,0,29.2,87,0.0,815.5,54.4,0
2026-07-21,NODE-016,Hauz Khas Village Cluster,South Delhi Zone 4,450,18000,1,7,0,0,0,,0,29.2,87,0.0,243.8,54.2,0
2026-07-21,NODE-017,Saket Select Citywalk Area,South Delhi Zone 4,900,25000,1,7,0,0,0,,0,29.2,87,0.0,497.0,55.2,0
2026-07-21,NODE-018,Sheikh Sarai Phase 2,South Delhi Zone 4,400,22000,1,7,0,0,0,,0,29.2,87,0.0,240.7,60.2,0
2026-07-21,NODE-019,Kalkaji Main Road Bins,South Delhi Zone 4,600,36000,1,7,0,0,0,,0,29.2,87,0.0,412.2,68.7,0
2026-07-21,NODE-020,Govindpuri Market Cluster,South Delhi Zone 4,550,42000,1,7,0,0,0,,0,29.2,87,0.0,418.5,76.1,0
2026-07-21,NODE-021,Sangam Vihar Block A,South Delhi Zone 4,800,48000,1,7,0,0,0,,0,29.2,87,0.0,615.0,76.9,0
2026-07-21,NODE-022,Madanpur Khadar Bins,South Delhi Zone 4,650,44000,1,7,0,0,0,,0,29.2,87,0.0,451.9,69.5,0
2026-07-21,NODE-023,Jasola Apollo Hospital Area,South Delhi Zone 4,500,20000,1,7,0,0,0,,0,29.2,87,0.0,276.1,55.2,0
2026-07-21,NODE-024,Alaknanda Market Community Bins,South Delhi Zone 4,480,27000,1,7,0,0,0,,0,29.2,87,0.0,272.0,56.7,0
2026-07-21,NODE-025,Pul Prehladpur Cluster,South Delhi Zone 4,700,39000,1,7,0,0,0,,0,29.2,87,0.0,467.6,66.8,0
2026-07-22,NODE-001,Lajpat Nagar Market Bin Cluster,South Delhi Zone 3,800,38000,2,7,0,0,0,,63,29.0,88,5.1,630.5,78.8,0
2026-07-22,NODE-002,Sarojini Nagar Community Bins,South Delhi Zone 3,600,32000,2,7,0,0,0,,63,29.0,88,5.1,432.3,72.1,0
2026-07-22,NODE-003,INA Colony Street Cluster,South Delhi Zone 3,400,25000,2,7,0,0,0,,63,29.0,88,5.1,275.6,68.9,0
2026-07-22,NODE-004,Nehru Place Commercial Hub,South Delhi Zone 3,1200,45000,2,7,0,0,0,,63,29.0,88,5.1,1030.6,85.9,0
2026-07-22,NODE-005,Greater Kailash Block N,South Delhi Zone 3,500,20000,2,7,0,0,0,,63,29.0,88,5.1,308.2,61.6,0
2026-07-22,NODE-006,Defence Colony Main Road,South Delhi Zone 3,600,22000,2,7,0,0,0,,63,29.0,88,5.1,357.0,59.5,0
2026-07-22,NODE-007,CR Park Bengali Colony,South Delhi Zone 3,500,28000,2,7,0,0,0,,63,29.0,88,5.1,329.2,65.8,0
2026-07-22,NODE-008,Jangpura Extension Market,South Delhi Zone 3,450,30000,2,7,0,0,0,,63,29.0,88,5.1,328.3,72.9,0
2026-07-22,NODE-009,Bhogal Vegetable Market,South Delhi Zone 3,700,40000,2,7,0,0,0,,63,29.0,88,5.1,556.1,79.4,0
2026-07-22,NODE-010,Andrews Ganj Colony,South Delhi Zone 3,350,18000,2,7,0,0,0,,63,29.0,88,5.1,212.1,60.6,0
2026-07-22,NODE-011,Moolchand Market Cluster,South Delhi Zone 3,550,26000,2,7,0,0,0,,63,29.0,88,5.1,340.5,61.9,0
2026-07-22,NODE-012,Sidhartha Nagar Bins,South Delhi Zone 3,400,35000,2,7,0,0,0,,63,29.0,88,5.1,295.0,73.7,0
2026-07-22,NODE-013,Kotla Mubarakpur Street,South Delhi Zone 3,480,33000,2,7,0,0,0,,63,29.0,88,5.1,336.6,70.1,0
2026-07-22,NODE-014,Malviya Nagar Main Market,South Delhi Zone 4,700,30000,2,7,0,0,0,,63,29.0,88,5.1,453.7,64.8,0
2026-07-22,NODE-015,Okhla Phase 1 Industrial Area,South Delhi Zone 4,1500,15000,2,7,0,0,0,,63,29.0,88,5.1,829.8,55.3,0
2026-07-22,NODE-016,Hauz Khas Village Cluster,South Delhi Zone 4,450,18000,2,7,0,0,0,,63,29.0,88,5.1,259.0,57.6,0
2026-07-22,NODE-017,Saket Select Citywalk Area,South Delhi Zone 4,900,25000,2,7,0,0,0,,63,29.0,88,5.1,600.0,66.7,0
2026-07-22,NODE-018,Sheikh Sarai Phase 2,South Delhi Zone 4,400,22000,2,7,0,0,0,,63,29.0,88,5.1,269.3,67.3,0
2026-07-22,NODE-019,Kalkaji Main Road Bins,South Delhi Zone 4,600,36000,2,7,0,0,0,,63,29.0,88,5.1,470.9,78.5,0
2026-07-22,NODE-020,Govindpuri Market Cluster,South Delhi Zone 4,550,42000,2,7,0,0,0,,63,29.0,88,5.1,450.6,81.9,0
2026-07-22,NODE-021,Sangam Vihar Block A,South Delhi Zone 4,800,48000,2,7,0,0,0,,63,29.0,88,5.1,682.7,85.3,0
2026-07-22,NODE-022,Madanpur Khadar Bins,South Delhi Zone 4,650,44000,2,7,0,0,0,,63,29.0,88,5.1,515.6,79.3,0
2026-07-22,NODE-023,Jasola Apollo Hospital Area,South Delhi Zone 4,500,20000,2,7,0,0,0,,63,29.0,88,5.1,281.1,56.2,0
2026-07-22,NODE-024,Alaknanda Market Community Bins,South Delhi Zone 4,480,27000,2,7,0,0,0,,63,29.0,88,5.1,306.4,63.8,0
2026-07-22,NODE-025,Pul Prehladpur Cluster,South Delhi Zone 4,700,39000,2,7,0,0,0,,63,29.0,88,5.1,557.1,79.6,0
2026-07-23,NODE-001,Lajpat Nagar Market Bin Cluster,South Delhi Zone 3,800,38000,3,7,0,0,0,,0,34.3,88,0.0,501.8,62.7,0
2026-07-23,NODE-002,Sarojini Nagar Community Bins,South Delhi Zone 3,600,32000,3,7,0,0,0,,0,34.3,88,0.0,374.6,62.4,0
2026-07-23,NODE-003,INA Colony Street Cluster,South Delhi Zone 3,400,25000,3,7,0,0,0,,0,34.3,88,0.0,241.7,60.4,0
2026-07-23,NODE-004,Nehru Place Commercial Hub,South Delhi Zone 3,1200,45000,3,7,0,0,0,,0,34.3,88,0.0,948.2,79.0,0
2026-07-23,NODE-005,Greater Kailash Block N,South Delhi Zone 3,500,20000,3,7,0,0,0,,0,34.3,88,0.0,289.0,57.8,0
2026-07-23,NODE-006,Defence Colony Main Road,South Delhi Zone 3,600,22000,3,7,0,0,0,,0,34.3,88,0.0,335.4,55.9,0
2026-07-23,NODE-007,CR Park Bengali Colony,South Delhi Zone 3,500,28000,3,7,0,0,0,,0,34.3,88,0.0,296.8,59.4,0
2026-07-23,NODE-008,Jangpura Extension Market,South Delhi Zone 3,450,30000,3,7,0,0,0,,0,34.3,88,0.0,281.4,62.5,0
2026-07-23,NODE-009,Bhogal Vegetable Market,South Delhi Zone 3,700,40000,3,7,0,0,0,,0,34.3,88,0.0,456.7,65.2,0
2026-07-23,NODE-010,Andrews Ganj Colony,South Delhi Zone 3,350,18000,3,7,0,0,0,,0,34.3,88,0.0,184.6,52.7,0
2026-07-23,NODE-011,Moolchand Market Cluster,South Delhi Zone 3,550,26000,3,7,0,0,0,,0,34.3,88,0.0,343.5,62.5,0
2026-07-23,NODE-012,Sidhartha Nagar Bins,South Delhi Zone 3,400,35000,3,7,0,0,0,,0,34.3,88,0.0,269.9,67.5,0
2026-07-23,NODE-013,Kotla Mubarakpur Street,South Delhi Zone 3,480,33000,3,7,0,0,0,,0,34.3,88,0.0,318.1,66.3,0
2026-07-23,NODE-014,Malviya Nagar Main Market,South Delhi Zone 4,700,30000,3,7,0,0,0,,0,34.3,88,0.0,411.0,58.7,0
2026-07-23,NODE-015,Okhla Phase 1 Industrial Area,South Delhi Zone 4,1500,15000,3,7,0,0,0,,0,34.3,88,0.0,707.7,47.2,0
2026-07-23,NODE-016,Hauz Khas Village Cluster,South Delhi Zone 4,450,18000,3,7,0,0,0,,0,34.3,88,0.0,251.3,55.8,0
2026-07-23,NODE-017,Saket Select Citywalk Area,South Delhi Zone 4,900,25000,3,7,0,0,0,,0,34.3,88,0.0,507.1,56.3,0
2026-07-23,NODE-018,Sheikh Sarai Phase 2,South Delhi Zone 4,400,22000,3,7,0,0,0,,0,34.3,88,0.0,217.4,54.3,0
2026-07-23,NODE-019,Kalkaji Main Road Bins,South Delhi Zone 4,600,36000,3,7,0,0,0,,0,34.3,88,0.0,428.7,71.5,0
2026-07-23,NODE-020,Govindpuri Market Cluster,South Delhi Zone 4,550,42000,3,7,0,0,0,,0,34.3,88,0.0,365.0,66.4,0
2026-07-23,NODE-021,Sangam Vihar Block A,South Delhi Zone 4,800,48000,3,7,0,0,0,,0,34.3,88,0.0,557.0,69.6,0
2026-07-23,NODE-022,Madanpur Khadar Bins,South Delhi Zone 4,650,44000,3,7,0,0,0,,0,34.3,88,0.0,463.4,71.3,0
2026-07-23,NODE-023,Jasola Apollo Hospital Area,South Delhi Zone 4,500,20000,3,7,0,0,0,,0,34.3,88,0.0,282.3,56.5,0
2026-07-23,NODE-024,Alaknanda Market Community Bins,South Delhi Zone 4,480,27000,3,7,0,0,0,,0,34.3,88,0.0,289.1,60.2,0
2026-07-23,NODE-025,Pul Prehladpur Cluster,South Delhi Zone 4,700,39000,3,7,0,0,0,,0,34.3,88,0.0,513.2,73.3,0
2026-07-24,NODE-001,Lajpat Nagar Market Bin Cluster,South Delhi Zone 3,800,38000,4,7,0,0,0,,0,32.8,84,0.0,579.6,72.5,0
2026-07-24,NODE-002,Sarojini Nagar Community Bins,South Delhi Zone 3,600,32000,4,7,0,0,0,,0,32.8,84,0.0,394.0,65.7,0
2026-07-24,NODE-003,INA Colony Street Cluster,South Delhi Zone 3,400,25000,4,7,0,0,0,,0,32.8,84,0.0,230.5,57.6,0
2026-07-24,NODE-004,Nehru Place Commercial Hub,South Delhi Zone 3,1200,45000,4,7,0,0,0,,0,32.8,84,0.0,903.7,75.3,0
2026-07-24,NODE-005,Greater Kailash Block N,South Delhi Zone 3,500,20000,4,7,0,0,0,,0,32.8,84,0.0,276.9,55.4,0
2026-07-24,NODE-006,Defence Colony Main Road,South Delhi Zone 3,600,22000,4,7,0,0,0,,0,32.8,84,0.0,332.3,55.4,0
2026-07-24,NODE-007,CR Park Bengali Colony,South Delhi Zone 3,500,28000,4,7,0,0,0,,0,32.8,84,0.0,281.1,56.2,0
2026-07-24,NODE-008,Jangpura Extension Market,South Delhi Zone 3,450,30000,4,7,0,0,0,,0,32.8,84,0.0,271.8,60.4,0
2026-07-24,NODE-009,Bhogal Vegetable Market,South Delhi Zone 3,700,40000,4,7,0,0,0,,0,32.8,84,0.0,524.8,75.0,0
2026-07-24,NODE-010,Andrews Ganj Colony,South Delhi Zone 3,350,18000,4,7,0,0,0,,0,32.8,84,0.0,182.5,52.2,0
2026-07-24,NODE-011,Moolchand Market Cluster,South Delhi Zone 3,550,26000,4,7,0,0,0,,0,32.8,84,0.0,327.4,59.5,0
2026-07-24,NODE-012,Sidhartha Nagar Bins,South Delhi Zone 3,400,35000,4,7,0,0,0,,0,32.8,84,0.0,281.5,70.4,0
2026-07-24,NODE-013,Kotla Mubarakpur Street,South Delhi Zone 3,480,33000,4,7,0,0,0,,0,32.8,84,0.0,310.9,64.8,0
2026-07-24,NODE-014,Malviya Nagar Main Market,South Delhi Zone 4,700,30000,4,7,0,0,0,,0,32.8,84,0.0,445.6,63.7,0
2026-07-24,NODE-015,Okhla Phase 1 Industrial Area,South Delhi Zone 4,1500,15000,4,7,0,0,0,,0,32.8,84,0.0,734.9,49.0,0
2026-07-24,NODE-016,Hauz Khas Village Cluster,South Delhi Zone 4,450,18000,4,7,0,0,0,,0,32.8,84,0.0,222.7,49.5,0
2026-07-24,NODE-017,Saket Select Citywalk Area,South Delhi Zone 4,900,25000,4,7,0,0,0,,0,32.8,84,0.0,515.3,57.3,0
2026-07-24,NODE-018,Sheikh Sarai Phase 2,South Delhi Zone 4,400,22000,4,7,0,0,0,,0,32.8,84,0.0,225.7,56.4,0
2026-07-24,NODE-019,Kalkaji Main Road Bins,South Delhi Zone 4,600,36000,4,7,0,0,0,,0,32.8,84,0.0,399.3,66.5,0
2026-07-24,NODE-020,Govindpuri Market Cluster,South Delhi Zone 4,550,42000,4,7,0,0,0,,0,32.8,84,0.0,363.8,66.1,0
2026-07-24,NODE-021,Sangam Vihar Block A,South Delhi Zone 4,800,48000,4,7,0,0,0,,0,32.8,84,0.0,541.3,67.7,0
2026-07-24,NODE-022,Madanpur Khadar Bins,South Delhi Zone 4,650,44000,4,7,0,0,0,,0,32.8,84,0.0,441.6,67.9,0
2026-07-24,NODE-023,Jasola Apollo Hospital Area,South Delhi Zone 4,500,20000,4,7,0,0,0,,0,32.8,84,0.0,286.3,57.3,0
2026-07-24,NODE-024,Alaknanda Market Community Bins,South Delhi Zone 4,480,27000,4,7,0,0,0,,0,32.8,84,0.0,292.7,61.0,0
2026-07-24,NODE-025,Pul Prehladpur Cluster,South Delhi Zone 4,700,39000,4,7,0,0,0,,0,32.8,84,0.0,481.0,68.7,0
2026-07-25,NODE-001,Lajpat Nagar Market Bin Cluster,South Delhi Zone 3,800,38000,5,7,1,0,0,,0,29.7,85,0.0,672.4,84.0,0
2026-07-25,NODE-002,Sarojini Nagar Community Bins,South Delhi Zone 3,600,32000,5,7,1,0,0,,0,29.7,85,0.0,454.1,75.7,0
2026-07-25,NODE-003,INA Colony Street Cluster,South Delhi Zone 3,400,25000,5,7,1,0,0,,0,29.7,85,0.0,313.6,78.4,0
2026-07-25,NODE-004,Nehru Place Commercial Hub,South Delhi Zone 3,1200,45000,5,7,1,0,0,,0,29.7,85,0.0,1090.5,90.9,0
2026-07-25,NODE-005,Greater Kailash Block N,South Delhi Zone 3,500,20000,5,7,1,0,0,,0,29.7,85,0.0,341.5,68.3,0
2026-07-25,NODE-006,Defence Colony Main Road,South Delhi Zone 3,600,22000,5,7,1,0,0,,0,29.7,85,0.0,427.6,71.3,0
2026-07-25,NODE-007,CR Park Bengali Colony,South Delhi Zone 3,500,28000,5,7,1,0,0,,0,29.7,85,0.0,396.1,79.2,0
2026-07-25,NODE-008,Jangpura Extension Market,South Delhi Zone 3,450,30000,5,7,1,0,0,,0,29.7,85,0.0,332.9,74.0,0
2026-07-25,NODE-009,Bhogal Vegetable Market,South Delhi Zone 3,700,40000,5,7,1,0,0,,0,29.7,85,0.0,626.6,89.5,0
2026-07-25,NODE-010,Andrews Ganj Colony,South Delhi Zone 3,350,18000,5,7,1,0,0,,0,29.7,85,0.0,224.3,64.1,0
2026-07-25,NODE-011,Moolchand Market Cluster,South Delhi Zone 3,550,26000,5,7,1,0,0,,0,29.7,85,0.0,439.6,79.9,0
2026-07-25,NODE-012,Sidhartha Nagar Bins,South Delhi Zone 3,400,35000,5,7,1,0,0,,0,29.7,85,0.0,329.1,82.3,0
2026-07-25,NODE-013,Kotla Mubarakpur Street,South Delhi Zone 3,480,33000,5,7,1,0,0,,0,29.7,85,0.0,390.6,81.4,0
2026-07-25,NODE-014,Malviya Nagar Main Market,South Delhi Zone 4,700,30000,5,7,1,0,0,,0,29.7,85,0.0,533.2,76.2,0
2026-07-25,NODE-015,Okhla Phase 1 Industrial Area,South Delhi Zone 4,1500,15000,5,7,1,0,0,,0,29.7,85,0.0,963.3,64.2,0
2026-07-25,NODE-016,Hauz Khas Village Cluster,South Delhi Zone 4,450,18000,5,7,1,0,0,,0,29.7,85,0.0,290.4,64.5,0
2026-07-25,NODE-017,Saket Select Citywalk Area,South Delhi Zone 4,900,25000,5,7,1,0,0,,0,29.7,85,0.0,644.0,71.6,0
2026-07-25,NODE-018,Sheikh Sarai Phase 2,South Delhi Zone 4,400,22000,5,7,1,0,0,,0,29.7,85,0.0,265.5,66.4,0
2026-07-25,NODE-019,Kalkaji Main Road Bins,South Delhi Zone 4,600,36000,5,7,1,0,0,,0,29.7,85,0.0,530.6,88.4,0
2026-07-25,NODE-020,Govindpuri Market Cluster,South Delhi Zone 4,550,42000,5,7,1,0,0,,0,29.7,85,0.0,513.0,93.3,0
2026-07-25,NODE-021,Sangam Vihar Block A,South Delhi Zone 4,800,48000,5,7,1,0,0,,0,29.7,85,0.0,700.3,87.5,0
2026-07-25,NODE-022,Madanpur Khadar Bins,South Delhi Zone 4,650,44000,5,7,1,0,0,,0,29.7,85,0.0,588.0,90.5,0
2026-07-25,NODE-023,Jasola Apollo Hospital Area,South Delhi Zone 4,500,20000,5,7,1,0,0,,0,29.7,85,0.0,349.5,69.9,0
2026-07-25,NODE-024,Alaknanda Market Community Bins,South Delhi Zone 4,480,27000,5,7,1,0,0,,0,29.7,85,0.0,393.6,82.0,0
2026-07-25,NODE-025,Pul Prehladpur Cluster,South Delhi Zone 4,700,39000,5,7,1,0,0,,0,29.7,85,0.0,624.3,89.2,0
2026-07-26,NODE-001,Lajpat Nagar Market Bin Cluster,South Delhi Zone 3,800,38000,6,7,1,0,0,,61,34.7,91,25.9,837.1,104.6,1
2026-07-26,NODE-002,Sarojini Nagar Community Bins,South Delhi Zone 3,600,32000,6,7,1,0,0,,61,34.7,91,25.9,561.4,93.6,0
2026-07-26,NODE-003,INA Colony Street Cluster,South Delhi Zone 3,400,25000,6,7,1,0,0,,61,34.7,91,25.9,356.1,89.0,0
2026-07-26,NODE-004,Nehru Place Commercial Hub,South Delhi Zone 3,1200,45000,6,7,1,0,0,,61,34.7,91,25.9,1274.7,106.2,1
2026-07-26,NODE-005,Greater Kailash Block N,South Delhi Zone 3,500,20000,6,7,1,0,0,,61,34.7,91,25.9,372.4,74.5,0
2026-07-26,NODE-006,Defence Colony Main Road,South Delhi Zone 3,600,22000,6,7,1,0,0,,61,34.7,91,25.9,464.3,77.4,0
2026-07-26,NODE-007,CR Park Bengali Colony,South Delhi Zone 3,500,28000,6,7,1,0,0,,61,34.7,91,25.9,425.2,85.0,0
2026-07-26,NODE-008,Jangpura Extension Market,South Delhi Zone 3,450,30000,6,7,1,0,0,,61,34.7,91,25.9,421.6,93.7,0
2026-07-26,NODE-009,Bhogal Vegetable Market,South Delhi Zone 3,700,40000,6,7,1,0,0,,61,34.7,91,25.9,645.0,92.1,0
2026-07-26,NODE-010,Andrews Ganj Colony,South Delhi Zone 3,350,18000,6,7,1,0,0,,61,34.7,91,25.9,267.6,76.5,0
2026-07-26,NODE-011,Moolchand Market Cluster,South Delhi Zone 3,550,26000,6,7,1,0,0,,61,34.7,91,25.9,465.0,84.5,0
2026-07-26,NODE-012,Sidhartha Nagar Bins,South Delhi Zone 3,400,35000,6,7,1,0,0,,61,34.7,91,25.9,380.8,95.2,0
2026-07-26,NODE-013,Kotla Mubarakpur Street,South Delhi Zone 3,480,33000,6,7,1,0,0,,61,34.7,91,25.9,475.4,99.0,1
2026-07-26,NODE-014,Malviya Nagar Main Market,South Delhi Zone 4,700,30000,6,7,1,0,0,,61,34.7,91,25.9,585.7,83.7,0
2026-07-26,NODE-015,Okhla Phase 1 Industrial Area,South Delhi Zone 4,1500,15000,6,7,1,0,0,,61,34.7,91,25.9,1163.0,77.5,0
2026-07-26,NODE-016,Hauz Khas Village Cluster,South Delhi Zone 4,450,18000,6,7,1,0,0,,61,34.7,91,25.9,337.4,75.0,0
2026-07-26,NODE-017,Saket Select Citywalk Area,South Delhi Zone 4,900,25000,6,7,1,0,0,,61,34.7,91,25.9,802.8,89.2,0
2026-07-26,NODE-018,Sheikh Sarai Phase 2,South Delhi Zone 4,400,22000,6,7,1,0,0,,61,34.7,91,25.9,302.8,75.7,0
2026-07-26,NODE-019,Kalkaji Main Road Bins,South Delhi Zone 4,600,36000,6,7,1,0,0,,61,34.7,91,25.9,544.9,90.8,0
2026-07-26,NODE-020,Govindpuri Market Cluster,South Delhi Zone 4,550,42000,6,7,1,0,0,,61,34.7,91,25.9,532.0,96.7,0
2026-07-26,NODE-021,Sangam Vihar Block A,South Delhi Zone 4,800,48000,6,7,1,0,0,,61,34.7,91,25.9,778.5,97.3,0
2026-07-26,NODE-022,Madanpur Khadar Bins,South Delhi Zone 4,650,44000,6,7,1,0,0,,61,34.7,91,25.9,629.9,96.9,0
2026-07-26,NODE-023,Jasola Apollo Hospital Area,South Delhi Zone 4,500,20000,6,7,1,0,0,,61,34.7,91,25.9,400.3,80.1,0
2026-07-26,NODE-024,Alaknanda Market Community Bins,South Delhi Zone 4,480,27000,6,7,1,0,0,,61,34.7,91,25.9,390.4,81.3,0
2026-07-26,NODE-025,Pul Prehladpur Cluster,South Delhi Zone 4,700,39000,6,7,1,0,0,,61,34.7,91,25.9,724.8,103.5,1
2026-07-27,NODE-001,Lajpat Nagar Market Bin Cluster,South Delhi Zone 3,800,38000,0,7,0,1,0,,0,32.8,75,0.0,652.3,81.5,0
2026-07-27,NODE-002,Sarojini Nagar Community Bins,South Delhi Zone 3,600,32000,0,7,0,1,0,,0,32.8,75,0.0,456.6,76.1,0
2026-07-27,NODE-003,INA Colony Street Cluster,South Delhi Zone 3,400,25000,0,7,0,1,0,,0,32.8,75,0.0,243.4,60.9,0
2026-07-27,NODE-004,Nehru Place Commercial Hub,South Delhi Zone 3,1200,45000,0,7,0,1,0,,0,32.8,75,0.0,972.3,81.0,0
2026-07-27,NODE-005,Greater Kailash Block N,South Delhi Zone 3,500,20000,0,7,0,1,0,,0,32.8,75,0.0,300.5,60.1,0
2026-07-27,NODE-006,Defence Colony Main Road,South Delhi Zone 3,600,22000,0,7,0,1,0,,0,32.8,75,0.0,366.4,61.1,0
2026-07-27,NODE-007,CR Park Bengali Colony,South Delhi Zone 3,500,28000,0,7,0,1,0,,0,32.8,75,0.0,327.6,65.5,0
2026-07-27,NODE-008,Jangpura Extension Market,South Delhi Zone 3,450,30000,0,7,0,1,0,,0,32.8,75,0.0,311.4,69.2,0
2026-07-27,NODE-009,Bhogal Vegetable Market,South Delhi Zone 3,700,40000,0,7,0,1,0,,0,32.8,75,0.0,580.3,82.9,0
2026-07-27,NODE-010,Andrews Ganj Colony,South Delhi Zone 3,350,18000,0,7,0,1,0,,0,32.8,75,0.0,217.4,62.1,0
2026-07-27,NODE-011,Moolchand Market Cluster,South Delhi Zone 3,550,26000,0,7,0,1,0,,0,32.8,75,0.0,371.5,67.5,0
2026-07-27,NODE-012,Sidhartha Nagar Bins,South Delhi Zone 3,400,35000,0,7,0,1,0,,0,32.8,75,0.0,296.8,74.2,0
2026-07-27,NODE-013,Kotla Mubarakpur Street,South Delhi Zone 3,480,33000,0,7,0,1,0,,0,32.8,75,0.0,342.3,71.3,0
2026-07-27,NODE-014,Malviya Nagar Main Market,South Delhi Zone 4,700,30000,0,7,0,1,0,,0,32.8,75,0.0,481.0,68.7,0
2026-07-27,NODE-015,Okhla Phase 1 Industrial Area,South Delhi Zone 4,1500,15000,0,7,0,1,0,,0,32.8,75,0.0,804.5,53.6,0
2026-07-27,NODE-016,Hauz Khas Village Cluster,South Delhi Zone 4,450,18000,0,7,0,1,0,,0,32.8,75,0.0,271.1,60.2,0
2026-07-27,NODE-017,Saket Select Citywalk Area,South Delhi Zone 4,900,25000,0,7,0,1,0,,0,32.8,75,0.0,612.8,68.1,0
2026-07-27,NODE-018,Sheikh Sarai Phase 2,South Delhi Zone 4,400,22000,0,7,0,1,0,,0,32.8,75,0.0,269.0,67.2,0
2026-07-27,NODE-019,Kalkaji Main Road Bins,South Delhi Zone 4,600,36000,0,7,0,1,0,,0,32.8,75,0.0,479.3,79.9,0
2026-07-27,NODE-020,Govindpuri Market Cluster,South Delhi Zone 4,550,42000,0,7,0,1,0,,0,32.8,75,0.0,444.0,80.7,0
2026-07-27,NODE-021,Sangam Vihar Block A,South Delhi Zone 4,800,48000,0,7,0,1,0,,0,32.8,75,0.0,617.9,77.2,0
2026-07-27,NODE-022,Madanpur Khadar Bins,South Delhi Zone 4,650,44000,0,7,0,1,0,,0,32.8,75,0.0,512.5,78.9,0
2026-07-27,NODE-023,Jasola Apollo Hospital Area,South Delhi Zone 4,500,20000,0,7,0,1,0,,0,32.8,75,0.0,307.3,61.5,0
2026-07-27,NODE-024,Alaknanda Market Community Bins,South Delhi Zone 4,480,27000,0,7,0,1,0,,0,32.8,75,0.0,314.0,65.4,0
2026-07-27,NODE-025,Pul Prehladpur Cluster,South Delhi Zone 4,700,39000,0,7,0,1,0,,0,32.8,75,0.0,533.8,76.3,0
2026-07-28,NODE-001,Lajpat Nagar Market Bin Cluster,South Delhi Zone 3,800,38000,1,7,0,0,0,,0,31.9,84,0.0,543.0,67.9,0
2026-07-28,NODE-002,Sarojini Nagar Community Bins,South Delhi Zone 3,600,32000,1,7,0,0,0,,0,31.9,84,0.0,361.5,60.3,0
2026-07-28,NODE-003,INA Colony Street Cluster,South Delhi Zone 3,400,25000,1,7,0,0,0,,0,31.9,84,0.0,229.4,57.4,0
2026-07-28,NODE-004,Nehru Place Commercial Hub,South Delhi Zone 3,1200,45000,1,7,0,0,0,,0,31.9,84,0.0,898.7,74.9,0
2026-07-28,NODE-005,Greater Kailash Block N,South Delhi Zone 3,500,20000,1,7,0,0,0,,0,31.9,84,0.0,280.1,56.0,0
2026-07-28,NODE-006,Defence Colony Main Road,South Delhi Zone 3,600,22000,1,7,0,0,0,,0,31.9,84,0.0,330.5,55.1,0
2026-07-28,NODE-007,CR Park Bengali Colony,South Delhi Zone 3,500,28000,1,7,0,0,0,,0,31.9,84,0.0,297.7,59.5,0
2026-07-28,NODE-008,Jangpura Extension Market,South Delhi Zone 3,450,30000,1,7,0,0,0,,0,31.9,84,0.0,296.2,65.8,0
2026-07-28,NODE-009,Bhogal Vegetable Market,South Delhi Zone 3,700,40000,1,7,0,0,0,,0,31.9,84,0.0,502.7,71.8,0
2026-07-28,NODE-010,Andrews Ganj Colony,South Delhi Zone 3,350,18000,1,7,0,0,0,,0,31.9,84,0.0,171.9,49.1,0
2026-07-28,NODE-011,Moolchand Market Cluster,South Delhi Zone 3,550,26000,1,7,0,0,0,,0,31.9,84,0.0,323.3,58.8,0
2026-07-28,NODE-012,Sidhartha Nagar Bins,South Delhi Zone 3,400,35000,1,7,0,0,0,,0,31.9,84,0.0,253.8,63.4,0
2026-07-28,NODE-013,Kotla Mubarakpur Street,South Delhi Zone 3,480,33000,1,7,0,0,0,,0,31.9,84,0.0,302.6,63.0,0
2026-07-28,NODE-014,Malviya Nagar Main Market,South Delhi Zone 4,700,30000,1,7,0,0,0,,0,31.9,84,0.0,423.2,60.5,0
2026-07-28,NODE-015,Okhla Phase 1 Industrial Area,South Delhi Zone 4,1500,15000,1,7,0,0,0,,0,31.9,84,0.0,795.2,53.0,0
2026-07-28,NODE-016,Hauz Khas Village Cluster,South Delhi Zone 4,450,18000,1,7,0,0,0,,0,31.9,84,0.0,230.9,51.3,0
2026-07-28,NODE-017,Saket Select Citywalk Area,South Delhi Zone 4,900,25000,1,7,0,0,0,,0,31.9,84,0.0,553.1,61.5,0
2026-07-28,NODE-018,Sheikh Sarai Phase 2,South Delhi Zone 4,400,22000,1,7,0,0,0,,0,31.9,84,0.0,236.7,59.2,0
2026-07-28,NODE-019,Kalkaji Main Road Bins,South Delhi Zone 4,600,36000,1,7,0,0,0,,0,31.9,84,0.0,411.7,68.6,0
2026-07-28,NODE-020,Govindpuri Market Cluster,South Delhi Zone 4,550,42000,1,7,0,0,0,,0,31.9,84,0.0,421.3,76.6,0
2026-07-28,NODE-021,Sangam Vihar Block A,South Delhi Zone 4,800,48000,1,7,0,0,0,,0,31.9,84,0.0,562.4,70.3,0
2026-07-28,NODE-022,Madanpur Khadar Bins,South Delhi Zone 4,650,44000,1,7,0,0,0,,0,31.9,84,0.0,457.7,70.4,0
2026-07-28,NODE-023,Jasola Apollo Hospital Area,South Delhi Zone 4,500,20000,1,7,0,0,0,,0,31.9,84,0.0,282.8,56.6,0
2026-07-28,NODE-024,Alaknanda Market Community Bins,South Delhi Zone 4,480,27000,1,7,0,0,0,,0,31.9,84,0.0,299.5,62.4,0
2026-07-28,NODE-025,Pul Prehladpur Cluster,South Delhi Zone 4,700,39000,1,7,0,0,0,,0,31.9,84,0.0,468.7,67.0,0
2026-07-29,NODE-001,Lajpat Nagar Market Bin Cluster,South Delhi Zone 3,800,38000,2,7,0,0,0,,63,32.8,67,12.5,582.6,72.8,0
2026-07-29,NODE-002,Sarojini Nagar Community Bins,South Delhi Zone 3,600,32000,2,7,0,0,0,,63,32.8,67,12.5,449.5,74.9,0
2026-07-29,NODE-003,INA Colony Street Cluster,South Delhi Zone 3,400,25000,2,7,0,0,0,,63,32.8,67,12.5,271.0,67.8,0
2026-07-29,NODE-004,Nehru Place Commercial Hub,South Delhi Zone 3,1200,45000,2,7,0,0,0,,63,32.8,67,12.5,1028.9,85.7,0
2026-07-29,NODE-005,Greater Kailash Block N,South Delhi Zone 3,500,20000,2,7,0,0,0,,63,32.8,67,12.5,322.8,64.6,0
2026-07-29,NODE-006,Defence Colony Main Road,South Delhi Zone 3,600,22000,2,7,0,0,0,,63,32.8,67,12.5,395.4,65.9,0
2026-07-29,NODE-007,CR Park Bengali Colony,South Delhi Zone 3,500,28000,2,7,0,0,0,,63,32.8,67,12.5,339.9,68.0,0
2026-07-29,NODE-008,Jangpura Extension Market,South Delhi Zone 3,450,30000,2,7,0,0,0,,63,32.8,67,12.5,295.7,65.7,0
2026-07-29,NODE-009,Bhogal Vegetable Market,South Delhi Zone 3,700,40000,2,7,0,0,0,,63,32.8,67,12.5,529.8,75.7,0
2026-07-29,NODE-010,Andrews Ganj Colony,South Delhi Zone 3,350,18000,2,7,0,0,0,,63,32.8,67,12.5,207.7,59.3,0
2026-07-29,NODE-011,Moolchand Market Cluster,South Delhi Zone 3,550,26000,2,7,0,0,0,,63,32.8,67,12.5,342.4,62.2,0
2026-07-29,NODE-012,Sidhartha Nagar Bins,South Delhi Zone 3,400,35000,2,7,0,0,0,,63,32.8,67,12.5,311.7,77.9,0
2026-07-29,NODE-013,Kotla Mubarakpur Street,South Delhi Zone 3,480,33000,2,7,0,0,0,,63,32.8,67,12.5,367.0,76.5,0
2026-07-29,NODE-014,Malviya Nagar Main Market,South Delhi Zone 4,700,30000,2,7,0,0,0,,63,32.8,67,12.5,449.9,64.3,0
2026-07-29,NODE-015,Okhla Phase 1 Industrial Area,South Delhi Zone 4,1500,15000,2,7,0,0,0,,63,32.8,67,12.5,808.8,53.9,0
2026-07-29,NODE-016,Hauz Khas Village Cluster,South Delhi Zone 4,450,18000,2,7,0,0,0,,63,32.8,67,12.5,280.9,62.4,0
2026-07-29,NODE-017,Saket Select Citywalk Area,South Delhi Zone 4,900,25000,2,7,0,0,0,,63,32.8,67,12.5,618.9,68.8,0
2026-07-29,NODE-018,Sheikh Sarai Phase 2,South Delhi Zone 4,400,22000,2,7,0,0,0,,63,32.8,67,12.5,240.7,60.2,0
2026-07-29,NODE-019,Kalkaji Main Road Bins,South Delhi Zone 4,600,36000,2,7,0,0,0,,63,32.8,67,12.5,444.7,74.1,0
2026-07-29,NODE-020,Govindpuri Market Cluster,South Delhi Zone 4,550,42000,2,7,0,0,0,,63,32.8,67,12.5,468.0,85.1,0
2026-07-29,NODE-021,Sangam Vihar Block A,South Delhi Zone 4,800,48000,2,7,0,0,0,,63,32.8,67,12.5,680.1,85.0,0
2026-07-29,NODE-022,Madanpur Khadar Bins,South Delhi Zone 4,650,44000,2,7,0,0,0,,63,32.8,67,12.5,510.4,78.5,0
2026-07-29,NODE-023,Jasola Apollo Hospital Area,South Delhi Zone 4,500,20000,2,7,0,0,0,,63,32.8,67,12.5,320.7,64.1,0
2026-07-29,NODE-024,Alaknanda Market Community Bins,South Delhi Zone 4,480,27000,2,7,0,0,0,,63,32.8,67,12.5,321.6,67.0,0
2026-07-29,NODE-025,Pul Prehladpur Cluster,South Delhi Zone 4,700,39000,2,7,0,0,0,,63,32.8,67,12.5,552.1,78.9,0
2026-07-30,NODE-001,Lajpat Nagar Market Bin Cluster,South Delhi Zone 3,800,38000,3,7,0,0,0,,0,28.2,76,0.0,544.3,68.0,0
2026-07-30,NODE-002,Sarojini Nagar Community Bins,South Delhi Zone 3,600,32000,3,7,0,0,0,,0,28.2,76,0.0,378.3,63.0,0
2026-07-30,NODE-003,INA Colony Street Cluster,South Delhi Zone 3,400,25000,3,7,0,0,0,,0,28.2,76,0.0,250.2,62.5,0
2026-07-30,NODE-004,Nehru Place Commercial Hub,South Delhi Zone 3,1200,45000,3,7,0,0,0,,0,28.2,76,0.0,878.4,73.2,0
2026-07-30,NODE-005,Greater Kailash Block N,South Delhi Zone 3,500,20000,3,7,0,0,0,,0,28.2,76,0.0,274.5,54.9,0
2026-07-30,NODE-006,Defence Colony Main Road,South Delhi Zone 3,600,22000,3,7,0,0,0,,0,28.2,76,0.0,327.4,54.6,0
2026-07-30,NODE-007,CR Park Bengali Colony,South Delhi Zone 3,500,28000,3,7,0,0,0,,0,28.2,76,0.0,319.1,63.8,0
2026-07-30,NODE-008,Jangpura Extension Market,South Delhi Zone 3,450,30000,3,7,0,0,0,,0,28.2,76,0.0,268.5,59.7,0
2026-07-30,NODE-009,Bhogal Vegetable Market,South Delhi Zone 3,700,40000,3,7,0,0,0,,0,28.2,76,0.0,513.6,73.4,0
2026-07-30,NODE-010,Andrews Ganj Colony,South Delhi Zone 3,350,18000,3,7,0,0,0,,0,28.2,76,0.0,173.1,49.5,0
2026-07-30,NODE-011,Moolchand Market Cluster,South Delhi Zone 3,550,26000,3,7,0,0,0,,0,28.2,76,0.0,300.1,54.6,0
2026-07-30,NODE-012,Sidhartha Nagar Bins,South Delhi Zone 3,400,35000,3,7,0,0,0,,0,28.2,76,0.0,244.5,61.1,0
2026-07-30,NODE-013,Kotla Mubarakpur Street,South Delhi Zone 3,480,33000,3,7,0,0,0,,0,28.2,76,0.0,326.4,68.0,0
2026-07-30,NODE-014,Malviya Nagar Main Market,South Delhi Zone 4,700,30000,3,7,0,0,0,,0,28.2,76,0.0,453.9,64.8,0
2026-07-30,NODE-015,Okhla Phase 1 Industrial Area,South Delhi Zone 4,1500,15000,3,7,0,0,0,,0,28.2,76,0.0,724.8,48.3,0
2026-07-30,NODE-016,Hauz Khas Village Cluster,South Delhi Zone 4,450,18000,3,7,0,0,0,,0,28.2,76,0.0,227.5,50.6,0
2026-07-30,NODE-017,Saket Select Citywalk Area,South Delhi Zone 4,900,25000,3,7,0,0,0,,0,28.2,76,0.0,501.2,55.7,0
2026-07-30,NODE-018,Sheikh Sarai Phase 2,South Delhi Zone 4,400,22000,3,7,0,0,0,,0,28.2,76,0.0,213.4,53.3,0
2026-07-30,NODE-019,Kalkaji Main Road Bins,South Delhi Zone 4,600,36000,3,7,0,0,0,,0,28.2,76,0.0,409.5,68.3,0
2026-07-30,NODE-020,Govindpuri Market Cluster,South Delhi Zone 4,550,42000,3,7,0,0,0,,0,28.2,76,0.0,392.5,71.4,0
2026-07-30,NODE-021,Sangam Vihar Block A,South Delhi Zone 4,800,48000,3,7,0,0,0,,0,28.2,76,0.0,622.3,77.8,0
2026-07-30,NODE-022,Madanpur Khadar Bins,South Delhi Zone 4,650,44000,3,7,0,0,0,,0,28.2,76,0.0,508.1,78.2,0
2026-07-30,NODE-023,Jasola Apollo Hospital Area,South Delhi Zone 4,500,20000,3,7,0,0,0,,0,28.2,76,0.0,280.2,56.0,0
2026-07-30,NODE-024,Alaknanda Market Community Bins,South Delhi Zone 4,480,27000,3,7,0,0,0,,0,28.2,76,0.0,285.8,59.5,0
2026-07-30,NODE-025,Pul Prehladpur Cluster,South Delhi Zone 4,700,39000,3,7,0,0,0,,0,28.2,76,0.0,454.1,64.9,0
2026-07-31,NODE-001,Lajpat Nagar Market Bin Cluster,South Delhi Zone 3,800,38000,4,7,0,0,0,,0,34.4,72,0.0,523.7,65.5,0
2026-07-31,NODE-002,Sarojini Nagar Community Bins,South Delhi Zone 3,600,32000,4,7,0,0,0,,0,34.4,72,0.0,400.2,66.7,0
2026-07-31,NODE-003,INA Colony Street Cluster,South Delhi Zone 3,400,25000,4,7,0,0,0,,0,34.4,72,0.0,225.8,56.4,0
2026-07-31,NODE-004,Nehru Place Commercial Hub,South Delhi Zone 3,1200,45000,4,7,0,0,0,,0,34.4,72,0.0,947.9,79.0,0
2026-07-31,NODE-005,Greater Kailash Block N,South Delhi Zone 3,500,20000,4,7,0,0,0,,0,34.4,72,0.0,278.4,55.7,0
2026-07-31,NODE-006,Defence Colony Main Road,South Delhi Zone 3,600,22000,4,7,0,0,0,,0,34.4,72,0.0,331.7,55.3,0
2026-07-31,NODE-007,CR Park Bengali Colony,South Delhi Zone 3,500,28000,4,7,0,0,0,,0,34.4,72,0.0,296.7,59.3,0
2026-07-31,NODE-008,Jangpura Extension Market,South Delhi Zone 3,450,30000,4,7,0,0,0,,0,34.4,72,0.0,272.5,60.6,0
2026-07-31,NODE-009,Bhogal Vegetable Market,South Delhi Zone 3,700,40000,4,7,0,0,0,,0,34.4,72,0.0,468.5,66.9,0
2026-07-31,NODE-010,Andrews Ganj Colony,South Delhi Zone 3,350,18000,4,7,0,0,0,,0,34.4,72,0.0,184.2,52.6,0
2026-07-31,NODE-011,Moolchand Market Cluster,South Delhi Zone 3,550,26000,4,7,0,0,0,,0,34.4,72,0.0,333.8,60.7,0
2026-07-31,NODE-012,Sidhartha Nagar Bins,South Delhi Zone 3,400,35000,4,7,0,0,0,,0,34.4,72,0.0,277.2,69.3,0
2026-07-31,NODE-013,Kotla Mubarakpur Street,South Delhi Zone 3,480,33000,4,7,0,0,0,,0,34.4,72,0.0,303.8,63.3,0
2026-07-31,NODE-014,Malviya Nagar Main Market,South Delhi Zone 4,700,30000,4,7,0,0,0,,0,34.4,72,0.0,406.8,58.1,0
2026-07-31,NODE-015,Okhla Phase 1 Industrial Area,South Delhi Zone 4,1500,15000,4,7,0,0,0,,0,34.4,72,0.0,760.9,50.7,0
2026-07-31,NODE-016,Hauz Khas Village Cluster,South Delhi Zone 4,450,18000,4,7,0,0,0,,0,34.4,72,0.0,244.3,54.3,0
2026-07-31,NODE-017,Saket Select Citywalk Area,South Delhi Zone 4,900,25000,4,7,0,0,0,,0,34.4,72,0.0,553.1,61.5,0
2026-07-31,NODE-018,Sheikh Sarai Phase 2,South Delhi Zone 4,400,22000,4,7,0,0,0,,0,34.4,72,0.0,219.4,54.8,0
2026-07-31,NODE-019,Kalkaji Main Road Bins,South Delhi Zone 4,600,36000,4,7,0,0,0,,0,34.4,72,0.0,409.3,68.2,0
2026-07-31,NODE-020,Govindpuri Market Cluster,South Delhi Zone 4,550,42000,4,7,0,0,0,,0,34.4,72,0.0,398.5,72.5,0
2026-07-31,NODE-021,Sangam Vihar Block A,South Delhi Zone 4,800,48000,4,7,0,0,0,,0,34.4,72,0.0,569.0,71.1,0
2026-07-31,NODE-022,Madanpur Khadar Bins,South Delhi Zone 4,650,44000,4,7,0,0,0,,0,34.4,72,0.0,443.1,68.2,0
2026-07-31,NODE-023,Jasola Apollo Hospital Area,South Delhi Zone 4,500,20000,4,7,0,0,0,,0,34.4,72,0.0,253.2,50.6,0
2026-07-31,NODE-024,Alaknanda Market Community Bins,South Delhi Zone 4,480,27000,4,7,0,0,0,,0,34.4,72,0.0,309.4,64.5,0
2026-07-31,NODE-025,Pul Prehladpur Cluster,South Delhi Zone 4,700,39000,4,7,0,0,0,,0,34.4,72,0.0,493.3,70.5,0
2026-08-01,NODE-001,Lajpat Nagar Market Bin Cluster,South Delhi Zone 3,800,38000,5,8,1,0,0,,65,30.1,87,43.1,797.9,99.7,1
2026-08-01,NODE-002,Sarojini Nagar Community Bins,South Delhi Zone 3,600,32000,5,8,1,0,0,,65,30.1,87,43.1,517.9,86.3,0
2026-08-01,NODE-003,INA Colony Street Cluster,South Delhi Zone 3,400,25000,5,8,1,0,0,,65,30.1,87,43.1,333.8,83.5,0
2026-08-01,NODE-004,Nehru Place Commercial Hub,South Delhi Zone 3,1200,45000,5,8,1,0,0,,65,30.1,87,43.1,1207.6,100.6,1
2026-08-01,NODE-005,Greater Kailash Block N,South Delhi Zone 3,500,20000,5,8,1,0,0,,65,30.1,87,43.1,361.3,72.3,0
2026-08-01,NODE-006,Defence Colony Main Road,South Delhi Zone 3,600,22000,5,8,1,0,0,,65,30.1,87,43.1,507.2,84.5,0
2026-08-01,NODE-007,CR Park Bengali Colony,South Delhi Zone 3,500,28000,5,8,1,0,0,,65,30.1,87,43.1,453.9,90.8,0
2026-08-01,NODE-008,Jangpura Extension Market,South Delhi Zone 3,450,30000,5,8,1,0,0,,65,30.1,87,43.1,392.9,87.3,0
2026-08-01,NODE-009,Bhogal Vegetable Market,South Delhi Zone 3,700,40000,5,8,1,0,0,,65,30.1,87,43.1,676.8,96.7,0
2026-08-01,NODE-010,Andrews Ganj Colony,South Delhi Zone 3,350,18000,5,8,1,0,0,,65,30.1,87,43.1,249.4,71.2,0
2026-08-01,NODE-011,Moolchand Market Cluster,South Delhi Zone 3,550,26000,5,8,1,0,0,,65,30.1,87,43.1,428.5,77.9,0
2026-08-01,NODE-012,Sidhartha Nagar Bins,South Delhi Zone 3,400,35000,5,8,1,0,0,,65,30.1,87,43.1,376.3,94.1,0
2026-08-01,NODE-013,Kotla Mubarakpur Street,South Delhi Zone 3,480,33000,5,8,1,0,0,,65,30.1,87,43.1,426.8,88.9,0
2026-08-01,NODE-014,Malviya Nagar Main Market,South Delhi Zone 4,700,30000,5,8,1,0,0,,65,30.1,87,43.1,661.1,94.4,0
2026-08-01,NODE-015,Okhla Phase 1 Industrial Area,South Delhi Zone 4,1500,15000,5,8,1,0,0,,65,30.1,87,43.1,1068.4,71.2,0
2026-08-01,NODE-016,Hauz Khas Village Cluster,South Delhi Zone 4,450,18000,5,8,1,0,0,,65,30.1,87,43.1,353.1,78.5,0
2026-08-01,NODE-017,Saket Select Citywalk Area,South Delhi Zone 4,900,25000,5,8,1,0,0,,65,30.1,87,43.1,758.9,84.3,0
2026-08-01,NODE-018,Sheikh Sarai Phase 2,South Delhi Zone 4,400,22000,5,8,1,0,0,,65,30.1,87,43.1,345.1,86.3,0
2026-08-01,NODE-019,Kalkaji Main Road Bins,South Delhi Zone 4,600,36000,5,8,1,0,0,,65,30.1,87,43.1,600.1,100.0,1
2026-08-01,NODE-020,Govindpuri Market Cluster,South Delhi Zone 4,550,42000,5,8,1,0,0,,65,30.1,87,43.1,545.5,99.2,1
2026-08-01,NODE-021,Sangam Vihar Block A,South Delhi Zone 4,800,48000,5,8,1,0,0,,65,30.1,87,43.1,868.7,108.6,1
2026-08-01,NODE-022,Madanpur Khadar Bins,South Delhi Zone 4,650,44000,5,8,1,0,0,,65,30.1,87,43.1,695.6,107.0,1
2026-08-01,NODE-023,Jasola Apollo Hospital Area,South Delhi Zone 4,500,20000,5,8,1,0,0,,65,30.1,87,43.1,397.5,79.5,0
2026-08-01,NODE-024,Alaknanda Market Community Bins,South Delhi Zone 4,480,27000,5,8,1,0,0,,65,30.1,87,43.1,408.3,85.1,0
2026-08-01,NODE-025,Pul Prehladpur Cluster,South Delhi Zone 4,700,39000,5,8,1,0,0,,65,30.1,87,43.1,737.9,105.4,1
2026-08-02,NODE-001,Lajpat Nagar Market Bin Cluster,South Delhi Zone 3,800,38000,6,8,1,0,0,,0,30.4,70,0.0,733.5,91.7,0
2026-08-02,NODE-002,Sarojini Nagar Community Bins,South Delhi Zone 3,600,32000,6,8,1,0,0,,0,30.4,70,0.0,516.0,86.0,0
2026-08-02,NODE-003,INA Colony Street Cluster,South Delhi Zone 3,400,25000,6,8,1,0,0,,0,30.4,70,0.0,282.1,70.5,0
2026-08-02,NODE-004,Nehru Place Commercial Hub,South Delhi Zone 3,1200,45000,6,8,1,0,0,,0,30.4,70,0.0,1052.6,87.7,0
2026-08-02,NODE-005,Greater Kailash Block N,South Delhi Zone 3,500,20000,6,8,1,0,0,,0,30.4,70,0.0,326.6,65.3,0
2026-08-02,NODE-006,Defence Colony Main Road,South Delhi Zone 3,600,22000,6,8,1,0,0,,0,30.4,70,0.0,411.8,68.6,0
2026-08-02,NODE-007,CR Park Bengali Colony,South Delhi Zone 3,500,28000,6,8,1,0,0,,0,30.4,70,0.0,405.2,81.0,0
2026-08-02,NODE-008,Jangpura Extension Market,South Delhi Zone 3,450,30000,6,8,1,0,0,,0,30.4,70,0.0,371.2,82.5,0
2026-08-02,NODE-009,Bhogal Vegetable Market,South Delhi Zone 3,700,40000,6,8,1,0,0,,0,30.4,70,0.0,590.7,84.4,0
2026-08-02,NODE-010,Andrews Ganj Colony,South Delhi Zone 3,350,18000,6,8,1,0,0,,0,30.4,70,0.0,243.0,69.4,0
2026-08-02,NODE-011,Moolchand Market Cluster,South Delhi Zone 3,550,26000,6,8,1,0,0,,0,30.4,70,0.0,403.1,73.3,0
2026-08-02,NODE-012,Sidhartha Nagar Bins,South Delhi Zone 3,400,35000,6,8,1,0,0,,0,30.4,70,0.0,314.0,78.5,0
2026-08-02,NODE-013,Kotla Mubarakpur Street,South Delhi Zone 3,480,33000,6,8,1,0,0,,0,30.4,70,0.0,384.9,80.2,0
2026-08-02,NODE-014,Malviya Nagar Main Market,South Delhi Zone 4,700,30000,6,8,1,0,0,,0,30.4,70,0.0,575.8,82.3,0
2026-08-02,NODE-015,Okhla Phase 1 Industrial Area,South Delhi Zone 4,1500,15000,6,8,1,0,0,,0,30.4,70,0.0,938.8,62.6,0
2026-08-02,NODE-016,Hauz Khas Village Cluster,South Delhi Zone 4,450,18000,6,8,1,0,0,,0,30.4,70,0.0,317.8,70.6,0
2026-08-02,NODE-017,Saket Select Citywalk Area,South Delhi Zone 4,900,25000,6,8,1,0,0,,0,30.4,70,0.0,650.7,72.3,0
2026-08-02,NODE-018,Sheikh Sarai Phase 2,South Delhi Zone 4,400,22000,6,8,1,0,0,,0,30.4,70,0.0,274.6,68.7,0
2026-08-02,NODE-019,Kalkaji Main Road Bins,South Delhi Zone 4,600,36000,6,8,1,0,0,,0,30.4,70,0.0,493.2,82.2,0
2026-08-02,NODE-020,Govindpuri Market Cluster,South Delhi Zone 4,550,42000,6,8,1,0,0,,0,30.4,70,0.0,527.7,95.9,0
2026-08-02,NODE-021,Sangam Vihar Block A,South Delhi Zone 4,800,48000,6,8,1,0,0,,0,30.4,70,0.0,746.5,93.3,0
2026-08-02,NODE-022,Madanpur Khadar Bins,South Delhi Zone 4,650,44000,6,8,1,0,0,,0,30.4,70,0.0,638.4,98.2,1
2026-08-02,NODE-023,Jasola Apollo Hospital Area,South Delhi Zone 4,500,20000,6,8,1,0,0,,0,30.4,70,0.0,351.9,70.4,0
2026-08-02,NODE-024,Alaknanda Market Community Bins,South Delhi Zone 4,480,27000,6,8,1,0,0,,0,30.4,70,0.0,392.0,81.7,0
2026-08-02,NODE-025,Pul Prehladpur Cluster,South Delhi Zone 4,700,39000,6,8,1,0,0,,0,30.4,70,0.0,573.2,81.9,0
2026-08-03,NODE-001,Lajpat Nagar Market Bin Cluster,South Delhi Zone 3,800,38000,0,8,0,1,0,,65,32.0,92,32.2,688.8,86.1,0
2026-08-03,NODE-002,Sarojini Nagar Community Bins,South Delhi Zone 3,600,32000,0,8,0,1,0,,65,32.0,92,32.2,473.0,78.8,0
2026-08-03,NODE-003,INA Colony Street Cluster,South Delhi Zone 3,400,25000,0,8,0,1,0,,65,32.0,92,32.2,310.3,77.6,0
2026-08-03,NODE-004,Nehru Place Commercial Hub,South Delhi Zone 3,1200,45000,0,8,0,1,0,,65,32.0,92,32.2,1046.8,87.2,0
2026-08-03,NODE-005,Greater Kailash Block N,South Delhi Zone 3,500,20000,0,8,0,1,0,,65,32.0,92,32.2,369.2,73.8,0
2026-08-03,NODE-006,Defence Colony Main Road,South Delhi Zone 3,600,22000,0,8,0,1,0,,65,32.0,92,32.2,411.5,68.6,0
2026-08-03,NODE-007,CR Park Bengali Colony,South Delhi Zone 3,500,28000,0,8,0,1,0,,65,32.0,92,32.2,410.2,82.0,0
2026-08-03,NODE-008,Jangpura Extension Market,South Delhi Zone 3,450,30000,0,8,0,1,0,,65,32.0,92,32.2,373.2,82.9,0
2026-08-03,NODE-009,Bhogal Vegetable Market,South Delhi Zone 3,700,40000,0,8,0,1,0,,65,32.0,92,32.2,661.0,94.4,0
2026-08-03,NODE-010,Andrews Ganj Colony,South Delhi Zone 3,350,18000,0,8,0,1,0,,65,32.0,92,32.2,219.6,62.7,0
2026-08-03,NODE-011,Moolchand Market Cluster,South Delhi Zone 3,550,26000,0,8,0,1,0,,65,32.0,92,32.2,431.7,78.5,0
2026-08-03,NODE-012,Sidhartha Nagar Bins,South Delhi Zone 3,400,35000,0,8,0,1,0,,65,32.0,92,32.2,314.3,78.6,0
2026-08-03,NODE-013,Kotla Mubarakpur Street,South Delhi Zone 3,480,33000,0,8,0,1,0,,65,32.0,92,32.2,362.3,75.5,0
2026-08-03,NODE-014,Malviya Nagar Main Market,South Delhi Zone 4,700,30000,0,8,0,1,0,,65,32.0,92,32.2,531.6,75.9,0
2026-08-03,NODE-015,Okhla Phase 1 Industrial Area,South Delhi Zone 4,1500,15000,0,8,0,1,0,,65,32.0,92,32.2,1029.1,68.6,0
2026-08-03,NODE-016,Hauz Khas Village Cluster,South Delhi Zone 4,450,18000,0,8,0,1,0,,65,32.0,92,32.2,290.4,64.5,0
2026-08-03,NODE-017,Saket Select Citywalk Area,South Delhi Zone 4,900,25000,0,8,0,1,0,,65,32.0,92,32.2,612.5,68.1,0
2026-08-03,NODE-018,Sheikh Sarai Phase 2,South Delhi Zone 4,400,22000,0,8,0,1,0,,65,32.0,92,32.2,279.3,69.8,0
2026-08-03,NODE-019,Kalkaji Main Road Bins,South Delhi Zone 4,600,36000,0,8,0,1,0,,65,32.0,92,32.2,479.3,79.9,0
2026-08-03,NODE-020,Govindpuri Market Cluster,South Delhi Zone 4,550,42000,0,8,0,1,0,,65,32.0,92,32.2,513.9,93.4,0
2026-08-03,NODE-021,Sangam Vihar Block A,South Delhi Zone 4,800,48000,0,8,0,1,0,,65,32.0,92,32.2,748.2,93.5,0
2026-08-03,NODE-022,Madanpur Khadar Bins,South Delhi Zone 4,650,44000,0,8,0,1,0,,65,32.0,92,32.2,561.9,86.4,0
2026-08-03,NODE-023,Jasola Apollo Hospital Area,South Delhi Zone 4,500,20000,0,8,0,1,0,,65,32.0,92,32.2,357.8,71.6,0
2026-08-03,NODE-024,Alaknanda Market Community Bins,South Delhi Zone 4,480,27000,0,8,0,1,0,,65,32.0,92,32.2,376.9,78.5,0
2026-08-03,NODE-025,Pul Prehladpur Cluster,South Delhi Zone 4,700,39000,0,8,0,1,0,,65,32.0,92,32.2,570.6,81.5,0
2026-08-04,NODE-001,Lajpat Nagar Market Bin Cluster,South Delhi Zone 3,800,38000,1,8,0,0,0,,61,31.4,78,43.6,599.4,74.9,0
2026-08-04,NODE-002,Sarojini Nagar Community Bins,South Delhi Zone 3,600,32000,1,8,0,0,0,,61,31.4,78,43.6,395.7,66.0,0
2026-08-04,NODE-003,INA Colony Street Cluster,South Delhi Zone 3,400,25000,1,8,0,0,0,,61,31.4,78,43.6,248.4,62.1,0
2026-08-04,NODE-004,Nehru Place Commercial Hub,South Delhi Zone 3,1200,45000,1,8,0,0,0,,61,31.4,78,43.6,967.8,80.6,0
2026-08-04,NODE-005,Greater Kailash Block N,South Delhi Zone 3,500,20000,1,8,0,0,0,,61,31.4,78,43.6,281.2,56.2,0
2026-08-04,NODE-006,Defence Colony Main Road,South Delhi Zone 3,600,22000,1,8,0,0,0,,61,31.4,78,43.6,365.4,60.9,0
2026-08-04,NODE-007,CR Park Bengali Colony,South Delhi Zone 3,500,28000,1,8,0,0,0,,61,31.4,78,43.6,357.1,71.4,0
2026-08-04,NODE-008,Jangpura Extension Market,South Delhi Zone 3,450,30000,1,8,0,0,0,,61,31.4,78,43.6,297.3,66.1,0
2026-08-04,NODE-009,Bhogal Vegetable Market,South Delhi Zone 3,700,40000,1,8,0,0,0,,61,31.4,78,43.6,561.8,80.3,0
2026-08-04,NODE-010,Andrews Ganj Colony,South Delhi Zone 3,350,18000,1,8,0,0,0,,61,31.4,78,43.6,211.7,60.5,0
2026-08-04,NODE-011,Moolchand Market Cluster,South Delhi Zone 3,550,26000,1,8,0,0,0,,61,31.4,78,43.6,348.9,63.4,0
2026-08-04,NODE-012,Sidhartha Nagar Bins,South Delhi Zone 3,400,35000,1,8,0,0,0,,61,31.4,78,43.6,304.3,76.1,0
2026-08-04,NODE-013,Kotla Mubarakpur Street,South Delhi Zone 3,480,33000,1,8,0,0,0,,61,31.4,78,43.6,337.3,70.3,0
2026-08-04,NODE-014,Malviya Nagar Main Market,South Delhi Zone 4,700,30000,1,8,0,0,0,,61,31.4,78,43.6,457.7,65.4,0
2026-08-04,NODE-015,Okhla Phase 1 Industrial Area,South Delhi Zone 4,1500,15000,1,8,0,0,0,,61,31.4,78,43.6,834.8,55.7,0
2026-08-04,NODE-016,Hauz Khas Village Cluster,South Delhi Zone 4,450,18000,1,8,0,0,0,,61,31.4,78,43.6,270.5,60.1,0
2026-08-04,NODE-017,Saket Select Citywalk Area,South Delhi Zone 4,900,25000,1,8,0,0,0,,61,31.4,78,43.6,555.9,61.8,0
2026-08-04,NODE-018,Sheikh Sarai Phase 2,South Delhi Zone 4,400,22000,1,8,0,0,0,,61,31.4,78,43.6,263.7,65.9,0
2026-08-04,NODE-019,Kalkaji Main Road Bins,South Delhi Zone 4,600,36000,1,8,0,0,0,,61,31.4,78,43.6,433.4,72.2,0
2026-08-04,NODE-020,Govindpuri Market Cluster,South Delhi Zone 4,550,42000,1,8,0,0,0,,61,31.4,78,43.6,424.0,77.1,0
2026-08-04,NODE-021,Sangam Vihar Block A,South Delhi Zone 4,800,48000,1,8,0,0,0,,61,31.4,78,43.6,682.6,85.3,0
2026-08-04,NODE-022,Madanpur Khadar Bins,South Delhi Zone 4,650,44000,1,8,0,0,0,,61,31.4,78,43.6,537.7,82.7,0
2026-08-04,NODE-023,Jasola Apollo Hospital Area,South Delhi Zone 4,500,20000,1,8,0,0,0,,61,31.4,78,43.6,297.0,59.4,0
2026-08-04,NODE-024,Alaknanda Market Community Bins,South Delhi Zone 4,480,27000,1,8,0,0,0,,61,31.4,78,43.6,341.3,71.1,0
2026-08-04,NODE-025,Pul Prehladpur Cluster,South Delhi Zone 4,700,39000,1,8,0,0,0,,61,31.4,78,43.6,583.2,83.3,0
2026-08-05,NODE-001,Lajpat Nagar Market Bin Cluster,South Delhi Zone 3,800,38000,2,8,0,0,0,,0,35.2,76,0.0,567.1,70.9,0
2026-08-05,NODE-002,Sarojini Nagar Community Bins,South Delhi Zone 3,600,32000,2,8,0,0,0,,0,35.2,76,0.0,361.1,60.2,0
2026-08-05,NODE-003,INA Colony Street Cluster,South Delhi Zone 3,400,25000,2,8,0,0,0,,0,35.2,76,0.0,248.2,62.0,0
2026-08-05,NODE-004,Nehru Place Commercial Hub,South Delhi Zone 3,1200,45000,2,8,0,0,0,,0,35.2,76,0.0,926.0,77.2,0
2026-08-05,NODE-005,Greater Kailash Block N,South Delhi Zone 3,500,20000,2,8,0,0,0,,0,35.2,76,0.0,251.3,50.3,0
2026-08-05,NODE-006,Defence Colony Main Road,South Delhi Zone 3,600,22000,2,8,0,0,0,,0,35.2,76,0.0,321.0,53.5,0
2026-08-05,NODE-007,CR Park Bengali Colony,South Delhi Zone 3,500,28000,2,8,0,0,0,,0,35.2,76,0.0,326.2,65.2,0
2026-08-05,NODE-008,Jangpura Extension Market,South Delhi Zone 3,450,30000,2,8,0,0,0,,0,35.2,76,0.0,266.4,59.2,0
2026-08-05,NODE-009,Bhogal Vegetable Market,South Delhi Zone 3,700,40000,2,8,0,0,0,,0,35.2,76,0.0,450.5,64.4,0
2026-08-05,NODE-010,Andrews Ganj Colony,South Delhi Zone 3,350,18000,2,8,0,0,0,,0,35.2,76,0.0,185.4,53.0,0
2026-08-05,NODE-011,Moolchand Market Cluster,South Delhi Zone 3,550,26000,2,8,0,0,0,,0,35.2,76,0.0,305.0,55.5,0
2026-08-05,NODE-012,Sidhartha Nagar Bins,South Delhi Zone 3,400,35000,2,8,0,0,0,,0,35.2,76,0.0,272.4,68.1,0
2026-08-05,NODE-013,Kotla Mubarakpur Street,South Delhi Zone 3,480,33000,2,8,0,0,0,,0,35.2,76,0.0,323.3,67.4,0
2026-08-05,NODE-014,Malviya Nagar Main Market,South Delhi Zone 4,700,30000,2,8,0,0,0,,0,35.2,76,0.0,425.8,60.8,0
2026-08-05,NODE-015,Okhla Phase 1 Industrial Area,South Delhi Zone 4,1500,15000,2,8,0,0,0,,0,35.2,76,0.0,776.6,51.8,0
2026-08-05,NODE-016,Hauz Khas Village Cluster,South Delhi Zone 4,450,18000,2,8,0,0,0,,0,35.2,76,0.0,248.5,55.2,0
2026-08-05,NODE-017,Saket Select Citywalk Area,South Delhi Zone 4,900,25000,2,8,0,0,0,,0,35.2,76,0.0,534.6,59.4,0
2026-08-05,NODE-018,Sheikh Sarai Phase 2,South Delhi Zone 4,400,22000,2,8,0,0,0,,0,35.2,76,0.0,227.2,56.8,0
2026-08-05,NODE-019,Kalkaji Main Road Bins,South Delhi Zone 4,600,36000,2,8,0,0,0,,0,35.2,76,0.0,370.9,61.8,0
2026-08-05,NODE-020,Govindpuri Market Cluster,South Delhi Zone 4,550,42000,2,8,0,0,0,,0,35.2,76,0.0,367.1,66.7,0
2026-08-05,NODE-021,Sangam Vihar Block A,South Delhi Zone 4,800,48000,2,8,0,0,0,,0,35.2,76,0.0,619.6,77.5,0
2026-08-05,NODE-022,Madanpur Khadar Bins,South Delhi Zone 4,650,44000,2,8,0,0,0,,0,35.2,76,0.0,438.6,67.5,0
2026-08-05,NODE-023,Jasola Apollo Hospital Area,South Delhi Zone 4,500,20000,2,8,0,0,0,,0,35.2,76,0.0,255.5,51.1,0
2026-08-05,NODE-024,Alaknanda Market Community Bins,South Delhi Zone 4,480,27000,2,8,0,0,0,,0,35.2,76,0.0,284.4,59.2,0
2026-08-05,NODE-025,Pul Prehladpur Cluster,South Delhi Zone 4,700,39000,2,8,0,0,0,,0,35.2,76,0.0,453.4,64.8,0
2026-08-06,NODE-001,Lajpat Nagar Market Bin Cluster,South Delhi Zone 3,800,38000,3,8,0,0,0,,0,33.6,71,0.0,562.3,70.3,0
2026-08-06,NODE-002,Sarojini Nagar Community Bins,South Delhi Zone 3,600,32000,3,8,0,0,0,,0,33.6,71,0.0,389.5,64.9,0
2026-08-06,NODE-003,INA Colony Street Cluster,South Delhi Zone 3,400,25000,3,8,0,0,0,,0,33.6,71,0.0,225.6,56.4,0
2026-08-06,NODE-004,Nehru Place Commercial Hub,South Delhi Zone 3,1200,45000,3,8,0,0,0,,0,33.6,71,0.0,904.8,75.4,0
2026-08-06,NODE-005,Greater Kailash Block N,South Delhi Zone 3,500,20000,3,8,0,0,0,,0,33.6,71,0.0,279.3,55.9,0
2026-08-06,NODE-006,Defence Colony Main Road,South Delhi Zone 3,600,22000,3,8,0,0,0,,0,33.6,71,0.0,323.5,53.9,0
2026-08-06,NODE-007,CR Park Bengali Colony,South Delhi Zone 3,500,28000,3,8,0,0,0,,0,33.6,71,0.0,307.8,61.6,0
2026-08-06,NODE-008,Jangpura Extension Market,South Delhi Zone 3,450,30000,3,8,0,0,0,,0,33.6,71,0.0,263.1,58.5,0
2026-08-06,NODE-009,Bhogal Vegetable Market,South Delhi Zone 3,700,40000,3,8,0,0,0,,0,33.6,71,0.0,513.6,73.4,0
2026-08-06,NODE-010,Andrews Ganj Colony,South Delhi Zone 3,350,18000,3,8,0,0,0,,0,33.6,71,0.0,173.5,49.6,0
2026-08-06,NODE-011,Moolchand Market Cluster,South Delhi Zone 3,550,26000,3,8,0,0,0,,0,33.6,71,0.0,336.0,61.1,0
2026-08-06,NODE-012,Sidhartha Nagar Bins,South Delhi Zone 3,400,35000,3,8,0,0,0,,0,33.6,71,0.0,247.4,61.8,0
2026-08-06,NODE-013,Kotla Mubarakpur Street,South Delhi Zone 3,480,33000,3,8,0,0,0,,0,33.6,71,0.0,289.8,60.4,0
2026-08-06,NODE-014,Malviya Nagar Main Market,South Delhi Zone 4,700,30000,3,8,0,0,0,,0,33.6,71,0.0,407.1,58.2,0
2026-08-06,NODE-015,Okhla Phase 1 Industrial Area,South Delhi Zone 4,1500,15000,3,8,0,0,0,,0,33.6,71,0.0,722.9,48.2,0
2026-08-06,NODE-016,Hauz Khas Village Cluster,South Delhi Zone 4,450,18000,3,8,0,0,0,,0,33.6,71,0.0,226.7,50.4,0
2026-08-06,NODE-017,Saket Select Citywalk Area,South Delhi Zone 4,900,25000,3,8,0,0,0,,0,33.6,71,0.0,504.4,56.0,0
2026-08-06,NODE-018,Sheikh Sarai Phase 2,South Delhi Zone 4,400,22000,3,8,0,0,0,,0,33.6,71,0.0,224.7,56.2,0
2026-08-06,NODE-019,Kalkaji Main Road Bins,South Delhi Zone 4,600,36000,3,8,0,0,0,,0,33.6,71,0.0,380.8,63.5,0
2026-08-06,NODE-020,Govindpuri Market Cluster,South Delhi Zone 4,550,42000,3,8,0,0,0,,0,33.6,71,0.0,404.4,73.5,0
2026-08-06,NODE-021,Sangam Vihar Block A,South Delhi Zone 4,800,48000,3,8,0,0,0,,0,33.6,71,0.0,568.7,71.1,0
2026-08-06,NODE-022,Madanpur Khadar Bins,South Delhi Zone 4,650,44000,3,8,0,0,0,,0,33.6,71,0.0,438.0,67.4,0
2026-08-06,NODE-023,Jasola Apollo Hospital Area,South Delhi Zone 4,500,20000,3,8,0,0,0,,0,33.6,71,0.0,272.1,54.4,0
2026-08-06,NODE-024,Alaknanda Market Community Bins,South Delhi Zone 4,480,27000,3,8,0,0,0,,0,33.6,71,0.0,273.5,57.0,0
2026-08-06,NODE-025,Pul Prehladpur Cluster,South Delhi Zone 4,700,39000,3,8,0,0,0,,0,33.6,71,0.0,515.9,73.7,0
2026-08-07,NODE-001,Lajpat Nagar Market Bin Cluster,South Delhi Zone 3,800,38000,4,8,0,0,0,,0,28.0,86,0.0,509.5,63.7,0
2026-08-07,NODE-002,Sarojini Nagar Community Bins,South Delhi Zone 3,600,32000,4,8,0,0,0,,0,28.0,86,0.0,357.8,59.6,0
2026-08-07,NODE-003,INA Colony Street Cluster,South Delhi Zone 3,400,25000,4,8,0,0,0,,0,28.0,86,0.0,235.8,58.9,0
2026-08-07,NODE-004,Nehru Place Commercial Hub,South Delhi Zone 3,1200,45000,4,8,0,0,0,,0,28.0,86,0.0,881.2,73.4,0
2026-08-07,NODE-005,Greater Kailash Block N,South Delhi Zone 3,500,20000,4,8,0,0,0,,0,28.0,86,0.0,291.8,58.4,0
2026-08-07,NODE-006,Defence Colony Main Road,South Delhi Zone 3,600,22000,4,8,0,0,0,,0,28.0,86,0.0,350.8,58.5,0
2026-08-07,NODE-007,CR Park Bengali Colony,South Delhi Zone 3,500,28000,4,8,0,0,0,,0,28.0,86,0.0,282.1,56.4,0
2026-08-07,NODE-008,Jangpura Extension Market,South Delhi Zone 3,450,30000,4,8,0,0,0,,0,28.0,86,0.0,289.3,64.3,0
2026-08-07,NODE-009,Bhogal Vegetable Market,South Delhi Zone 3,700,40000,4,8,0,0,0,,0,28.0,86,0.0,519.4,74.2,0
2026-08-07,NODE-010,Andrews Ganj Colony,South Delhi Zone 3,350,18000,4,8,0,0,0,,0,28.0,86,0.0,189.5,54.1,0
2026-08-07,NODE-011,Moolchand Market Cluster,South Delhi Zone 3,550,26000,4,8,0,0,0,,0,28.0,86,0.0,322.4,58.6,0
2026-08-07,NODE-012,Sidhartha Nagar Bins,South Delhi Zone 3,400,35000,4,8,0,0,0,,0,28.0,86,0.0,283.6,70.9,0
2026-08-07,NODE-013,Kotla Mubarakpur Street,South Delhi Zone 3,480,33000,4,8,0,0,0,,0,28.0,86,0.0,297.2,61.9,0
2026-08-07,NODE-014,Malviya Nagar Main Market,South Delhi Zone 4,700,30000,4,8,0,0,0,,0,28.0,86,0.0,403.2,57.6,0
2026-08-07,NODE-015,Okhla Phase 1 Industrial Area,South Delhi Zone 4,1500,15000,4,8,0,0,0,,0,28.0,86,0.0,797.6,53.2,0
2026-08-07,NODE-016,Hauz Khas Village Cluster,South Delhi Zone 4,450,18000,4,8,0,0,0,,0,28.0,86,0.0,252.4,56.1,0
2026-08-07,NODE-017,Saket Select Citywalk Area,South Delhi Zone 4,900,25000,4,8,0,0,0,,0,28.0,86,0.0,553.8,61.5,0
2026-08-07,NODE-018,Sheikh Sarai Phase 2,South Delhi Zone 4,400,22000,4,8,0,0,0,,0,28.0,86,0.0,218.9,54.7,0
2026-08-07,NODE-019,Kalkaji Main Road Bins,South Delhi Zone 4,600,36000,4,8,0,0,0,,0,28.0,86,0.0,411.1,68.5,0
2026-08-07,NODE-020,Govindpuri Market Cluster,South Delhi Zone 4,550,42000,4,8,0,0,0,,0,28.0,86,0.0,387.0,70.4,0
2026-08-07,NODE-021,Sangam Vihar Block A,South Delhi Zone 4,800,48000,4,8,0,0,0,,0,28.0,86,0.0,551.9,69.0,0
2026-08-07,NODE-022,Madanpur Khadar Bins,South Delhi Zone 4,650,44000,4,8,0,0,0,,0,28.0,86,0.0,499.4,76.8,0
2026-08-07,NODE-023,Jasola Apollo Hospital Area,South Delhi Zone 4,500,20000,4,8,0,0,0,,0,28.0,86,0.0,289.2,57.8,0
2026-08-07,NODE-024,Alaknanda Market Community Bins,South Delhi Zone 4,480,27000,4,8,0,0,0,,0,28.0,86,0.0,264.4,55.1,0
2026-08-07,NODE-025,Pul Prehladpur Cluster,South Delhi Zone 4,700,39000,4,8,0,0,0,,0,28.0,86,0.0,454.6,64.9,0
2026-08-08,NODE-001,Lajpat Nagar Market Bin Cluster,South Delhi Zone 3,800,38000,5,8,1,0,0,,61,30.6,79,43.2,750.1,93.8,0
2026-08-08,NODE-002,Sarojini Nagar Community Bins,South Delhi Zone 3,600,32000,5,8,1,0,0,,61,30.6,79,43.2,565.4,94.2,0
2026-08-08,NODE-003,INA Colony Street Cluster,South Delhi Zone 3,400,25000,5,8,1,0,0,,61,30.6,79,43.2,326.1,81.5,0
2026-08-08,NODE-004,Nehru Place Commercial Hub,South Delhi Zone 3,1200,45000,5,8,1,0,0,,61,30.6,79,43.2,1228.3,102.4,1
2026-08-08,NODE-005,Greater Kailash Block N,South Delhi Zone 3,500,20000,5,8,1,0,0,,61,30.6,79,43.2,364.9,73.0,0
2026-08-08,NODE-006,Defence Colony Main Road,South Delhi Zone 3,600,22000,5,8,1,0,0,,61,30.6,79,43.2,472.1,78.7,0
2026-08-08,NODE-007,CR Park Bengali Colony,South Delhi Zone 3,500,28000,5,8,1,0,0,,61,30.6,79,43.2,429.4,85.9,0
2026-08-08,NODE-008,Jangpura Extension Market,South Delhi Zone 3,450,30000,5,8,1,0,0,,61,30.6,79,43.2,420.4,93.4,0
2026-08-08,NODE-009,Bhogal Vegetable Market,South Delhi Zone 3,700,40000,5,8,1,0,0,,61,30.6,79,43.2,718.1,102.6,1
2026-08-08,NODE-010,Andrews Ganj Colony,South Delhi Zone 3,350,18000,5,8,1,0,0,,61,30.6,79,43.2,263.7,75.3,0
2026-08-08,NODE-011,Moolchand Market Cluster,South Delhi Zone 3,550,26000,5,8,1,0,0,,61,30.6,79,43.2,457.9,83.3,0
2026-08-08,NODE-012,Sidhartha Nagar Bins,South Delhi Zone 3,400,35000,5,8,1,0,0,,61,30.6,79,43.2,399.7,99.9,1
2026-08-08,NODE-013,Kotla Mubarakpur Street,South Delhi Zone 3,480,33000,5,8,1,0,0,,61,30.6,79,43.2,417.8,87.0,0
2026-08-08,NODE-014,Malviya Nagar Main Market,South Delhi Zone 4,700,30000,5,8,1,0,0,,61,30.6,79,43.2,584.2,83.5,0
2026-08-08,NODE-015,Okhla Phase 1 Industrial Area,South Delhi Zone 4,1500,15000,5,8,1,0,0,,61,30.6,79,43.2,1124.3,75.0,0
2026-08-08,NODE-016,Hauz Khas Village Cluster,South Delhi Zone 4,450,18000,5,8,1,0,0,,61,30.6,79,43.2,366.4,81.4,0
2026-08-08,NODE-017,Saket Select Citywalk Area,South Delhi Zone 4,900,25000,5,8,1,0,0,,61,30.6,79,43.2,790.3,87.8,0
2026-08-08,NODE-018,Sheikh Sarai Phase 2,South Delhi Zone 4,400,22000,5,8,1,0,0,,61,30.6,79,43.2,299.5,74.9,0
2026-08-08,NODE-019,Kalkaji Main Road Bins,South Delhi Zone 4,600,36000,5,8,1,0,0,,61,30.6,79,43.2,608.8,101.5,1
2026-08-08,NODE-020,Govindpuri Market Cluster,South Delhi Zone 4,550,42000,5,8,1,0,0,,61,30.6,79,43.2,558.0,101.5,1
2026-08-08,NODE-021,Sangam Vihar Block A,South Delhi Zone 4,800,48000,5,8,1,0,0,,61,30.6,79,43.2,849.3,106.2,1
2026-08-08,NODE-022,Madanpur Khadar Bins,South Delhi Zone 4,650,44000,5,8,1,0,0,,61,30.6,79,43.2,668.7,102.9,1
2026-08-08,NODE-023,Jasola Apollo Hospital Area,South Delhi Zone 4,500,20000,5,8,1,0,0,,61,30.6,79,43.2,395.8,79.2,0
2026-08-08,NODE-024,Alaknanda Market Community Bins,South Delhi Zone 4,480,27000,5,8,1,0,0,,61,30.6,79,43.2,428.2,89.2,0
2026-08-08,NODE-025,Pul Prehladpur Cluster,South Delhi Zone 4,700,39000,5,8,1,0,0,,61,30.6,79,43.2,701.5,100.2,1
2026-08-09,NODE-001,Lajpat Nagar Market Bin Cluster,South Delhi Zone 3,800,38000,6,8,1,0,0,,65,35.0,88,43.9,733.0,91.6,0
2026-08-09,NODE-002,Sarojini Nagar Community Bins,South Delhi Zone 3,600,32000,6,8,1,0,0,,65,35.0,88,43.9,581.7,97.0,0
2026-08-09,NODE-003,INA Colony Street Cluster,South Delhi Zone 3,400,25000,6,8,1,0,0,,65,35.0,88,43.9,312.3,78.1,0
2026-08-09,NODE-004,Nehru Place Commercial Hub,South Delhi Zone 3,1200,45000,6,8,1,0,0,,65,35.0,88,43.9,1242.1,103.5,1
2026-08-09,NODE-005,Greater Kailash Block N,South Delhi Zone 3,500,20000,6,8,1,0,0,,65,35.0,88,43.9,360.6,72.1,0
2026-08-09,NODE-006,Defence Colony Main Road,South Delhi Zone 3,600,22000,6,8,1,0,0,,65,35.0,88,43.9,461.4,76.9,0
2026-08-09,NODE-007,CR Park Bengali Colony,South Delhi Zone 3,500,28000,6,8,1,0,0,,65,35.0,88,43.9,419.6,83.9,0
2026-08-09,NODE-008,Jangpura Extension Market,South Delhi Zone 3,450,30000,6,8,1,0,0,,65,35.0,88,43.9,412.1,91.6,0
2026-08-09,NODE-009,Bhogal Vegetable Market,South Delhi Zone 3,700,40000,6,8,1,0,0,,65,35.0,88,43.9,716.7,102.4,1
2026-08-09,NODE-010,Andrews Ganj Colony,South Delhi Zone 3,350,18000,6,8,1,0,0,,65,35.0,88,43.9,275.9,78.8,0
2026-08-09,NODE-011,Moolchand Market Cluster,South Delhi Zone 3,550,26000,6,8,1,0,0,,65,35.0,88,43.9,469.4,85.3,0
2026-08-09,NODE-012,Sidhartha Nagar Bins,South Delhi Zone 3,400,35000,6,8,1,0,0,,65,35.0,88,43.9,380.4,95.1,0
2026-08-09,NODE-013,Kotla Mubarakpur Street,South Delhi Zone 3,480,33000,6,8,1,0,0,,65,35.0,88,43.9,475.0,99.0,1
2026-08-09,NODE-014,Malviya Nagar Main Market,South Delhi Zone 4,700,30000,6,8,1,0,0,,65,35.0,88,43.9,637.5,91.1,0
2026-08-09,NODE-015,Okhla Phase 1 Industrial Area,South Delhi Zone 4,1500,15000,6,8,1,0,0,,65,35.0,88,43.9,1056.9,70.5,0
2026-08-09,NODE-016,Hauz Khas Village Cluster,South Delhi Zone 4,450,18000,6,8,1,0,0,,65,35.0,88,43.9,341.5,75.9,0
2026-08-09,NODE-017,Saket Select Citywalk Area,South Delhi Zone 4,900,25000,6,8,1,0,0,,65,35.0,88,43.9,773.0,85.9,0
2026-08-09,NODE-018,Sheikh Sarai Phase 2,South Delhi Zone 4,400,22000,6,8,1,0,0,,65,35.0,88,43.9,299.1,74.8,0
2026-08-09,NODE-019,Kalkaji Main Road Bins,South Delhi Zone 4,600,36000,6,8,1,0,0,,65,35.0,88,43.9,586.0,97.7,0
2026-08-09,NODE-020,Govindpuri Market Cluster,South Delhi Zone 4,550,42000,6,8,1,0,0,,65,35.0,88,43.9,537.0,97.6,0
2026-08-09,NODE-021,Sangam Vihar Block A,South Delhi Zone 4,800,48000,6,8,1,0,0,,65,35.0,88,43.9,819.3,102.4,1
2026-08-09,NODE-022,Madanpur Khadar Bins,South Delhi Zone 4,650,44000,6,8,1,0,0,,65,35.0,88,43.9,694.5,106.8,1
2026-08-09,NODE-023,Jasola Apollo Hospital Area,South Delhi Zone 4,500,20000,6,8,1,0,0,,65,35.0,88,43.9,381.7,76.3,0
2026-08-09,NODE-024,Alaknanda Market Community Bins,South Delhi Zone 4,480,27000,6,8,1,0,0,,65,35.0,88,43.9,432.2,90.0,0
2026-08-09,NODE-025,Pul Prehladpur Cluster,South Delhi Zone 4,700,39000,6,8,1,0,0,,65,35.0,88,43.9,695.7,99.4,1
2026-08-10,NODE-001,Lajpat Nagar Market Bin Cluster,South Delhi Zone 3,800,38000,0,8,0,1,0,,95,28.4,85,42.4,686.2,85.8,0
2026-08-10,NODE-002,Sarojini Nagar Community Bins,South Delhi Zone 3,600,32000,0,8,0,1,0,,95,28.4,85,42.4,477.3,79.6,0
2026-08-10,NODE-003,INA Colony Street Cluster,South Delhi Zone 3,400,25000,0,8,0,1,0,,95,28.4,85,42.4,292.7,73.2,0
2026-08-10,NODE-004,Nehru Place Commercial Hub,South Delhi Zone 3,1200,45000,0,8,0,1,0,,95,28.4,85,42.4,1049.4,87.5,0
2026-08-10,NODE-005,Greater Kailash Block N,South Delhi Zone 3,500,20000,0,8,0,1,0,,95,28.4,85,42.4,356.0,71.2,0
2026-08-10,NODE-006,Defence Colony Main Road,South Delhi Zone 3,600,22000,0,8,0,1,0,,95,28.4,85,42.4,410.0,68.3,0
2026-08-10,NODE-007,CR Park Bengali Colony,South Delhi Zone 3,500,28000,0,8,0,1,0,,95,28.4,85,42.4,370.3,74.1,0
2026-08-10,NODE-008,Jangpura Extension Market,South Delhi Zone 3,450,30000,0,8,0,1,0,,95,28.4,85,42.4,338.7,75.3,0
2026-08-10,NODE-009,Bhogal Vegetable Market,South Delhi Zone 3,700,40000,0,8,0,1,0,,95,28.4,85,42.4,613.9,87.7,0
2026-08-10,NODE-010,Andrews Ganj Colony,South Delhi Zone 3,350,18000,0,8,0,1,0,,95,28.4,85,42.4,234.7,67.1,0
2026-08-10,NODE-011,Moolchand Market Cluster,South Delhi Zone 3,550,26000,0,8,0,1,0,,95,28.4,85,42.4,400.1,72.8,0
2026-08-10,NODE-012,Sidhartha Nagar Bins,South Delhi Zone 3,400,35000,0,8,0,1,0,,95,28.4,85,42.4,348.1,87.0,0
2026-08-10,NODE-013,Kotla Mubarakpur Street,South Delhi Zone 3,480,33000,0,8,0,1,0,,95,28.4,85,42.4,362.2,75.4,0
2026-08-10,NODE-014,Malviya Nagar Main Market,South Delhi Zone 4,700,30000,0,8,0,1,0,,95,28.4,85,42.4,541.3,77.3,0
2026-08-10,NODE-015,Okhla Phase 1 Industrial Area,South Delhi Zone 4,1500,15000,0,8,0,1,0,,95,28.4,85,42.4,966.0,64.4,0
2026-08-10,NODE-016,Hauz Khas Village Cluster,South Delhi Zone 4,450,18000,0,8,0,1,0,,95,28.4,85,42.4,279.6,62.1,0
2026-08-10,NODE-017,Saket Select Citywalk Area,South Delhi Zone 4,900,25000,0,8,0,1,0,,95,28.4,85,42.4,659.0,73.2,0
2026-08-10,NODE-018,Sheikh Sarai Phase 2,South Delhi Zone 4,400,22000,0,8,0,1,0,,95,28.4,85,42.4,273.2,68.3,0
2026-08-10,NODE-019,Kalkaji Main Road Bins,South Delhi Zone 4,600,36000,0,8,0,1,0,,95,28.4,85,42.4,541.3,90.2,0
2026-08-10,NODE-020,Govindpuri Market Cluster,South Delhi Zone 4,550,42000,0,8,0,1,0,,95,28.4,85,42.4,511.7,93.0,0
2026-08-10,NODE-021,Sangam Vihar Block A,South Delhi Zone 4,800,48000,0,8,0,1,0,,95,28.4,85,42.4,682.2,85.3,0
2026-08-10,NODE-022,Madanpur Khadar Bins,South Delhi Zone 4,650,44000,0,8,0,1,0,,95,28.4,85,42.4,585.2,90.0,0
2026-08-10,NODE-023,Jasola Apollo Hospital Area,South Delhi Zone 4,500,20000,0,8,0,1,0,,95,28.4,85,42.4,316.8,63.4,0
2026-08-10,NODE-024,Alaknanda Market Community Bins,South Delhi Zone 4,480,27000,0,8,0,1,0,,95,28.4,85,42.4,363.6,75.7,0
2026-08-10,NODE-025,Pul Prehladpur Cluster,South Delhi Zone 4,700,39000,0,8,0,1,0,,95,28.4,85,42.4,638.2,91.2,0
2026-08-11,NODE-001,Lajpat Nagar Market Bin Cluster,South Delhi Zone 3,800,38000,1,8,0,0,0,,63,35.7,85,17.2,611.6,76.4,0
2026-08-11,NODE-002,Sarojini Nagar Community Bins,South Delhi Zone 3,600,32000,1,8,0,0,0,,63,35.7,85,17.2,407.3,67.9,0
2026-08-11,NODE-003,INA Colony Street Cluster,South Delhi Zone 3,400,25000,1,8,0,0,0,,63,35.7,85,17.2,268.1,67.0,0
2026-08-11,NODE-004,Nehru Place Commercial Hub,South Delhi Zone 3,1200,45000,1,8,0,0,0,,63,35.7,85,17.2,1059.0,88.3,0
2026-08-11,NODE-005,Greater Kailash Block N,South Delhi Zone 3,500,20000,1,8,0,0,0,,63,35.7,85,17.2,298.2,59.6,0
2026-08-11,NODE-006,Defence Colony Main Road,South Delhi Zone 3,600,22000,1,8,0,0,0,,63,35.7,85,17.2,349.3,58.2,0
2026-08-11,NODE-007,CR Park Bengali Colony,South Delhi Zone 3,500,28000,1,8,0,0,0,,63,35.7,85,17.2,324.0,64.8,0
2026-08-11,NODE-008,Jangpura Extension Market,South Delhi Zone 3,450,30000,1,8,0,0,0,,63,35.7,85,17.2,310.5,69.0,0
2026-08-11,NODE-009,Bhogal Vegetable Market,South Delhi Zone 3,700,40000,1,8,0,0,0,,63,35.7,85,17.2,551.6,78.8,0
2026-08-11,NODE-010,Andrews Ganj Colony,South Delhi Zone 3,350,18000,1,8,0,0,0,,63,35.7,85,17.2,211.4,60.4,0
2026-08-11,NODE-011,Moolchand Market Cluster,South Delhi Zone 3,550,26000,1,8,0,0,0,,63,35.7,85,17.2,362.0,65.8,0
2026-08-11,NODE-012,Sidhartha Nagar Bins,South Delhi Zone 3,400,35000,1,8,0,0,0,,63,35.7,85,17.2,302.6,75.6,0
2026-08-11,NODE-013,Kotla Mubarakpur Street,South Delhi Zone 3,480,33000,1,8,0,0,0,,63,35.7,85,17.2,357.9,74.6,0
2026-08-11,NODE-014,Malviya Nagar Main Market,South Delhi Zone 4,700,30000,1,8,0,0,0,,63,35.7,85,17.2,456.6,65.2,0
2026-08-11,NODE-015,Okhla Phase 1 Industrial Area,South Delhi Zone 4,1500,15000,1,8,0,0,0,,63,35.7,85,17.2,885.9,59.1,0
2026-08-11,NODE-016,Hauz Khas Village Cluster,South Delhi Zone 4,450,18000,1,8,0,0,0,,63,35.7,85,17.2,254.8,56.6,0
2026-08-11,NODE-017,Saket Select Citywalk Area,South Delhi Zone 4,900,25000,1,8,0,0,0,,63,35.7,85,17.2,572.3,63.6,0
2026-08-11,NODE-018,Sheikh Sarai Phase 2,South Delhi Zone 4,400,22000,1,8,0,0,0,,63,35.7,85,17.2,264.0,66.0,0
2026-08-11,NODE-019,Kalkaji Main Road Bins,South Delhi Zone 4,600,36000,1,8,0,0,0,,63,35.7,85,17.2,481.1,80.2,0
2026-08-11,NODE-020,Govindpuri Market Cluster,South Delhi Zone 4,550,42000,1,8,0,0,0,,63,35.7,85,17.2,424.1,77.1,0
2026-08-11,NODE-021,Sangam Vihar Block A,South Delhi Zone 4,800,48000,1,8,0,0,0,,63,35.7,85,17.2,660.9,82.6,0
2026-08-11,NODE-022,Madanpur Khadar Bins,South Delhi Zone 4,650,44000,1,8,0,0,0,,63,35.7,85,17.2,546.7,84.1,0
2026-08-11,NODE-023,Jasola Apollo Hospital Area,South Delhi Zone 4,500,20000,1,8,0,0,0,,63,35.7,85,17.2,282.7,56.5,0
2026-08-11,NODE-024,Alaknanda Market Community Bins,South Delhi Zone 4,480,27000,1,8,0,0,0,,63,35.7,85,17.2,304.1,63.4,0
2026-08-11,NODE-025,Pul Prehladpur Cluster,South Delhi Zone 4,700,39000,1,8,0,0,0,,63,35.7,85,17.2,509.3,72.8,0
2026-08-12,NODE-001,Lajpat Nagar Market Bin Cluster,South Delhi Zone 3,800,38000,2,8,0,0,0,,63,33.8,68,15.2,581.0,72.6,0
2026-08-12,NODE-002,Sarojini Nagar Community Bins,South Delhi Zone 3,600,32000,2,8,0,0,0,,63,33.8,68,15.2,401.4,66.9,0
2026-08-12,NODE-003,INA Colony Street Cluster,South Delhi Zone 3,400,25000,2,8,0,0,0,,63,33.8,68,15.2,275.7,68.9,0
2026-08-12,NODE-004,Nehru Place Commercial Hub,South Delhi Zone 3,1200,45000,2,8,0,0,0,,63,33.8,68,15.2,942.9,78.6,0
2026-08-12,NODE-005,Greater Kailash Block N,South Delhi Zone 3,500,20000,2,8,0,0,0,,63,33.8,68,15.2,320.7,64.1,0
2026-08-12,NODE-006,Defence Colony Main Road,South Delhi Zone 3,600,22000,2,8,0,0,0,,63,33.8,68,15.2,357.5,59.6,0
2026-08-12,NODE-007,CR Park Bengali Colony,South Delhi Zone 3,500,28000,2,8,0,0,0,,63,33.8,68,15.2,330.2,66.0,0
2026-08-12,NODE-008,Jangpura Extension Market,South Delhi Zone 3,450,30000,2,8,0,0,0,,63,33.8,68,15.2,325.7,72.4,0
2026-08-12,NODE-009,Bhogal Vegetable Market,South Delhi Zone 3,700,40000,2,8,0,0,0,,63,33.8,68,15.2,506.7,72.4,0
2026-08-12,NODE-010,Andrews Ganj Colony,South Delhi Zone 3,350,18000,2,8,0,0,0,,63,33.8,68,15.2,211.9,60.5,0
2026-08-12,NODE-011,Moolchand Market Cluster,South Delhi Zone 3,550,26000,2,8,0,0,0,,63,33.8,68,15.2,373.6,67.9,0
2026-08-12,NODE-012,Sidhartha Nagar Bins,South Delhi Zone 3,400,35000,2,8,0,0,0,,63,33.8,68,15.2,277.3,69.3,0
2026-08-12,NODE-013,Kotla Mubarakpur Street,South Delhi Zone 3,480,33000,2,8,0,0,0,,63,33.8,68,15.2,367.6,76.6,0
2026-08-12,NODE-014,Malviya Nagar Main Market,South Delhi Zone 4,700,30000,2,8,0,0,0,,63,33.8,68,15.2,483.3,69.0,0
2026-08-12,NODE-015,Okhla Phase 1 Industrial Area,South Delhi Zone 4,1500,15000,2,8,0,0,0,,63,33.8,68,15.2,862.8,57.5,0
2026-08-12,NODE-016,Hauz Khas Village Cluster,South Delhi Zone 4,450,18000,2,8,0,0,0,,63,33.8,68,15.2,266.9,59.3,0
2026-08-12,NODE-017,Saket Select Citywalk Area,South Delhi Zone 4,900,25000,2,8,0,0,0,,63,33.8,68,15.2,630.8,70.1,0
2026-08-12,NODE-018,Sheikh Sarai Phase 2,South Delhi Zone 4,400,22000,2,8,0,0,0,,63,33.8,68,15.2,230.9,57.7,0
2026-08-12,NODE-019,Kalkaji Main Road Bins,South Delhi Zone 4,600,36000,2,8,0,0,0,,63,33.8,68,15.2,464.7,77.5,0
2026-08-12,NODE-020,Govindpuri Market Cluster,South Delhi Zone 4,550,42000,2,8,0,0,0,,63,33.8,68,15.2,442.4,80.4,0
2026-08-12,NODE-021,Sangam Vihar Block A,South Delhi Zone 4,800,48000,2,8,0,0,0,,63,33.8,68,15.2,651.5,81.4,0
2026-08-12,NODE-022,Madanpur Khadar Bins,South Delhi Zone 4,650,44000,2,8,0,0,0,,63,33.8,68,15.2,536.7,82.6,0
2026-08-12,NODE-023,Jasola Apollo Hospital Area,South Delhi Zone 4,500,20000,2,8,0,0,0,,63,33.8,68,15.2,325.6,65.1,0
2026-08-12,NODE-024,Alaknanda Market Community Bins,South Delhi Zone 4,480,27000,2,8,0,0,0,,63,33.8,68,15.2,335.8,70.0,0
2026-08-12,NODE-025,Pul Prehladpur Cluster,South Delhi Zone 4,700,39000,2,8,0,0,0,,63,33.8,68,15.2,575.9,82.3,0
2026-08-13,NODE-001,Lajpat Nagar Market Bin Cluster,South Delhi Zone 3,800,38000,3,8,0,0,0,,63,29.4,91,10.1,599.8,75.0,0
2026-08-13,NODE-002,Sarojini Nagar Community Bins,South Delhi Zone 3,600,32000,3,8,0,0,0,,63,29.4,91,10.1,434.2,72.4,0
2026-08-13,NODE-003,INA Colony Street Cluster,South Delhi Zone 3,400,25000,3,8,0,0,0,,63,29.4,91,10.1,277.0,69.2,0
2026-08-13,NODE-004,Nehru Place Commercial Hub,South Delhi Zone 3,1200,45000,3,8,0,0,0,,63,29.4,91,10.1,988.5,82.4,0
2026-08-13,NODE-005,Greater Kailash Block N,South Delhi Zone 3,500,20000,3,8,0,0,0,,63,29.4,91,10.1,299.3,59.9,0
2026-08-13,NODE-006,Defence Colony Main Road,South Delhi Zone 3,600,22000,3,8,0,0,0,,63,29.4,91,10.1,405.0,67.5,0
2026-08-13,NODE-007,CR Park Bengali Colony,South Delhi Zone 3,500,28000,3,8,0,0,0,,63,29.4,91,10.1,361.6,72.3,0
2026-08-13,NODE-008,Jangpura Extension Market,South Delhi Zone 3,450,30000,3,8,0,0,0,,63,29.4,91,10.1,325.9,72.4,0
2026-08-13,NODE-009,Bhogal Vegetable Market,South Delhi Zone 3,700,40000,3,8,0,0,0,,63,29.4,91,10.1,526.6,75.2,0
2026-08-13,NODE-010,Andrews Ganj Colony,South Delhi Zone 3,350,18000,3,8,0,0,0,,63,29.4,91,10.1,222.8,63.7,0
2026-08-13,NODE-011,Moolchand Market Cluster,South Delhi Zone 3,550,26000,3,8,0,0,0,,63,29.4,91,10.1,390.9,71.1,0
2026-08-13,NODE-012,Sidhartha Nagar Bins,South Delhi Zone 3,400,35000,3,8,0,0,0,,63,29.4,91,10.1,292.9,73.2,0
2026-08-13,NODE-013,Kotla Mubarakpur Street,South Delhi Zone 3,480,33000,3,8,0,0,0,,63,29.4,91,10.1,325.7,67.8,0
2026-08-13,NODE-014,Malviya Nagar Main Market,South Delhi Zone 4,700,30000,3,8,0,0,0,,63,29.4,91,10.1,479.8,68.5,0
2026-08-13,NODE-015,Okhla Phase 1 Industrial Area,South Delhi Zone 4,1500,15000,3,8,0,0,0,,63,29.4,91,10.1,877.9,58.5,0
2026-08-13,NODE-016,Hauz Khas Village Cluster,South Delhi Zone 4,450,18000,3,8,0,0,0,,63,29.4,91,10.1,277.3,61.6,0
2026-08-13,NODE-017,Saket Select Citywalk Area,South Delhi Zone 4,900,25000,3,8,0,0,0,,63,29.4,91,10.1,568.3,63.1,0
2026-08-13,NODE-018,Sheikh Sarai Phase 2,South Delhi Zone 4,400,22000,3,8,0,0,0,,63,29.4,91,10.1,258.8,64.7,0
2026-08-13,NODE-019,Kalkaji Main Road Bins,South Delhi Zone 4,600,36000,3,8,0,0,0,,63,29.4,91,10.1,473.7,78.9,0
2026-08-13,NODE-020,Govindpuri Market Cluster,South Delhi Zone 4,550,42000,3,8,0,0,0,,63,29.4,91,10.1,453.5,82.5,0
2026-08-13,NODE-021,Sangam Vihar Block A,South Delhi Zone 4,800,48000,3,8,0,0,0,,63,29.4,91,10.1,704.4,88.1,0
2026-08-13,NODE-022,Madanpur Khadar Bins,South Delhi Zone 4,650,44000,3,8,0,0,0,,63,29.4,91,10.1,540.8,83.2,0
2026-08-13,NODE-023,Jasola Apollo Hospital Area,South Delhi Zone 4,500,20000,3,8,0,0,0,,63,29.4,91,10.1,290.3,58.1,0
2026-08-13,NODE-024,Alaknanda Market Community Bins,South Delhi Zone 4,480,27000,3,8,0,0,0,,63,29.4,91,10.1,327.8,68.3,0
2026-08-13,NODE-025,Pul Prehladpur Cluster,South Delhi Zone 4,700,39000,3,8,0,0,0,,63,29.4,91,10.1,522.3,74.6,0
2026-08-14,NODE-001,Lajpat Nagar Market Bin Cluster,South Delhi Zone 3,800,38000,4,8,0,0,0,,0,33.4,87,0.0,558.4,69.8,0
2026-08-14,NODE-002,Sarojini Nagar Community Bins,South Delhi Zone 3,600,32000,4,8,0,0,0,,0,33.4,87,0.0,409.5,68.3,0
2026-08-14,NODE-003,INA Colony Street Cluster,South Delhi Zone 3,400,25000,4,8,0,0,0,,0,33.4,87,0.0,233.2,58.3,0
2026-08-14,NODE-004,Nehru Place Commercial Hub,South Delhi Zone 3,1200,45000,4,8,0,0,0,,0,33.4,87,0.0,909.4,75.8,0
2026-08-14,NODE-005,Greater Kailash Block N,South Delhi Zone 3,500,20000,4,8,0,0,0,,0,33.4,87,0.0,264.5,52.9,0
2026-08-14,NODE-006,Defence Colony Main Road,South Delhi Zone 3,600,22000,4,8,0,0,0,,0,33.4,87,0.0,315.1,52.5,0
2026-08-14,NODE-007,CR Park Bengali Colony,South Delhi Zone 3,500,28000,4,8,0,0,0,,0,33.4,87,0.0,295.6,59.1,0
2026-08-14,NODE-008,Jangpura Extension Market,South Delhi Zone 3,450,30000,4,8,0,0,0,,0,33.4,87,0.0,278.4,61.9,0
2026-08-14,NODE-009,Bhogal Vegetable Market,South Delhi Zone 3,700,40000,4,8,0,0,0,,0,33.4,87,0.0,493.3,70.5,0
2026-08-14,NODE-010,Andrews Ganj Colony,South Delhi Zone 3,350,18000,4,8,0,0,0,,0,33.4,87,0.0,190.2,54.3,0
2026-08-14,NODE-011,Moolchand Market Cluster,South Delhi Zone 3,550,26000,4,8,0,0,0,,0,33.4,87,0.0,320.3,58.2,0
2026-08-14,NODE-012,Sidhartha Nagar Bins,South Delhi Zone 3,400,35000,4,8,0,0,0,,0,33.4,87,0.0,274.0,68.5,0
2026-08-14,NODE-013,Kotla Mubarakpur Street,South Delhi Zone 3,480,33000,4,8,0,0,0,,0,33.4,87,0.0,325.8,67.9,0
2026-08-14,NODE-014,Malviya Nagar Main Market,South Delhi Zone 4,700,30000,4,8,0,0,0,,0,33.4,87,0.0,419.6,59.9,0
2026-08-14,NODE-015,Okhla Phase 1 Industrial Area,South Delhi Zone 4,1500,15000,4,8,0,0,0,,0,33.4,87,0.0,801.7,53.4,0
2026-08-14,NODE-016,Hauz Khas Village Cluster,South Delhi Zone 4,450,18000,4,8,0,0,0,,0,33.4,87,0.0,249.9,55.5,0
2026-08-14,NODE-017,Saket Select Citywalk Area,South Delhi Zone 4,900,25000,4,8,0,0,0,,0,33.4,87,0.0,526.2,58.5,0
2026-08-14,NODE-018,Sheikh Sarai Phase 2,South Delhi Zone 4,400,22000,4,8,0,0,0,,0,33.4,87,0.0,206.9,51.7,0
2026-08-14,NODE-019,Kalkaji Main Road Bins,South Delhi Zone 4,600,36000,4,8,0,0,0,,0,33.4,87,0.0,377.1,62.9,0
2026-08-14,NODE-020,Govindpuri Market Cluster,South Delhi Zone 4,550,42000,4,8,0,0,0,,0,33.4,87,0.0,402.3,73.2,0
2026-08-14,NODE-021,Sangam Vihar Block A,South Delhi Zone 4,800,48000,4,8,0,0,0,,0,33.4,87,0.0,559.8,70.0,0
2026-08-14,NODE-022,Madanpur Khadar Bins,South Delhi Zone 4,650,44000,4,8,0,0,0,,0,33.4,87,0.0,491.7,75.6,0
2026-08-14,NODE-023,Jasola Apollo Hospital Area,South Delhi Zone 4,500,20000,4,8,0,0,0,,0,33.4,87,0.0,257.5,51.5,0
2026-08-14,NODE-024,Alaknanda Market Community Bins,South Delhi Zone 4,480,27000,4,8,0,0,0,,0,33.4,87,0.0,277.1,57.7,0
2026-08-14,NODE-025,Pul Prehladpur Cluster,South Delhi Zone 4,700,39000,4,8,0,0,0,,0,33.4,87,0.0,463.2,66.2,0
2026-08-15,NODE-001,Lajpat Nagar Market Bin Cluster,South Delhi Zone 3,800,38000,5,8,1,0,1,Independence Day,65,33.5,74,13.2,960.0,120.0,1
2026-08-15,NODE-002,Sarojini Nagar Community Bins,South Delhi Zone 3,600,32000,5,8,1,0,1,Independence Day,65,33.5,74,13.2,719.2,119.9,1
2026-08-15,NODE-003,INA Colony Street Cluster,South Delhi Zone 3,400,25000,5,8,1,0,1,Independence Day,65,33.5,74,13.2,446.0,111.5,1
2026-08-15,NODE-004,Nehru Place Commercial Hub,South Delhi Zone 3,1200,45000,5,8,1,0,1,Independence Day,65,33.5,74,13.2,1440.0,120.0,1
2026-08-15,NODE-005,Greater Kailash Block N,South Delhi Zone 3,500,20000,5,8,1,0,1,Independence Day,65,33.5,74,13.2,539.7,107.9,1
2026-08-15,NODE-006,Defence Colony Main Road,South Delhi Zone 3,600,22000,5,8,1,0,1,Independence Day,65,33.5,74,13.2,654.1,109.0,1
2026-08-15,NODE-007,CR Park Bengali Colony,South Delhi Zone 3,500,28000,5,8,1,0,1,Independence Day,65,33.5,74,13.2,558.0,111.6,1
2026-08-15,NODE-008,Jangpura Extension Market,South Delhi Zone 3,450,30000,5,8,1,0,1,Independence Day,65,33.5,74,13.2,540.0,120.0,1
2026-08-15,NODE-009,Bhogal Vegetable Market,South Delhi Zone 3,700,40000,5,8,1,0,1,Independence Day,65,33.5,74,13.2,840.0,120.0,1
2026-08-15,NODE-010,Andrews Ganj Colony,South Delhi Zone 3,350,18000,5,8,1,0,1,Independence Day,65,33.5,74,13.2,357.8,102.2,1
2026-08-15,NODE-011,Moolchand Market Cluster,South Delhi Zone 3,550,26000,5,8,1,0,1,Independence Day,65,33.5,74,13.2,655.7,119.2,1
2026-08-15,NODE-012,Sidhartha Nagar Bins,South Delhi Zone 3,400,35000,5,8,1,0,1,Independence Day,65,33.5,74,13.2,480.0,120.0,1
2026-08-15,NODE-013,Kotla Mubarakpur Street,South Delhi Zone 3,480,33000,5,8,1,0,1,Independence Day,65,33.5,74,13.2,576.0,120.0,1
2026-08-15,NODE-014,Malviya Nagar Main Market,South Delhi Zone 4,700,30000,5,8,1,0,1,Independence Day,65,33.5,74,13.2,777.2,111.0,1
2026-08-15,NODE-015,Okhla Phase 1 Industrial Area,South Delhi Zone 4,1500,15000,5,8,1,0,1,Independence Day,65,33.5,74,13.2,1437.0,95.8,0
2026-08-15,NODE-016,Hauz Khas Village Cluster,South Delhi Zone 4,450,18000,5,8,1,0,1,Independence Day,65,33.5,74,13.2,453.1,100.7,1
2026-08-15,NODE-017,Saket Select Citywalk Area,South Delhi Zone 4,900,25000,5,8,1,0,1,Independence Day,65,33.5,74,13.2,1057.8,117.5,1
2026-08-15,NODE-018,Sheikh Sarai Phase 2,South Delhi Zone 4,400,22000,5,8,1,0,1,Independence Day,65,33.5,74,13.2,444.6,111.1,1
2026-08-15,NODE-019,Kalkaji Main Road Bins,South Delhi Zone 4,600,36000,5,8,1,0,1,Independence Day,65,33.5,74,13.2,720.0,120.0,1
2026-08-15,NODE-020,Govindpuri Market Cluster,South Delhi Zone 4,550,42000,5,8,1,0,1,Independence Day,65,33.5,74,13.2,660.0,120.0,1
2026-08-15,NODE-021,Sangam Vihar Block A,South Delhi Zone 4,800,48000,5,8,1,0,1,Independence Day,65,33.5,74,13.2,960.0,120.0,1
2026-08-15,NODE-022,Madanpur Khadar Bins,South Delhi Zone 4,650,44000,5,8,1,0,1,Independence Day,65,33.5,74,13.2,780.0,120.0,1
2026-08-15,NODE-023,Jasola Apollo Hospital Area,South Delhi Zone 4,500,20000,5,8,1,0,1,Independence Day,65,33.5,74,13.2,556.0,111.2,1
2026-08-15,NODE-024,Alaknanda Market Community Bins,South Delhi Zone 4,480,27000,5,8,1,0,1,Independence Day,65,33.5,74,13.2,576.0,120.0,1
2026-08-15,NODE-025,Pul Prehladpur Cluster,South Delhi Zone 4,700,39000,5,8,1,0,1,Independence Day,65,33.5,74,13.2,840.0,120.0,1
2026-08-16,NODE-001,Lajpat Nagar Market Bin Cluster,South Delhi Zone 3,800,38000,6,8,1,0,0,,0,33.1,87,0.0,712.0,89.0,0
2026-08-16,NODE-002,Sarojini Nagar Community Bins,South Delhi Zone 3,600,32000,6,8,1,0,0,,0,33.1,87,0.0,506.5,84.4,0
2026-08-16,NODE-003,INA Colony Street Cluster,South Delhi Zone 3,400,25000,6,8,1,0,0,,0,33.1,87,0.0,299.4,74.9,0
2026-08-16,NODE-004,Nehru Place Commercial Hub,South Delhi Zone 3,1200,45000,6,8,1,0,0,,0,33.1,87,0.0,1143.6,95.3,0
2026-08-16,NODE-005,Greater Kailash Block N,South Delhi Zone 3,500,20000,6,8,1,0,0,,0,33.1,87,0.0,362.6,72.5,0
2026-08-16,NODE-006,Defence Colony Main Road,South Delhi Zone 3,600,22000,6,8,1,0,0,,0,33.1,87,0.0,460.2,76.7,0
2026-08-16,NODE-007,CR Park Bengali Colony,South Delhi Zone 3,500,28000,6,8,1,0,0,,0,33.1,87,0.0,373.4,74.7,0
2026-08-16,NODE-008,Jangpura Extension Market,South Delhi Zone 3,450,30000,6,8,1,0,0,,0,33.1,87,0.0,337.9,75.1,0
2026-08-16,NODE-009,Bhogal Vegetable Market,South Delhi Zone 3,700,40000,6,8,1,0,0,,0,33.1,87,0.0,640.4,91.5,0
2026-08-16,NODE-010,Andrews Ganj Colony,South Delhi Zone 3,350,18000,6,8,1,0,0,,0,33.1,87,0.0,224.4,64.1,0
2026-08-16,NODE-011,Moolchand Market Cluster,South Delhi Zone 3,550,26000,6,8,1,0,0,,0,33.1,87,0.0,392.4,71.3,0
2026-08-16,NODE-012,Sidhartha Nagar Bins,South Delhi Zone 3,400,35000,6,8,1,0,0,,0,33.1,87,0.0,336.9,84.2,0
2026-08-16,NODE-013,Kotla Mubarakpur Street,South Delhi Zone 3,480,33000,6,8,1,0,0,,0,33.1,87,0.0,386.3,80.5,0
2026-08-16,NODE-014,Malviya Nagar Main Market,South Delhi Zone 4,700,30000,6,8,1,0,0,,0,33.1,87,0.0,547.8,78.3,0
2026-08-16,NODE-015,Okhla Phase 1 Industrial Area,South Delhi Zone 4,1500,15000,6,8,1,0,0,,0,33.1,87,0.0,977.5,65.2,0
2026-08-16,NODE-016,Hauz Khas Village Cluster,South Delhi Zone 4,450,18000,6,8,1,0,0,,0,33.1,87,0.0,285.8,63.5,0
2026-08-16,NODE-017,Saket Select Citywalk Area,South Delhi Zone 4,900,25000,6,8,1,0,0,,0,33.1,87,0.0,677.7,75.3,0
2026-08-16,NODE-018,Sheikh Sarai Phase 2,South Delhi Zone 4,400,22000,6,8,1,0,0,,0,33.1,87,0.0,274.4,68.6,0
2026-08-16,NODE-019,Kalkaji Main Road Bins,South Delhi Zone 4,600,36000,6,8,1,0,0,,0,33.1,87,0.0,496.2,82.7,0
2026-08-16,NODE-020,Govindpuri Market Cluster,South Delhi Zone 4,550,42000,6,8,1,0,0,,0,33.1,87,0.0,516.3,93.9,0
2026-08-16,NODE-021,Sangam Vihar Block A,South Delhi Zone 4,800,48000,6,8,1,0,0,,0,33.1,87,0.0,708.6,88.6,0
2026-08-16,NODE-022,Madanpur Khadar Bins,South Delhi Zone 4,650,44000,6,8,1,0,0,,0,33.1,87,0.0,569.6,87.6,0
2026-08-16,NODE-023,Jasola Apollo Hospital Area,South Delhi Zone 4,500,20000,6,8,1,0,0,,0,33.1,87,0.0,337.4,67.5,0
2026-08-16,NODE-024,Alaknanda Market Community Bins,South Delhi Zone 4,480,27000,6,8,1,0,0,,0,33.1,87,0.0,339.7,70.8,0
2026-08-16,NODE-025,Pul Prehladpur Cluster,South Delhi Zone 4,700,39000,6,8,1,0,0,,0,33.1,87,0.0,658.0,94.0,0
2026-08-17,NODE-001,Lajpat Nagar Market Bin Cluster,South Delhi Zone 3,800,38000,0,8,0,1,0,,61,33.3,80,36.6,691.0,86.4,0
2026-08-17,NODE-002,Sarojini Nagar Community Bins,South Delhi Zone 3,600,32000,0,8,0,1,0,,61,33.3,80,36.6,446.9,74.5,0
2026-08-17,NODE-003,INA Colony Street Cluster,South Delhi Zone 3,400,25000,0,8,0,1,0,,61,33.3,80,36.6,302.7,75.7,0
2026-08-17,NODE-004,Nehru Place Commercial Hub,South Delhi Zone 3,1200,45000,0,8,0,1,0,,61,33.3,80,36.6,1113.3,92.8,0
2026-08-17,NODE-005,Greater Kailash Block N,South Delhi Zone 3,500,20000,0,8,0,1,0,,61,33.3,80,36.6,367.2,73.4,0
2026-08-17,NODE-006,Defence Colony Main Road,South Delhi Zone 3,600,22000,0,8,0,1,0,,61,33.3,80,36.6,423.6,70.6,0
2026-08-17,NODE-007,CR Park Bengali Colony,South Delhi Zone 3,500,28000,0,8,0,1,0,,61,33.3,80,36.6,398.0,79.6,0
2026-08-17,NODE-008,Jangpura Extension Market,South Delhi Zone 3,450,30000,0,8,0,1,0,,61,33.3,80,36.6,332.0,73.8,0
2026-08-17,NODE-009,Bhogal Vegetable Market,South Delhi Zone 3,700,40000,0,8,0,1,0,,61,33.3,80,36.6,617.5,88.2,0
2026-08-17,NODE-010,Andrews Ganj Colony,South Delhi Zone 3,350,18000,0,8,0,1,0,,61,33.3,80,36.6,229.2,65.5,0
2026-08-17,NODE-011,Moolchand Market Cluster,South Delhi Zone 3,550,26000,0,8,0,1,0,,61,33.3,80,36.6,398.2,72.4,0
2026-08-17,NODE-012,Sidhartha Nagar Bins,South Delhi Zone 3,400,35000,0,8,0,1,0,,61,33.3,80,36.6,351.6,87.9,0
2026-08-17,NODE-013,Kotla Mubarakpur Street,South Delhi Zone 3,480,33000,0,8,0,1,0,,61,33.3,80,36.6,398.5,83.0,0
2026-08-17,NODE-014,Malviya Nagar Main Market,South Delhi Zone 4,700,30000,0,8,0,1,0,,61,33.3,80,36.6,531.4,75.9,0
2026-08-17,NODE-015,Okhla Phase 1 Industrial Area,South Delhi Zone 4,1500,15000,0,8,0,1,0,,61,33.3,80,36.6,923.3,61.6,0
2026-08-17,NODE-016,Hauz Khas Village Cluster,South Delhi Zone 4,450,18000,0,8,0,1,0,,61,33.3,80,36.6,320.9,71.3,0
2026-08-17,NODE-017,Saket Select Citywalk Area,South Delhi Zone 4,900,25000,0,8,0,1,0,,61,33.3,80,36.6,671.6,74.6,0
2026-08-17,NODE-018,Sheikh Sarai Phase 2,South Delhi Zone 4,400,22000,0,8,0,1,0,,61,33.3,80,36.6,280.3,70.1,0
2026-08-17,NODE-019,Kalkaji Main Road Bins,South Delhi Zone 4,600,36000,0,8,0,1,0,,61,33.3,80,36.6,507.6,84.6,0
2026-08-17,NODE-020,Govindpuri Market Cluster,South Delhi Zone 4,550,42000,0,8,0,1,0,,61,33.3,80,36.6,512.3,93.1,0
2026-08-17,NODE-021,Sangam Vihar Block A,South Delhi Zone 4,800,48000,0,8,0,1,0,,61,33.3,80,36.6,756.9,94.6,0
2026-08-17,NODE-022,Madanpur Khadar Bins,South Delhi Zone 4,650,44000,0,8,0,1,0,,61,33.3,80,36.6,557.7,85.8,0
2026-08-17,NODE-023,Jasola Apollo Hospital Area,South Delhi Zone 4,500,20000,0,8,0,1,0,,61,33.3,80,36.6,333.8,66.8,0
2026-08-17,NODE-024,Alaknanda Market Community Bins,South Delhi Zone 4,480,27000,0,8,0,1,0,,61,33.3,80,36.6,345.7,72.0,0
2026-08-17,NODE-025,Pul Prehladpur Cluster,South Delhi Zone 4,700,39000,0,8,0,1,0,,61,33.3,80,36.6,620.4,88.6,0
2026-08-18,NODE-001,Lajpat Nagar Market Bin Cluster,South Delhi Zone 3,800,38000,1,8,0,0,0,,95,30.0,66,32.3,593.3,74.2,0
2026-08-18,NODE-002,Sarojini Nagar Community Bins,South Delhi Zone 3,600,32000,1,8,0,0,0,,95,30.0,66,32.3,455.8,76.0,0
2026-08-18,NODE-003,INA Colony Street Cluster,South Delhi Zone 3,400,25000,1,8,0,0,0,,95,30.0,66,32.3,279.6,69.9,0
2026-08-18,NODE-004,Nehru Place Commercial Hub,South Delhi Zone 3,1200,45000,1,8,0,0,0,,95,30.0,66,32.3,969.8,80.8,0
2026-08-18,NODE-005,Greater Kailash Block N,South Delhi Zone 3,500,20000,1,8,0,0,0,,95,30.0,66,32.3,306.9,61.4,0
2026-08-18,NODE-006,Defence Colony Main Road,South Delhi Zone 3,600,22000,1,8,0,0,0,,95,30.0,66,32.3,363.0,60.5,0
2026-08-18,NODE-007,CR Park Bengali Colony,South Delhi Zone 3,500,28000,1,8,0,0,0,,95,30.0,66,32.3,361.3,72.3,0
2026-08-18,NODE-008,Jangpura Extension Market,South Delhi Zone 3,450,30000,1,8,0,0,0,,95,30.0,66,32.3,328.9,73.1,0
2026-08-18,NODE-009,Bhogal Vegetable Market,South Delhi Zone 3,700,40000,1,8,0,0,0,,95,30.0,66,32.3,535.4,76.5,0
2026-08-18,NODE-010,Andrews Ganj Colony,South Delhi Zone 3,350,18000,1,8,0,0,0,,95,30.0,66,32.3,217.5,62.1,0
2026-08-18,NODE-011,Moolchand Market Cluster,South Delhi Zone 3,550,26000,1,8,0,0,0,,95,30.0,66,32.3,360.4,65.5,0
2026-08-18,NODE-012,Sidhartha Nagar Bins,South Delhi Zone 3,400,35000,1,8,0,0,0,,95,30.0,66,32.3,273.6,68.4,0
2026-08-18,NODE-013,Kotla Mubarakpur Street,South Delhi Zone 3,480,33000,1,8,0,0,0,,95,30.0,66,32.3,368.0,76.7,0
2026-08-18,NODE-014,Malviya Nagar Main Market,South Delhi Zone 4,700,30000,1,8,0,0,0,,95,30.0,66,32.3,462.7,66.1,0
2026-08-18,NODE-015,Okhla Phase 1 Industrial Area,South Delhi Zone 4,1500,15000,1,8,0,0,0,,95,30.0,66,32.3,852.5,56.8,0
2026-08-18,NODE-016,Hauz Khas Village Cluster,South Delhi Zone 4,450,18000,1,8,0,0,0,,95,30.0,66,32.3,285.8,63.5,0
2026-08-18,NODE-017,Saket Select Citywalk Area,South Delhi Zone 4,900,25000,1,8,0,0,0,,95,30.0,66,32.3,556.0,61.8,0
2026-08-18,NODE-018,Sheikh Sarai Phase 2,South Delhi Zone 4,400,22000,1,8,0,0,0,,95,30.0,66,32.3,269.0,67.3,0
2026-08-18,NODE-019,Kalkaji Main Road Bins,South Delhi Zone 4,600,36000,1,8,0,0,0,,95,30.0,66,32.3,450.5,75.1,0
2026-08-18,NODE-020,Govindpuri Market Cluster,South Delhi Zone 4,550,42000,1,8,0,0,0,,95,30.0,66,32.3,404.1,73.5,0
2026-08-18,NODE-021,Sangam Vihar Block A,South Delhi Zone 4,800,48000,1,8,0,0,0,,95,30.0,66,32.3,612.8,76.6,0
2026-08-18,NODE-022,Madanpur Khadar Bins,South Delhi Zone 4,650,44000,1,8,0,0,0,,95,30.0,66,32.3,544.0,83.7,0
2026-08-18,NODE-023,Jasola Apollo Hospital Area,South Delhi Zone 4,500,20000,1,8,0,0,0,,95,30.0,66,32.3,318.2,63.6,0
2026-08-18,NODE-024,Alaknanda Market Community Bins,South Delhi Zone 4,480,27000,1,8,0,0,0,,95,30.0,66,32.3,340.1,70.9,0
2026-08-18,NODE-025,Pul Prehladpur Cluster,South Delhi Zone 4,700,39000,1,8,0,0,0,,95,30.0,66,32.3,533.8,76.3,0
2026-08-19,NODE-001,Lajpat Nagar Market Bin Cluster,South Delhi Zone 3,800,38000,2,8,0,0,0,,0,32.3,87,0.0,578.4,72.3,0
2026-08-19,NODE-002,Sarojini Nagar Community Bins,South Delhi Zone 3,600,32000,2,8,0,0,0,,0,32.3,87,0.0,396.3,66.0,0
2026-08-19,NODE-003,INA Colony Street Cluster,South Delhi Zone 3,400,25000,2,8,0,0,0,,0,32.3,87,0.0,230.6,57.7,0
2026-08-19,NODE-004,Nehru Place Commercial Hub,South Delhi Zone 3,1200,45000,2,8,0,0,0,,0,32.3,87,0.0,926.7,77.2,0
2026-08-19,NODE-005,Greater Kailash Block N,South Delhi Zone 3,500,20000,2,8,0,0,0,,0,32.3,87,0.0,253.6,50.7,0
2026-08-19,NODE-006,Defence Colony Main Road,South Delhi Zone 3,600,22000,2,8,0,0,0,,0,32.3,87,0.0,345.8,57.6,0
2026-08-19,NODE-007,CR Park Bengali Colony,South Delhi Zone 3,500,28000,2,8,0,0,0,,0,32.3,87,0.0,279.6,55.9,0
2026-08-19,NODE-008,Jangpura Extension Market,South Delhi Zone 3,450,30000,2,8,0,0,0,,0,32.3,87,0.0,289.0,64.2,0
2026-08-19,NODE-009,Bhogal Vegetable Market,South Delhi Zone 3,700,40000,2,8,0,0,0,,0,32.3,87,0.0,451.8,64.5,0
2026-08-19,NODE-010,Andrews Ganj Colony,South Delhi Zone 3,350,18000,2,8,0,0,0,,0,32.3,87,0.0,172.6,49.3,0
2026-08-19,NODE-011,Moolchand Market Cluster,South Delhi Zone 3,550,26000,2,8,0,0,0,,0,32.3,87,0.0,307.9,56.0,0
2026-08-19,NODE-012,Sidhartha Nagar Bins,South Delhi Zone 3,400,35000,2,8,0,0,0,,0,32.3,87,0.0,253.1,63.3,0
2026-08-19,NODE-013,Kotla Mubarakpur Street,South Delhi Zone 3,480,33000,2,8,0,0,0,,0,32.3,87,0.0,287.7,59.9,0
2026-08-19,NODE-014,Malviya Nagar Main Market,South Delhi Zone 4,700,30000,2,8,0,0,0,,0,32.3,87,0.0,456.8,65.3,0
2026-08-19,NODE-015,Okhla Phase 1 Industrial Area,South Delhi Zone 4,1500,15000,2,8,0,0,0,,0,32.3,87,0.0,809.4,54.0,0
2026-08-19,NODE-016,Hauz Khas Village Cluster,South Delhi Zone 4,450,18000,2,8,0,0,0,,0,32.3,87,0.0,234.6,52.1,0
2026-08-19,NODE-017,Saket Select Citywalk Area,South Delhi Zone 4,900,25000,2,8,0,0,0,,0,32.3,87,0.0,520.2,57.8,0
2026-08-19,NODE-018,Sheikh Sarai Phase 2,South Delhi Zone 4,400,22000,2,8,0,0,0,,0,32.3,87,0.0,220.5,55.1,0
2026-08-19,NODE-019,Kalkaji Main Road Bins,South Delhi Zone 4,600,36000,2,8,0,0,0,,0,32.3,87,0.0,388.1,64.7,0
2026-08-19,NODE-020,Govindpuri Market Cluster,South Delhi Zone 4,550,42000,2,8,0,0,0,,0,32.3,87,0.0,384.7,70.0,0
2026-08-19,NODE-021,Sangam Vihar Block A,South Delhi Zone 4,800,48000,2,8,0,0,0,,0,32.3,87,0.0,552.1,69.0,0
2026-08-19,NODE-022,Madanpur Khadar Bins,South Delhi Zone 4,650,44000,2,8,0,0,0,,0,32.3,87,0.0,435.4,67.0,0
2026-08-19,NODE-023,Jasola Apollo Hospital Area,South Delhi Zone 4,500,20000,2,8,0,0,0,,0,32.3,87,0.0,281.8,56.4,0
2026-08-19,NODE-024,Alaknanda Market Community Bins,South Delhi Zone 4,480,27000,2,8,0,0,0,,0,32.3,87,0.0,266.9,55.6,0
2026-08-19,NODE-025,Pul Prehladpur Cluster,South Delhi Zone 4,700,39000,2,8,0,0,0,,0,32.3,87,0.0,501.5,71.6,0
2026-08-20,NODE-001,Lajpat Nagar Market Bin Cluster,South Delhi Zone 3,800,38000,3,8,0,0,0,,0,34.8,76,0.0,582.7,72.8,0
2026-08-20,NODE-002,Sarojini Nagar Community Bins,South Delhi Zone 3,600,32000,3,8,0,0,0,,0,34.8,76,0.0,357.5,59.6,0
2026-08-20,NODE-003,INA Colony Street Cluster,South Delhi Zone 3,400,25000,3,8,0,0,0,,0,34.8,76,0.0,243.7,60.9,0
2026-08-20,NODE-004,Nehru Place Commercial Hub,South Delhi Zone 3,1200,45000,3,8,0,0,0,,0,34.8,76,0.0,854.0,71.2,0
2026-08-20,NODE-005,Greater Kailash Block N,South Delhi Zone 3,500,20000,3,8,0,0,0,,0,34.8,76,0.0,254.2,50.8,0
2026-08-20,NODE-006,Defence Colony Main Road,South Delhi Zone 3,600,22000,3,8,0,0,0,,0,34.8,76,0.0,350.1,58.3,0
2026-08-20,NODE-007,CR Park Bengali Colony,South Delhi Zone 3,500,28000,3,8,0,0,0,,0,34.8,76,0.0,299.7,59.9,0
2026-08-20,NODE-008,Jangpura Extension Market,South Delhi Zone 3,450,30000,3,8,0,0,0,,0,34.8,76,0.0,274.6,61.0,0
2026-08-20,NODE-009,Bhogal Vegetable Market,South Delhi Zone 3,700,40000,3,8,0,0,0,,0,34.8,76,0.0,500.4,71.5,0
2026-08-20,NODE-010,Andrews Ganj Colony,South Delhi Zone 3,350,18000,3,8,0,0,0,,0,34.8,76,0.0,184.4,52.7,0
2026-08-20,NODE-011,Moolchand Market Cluster,South Delhi Zone 3,550,26000,3,8,0,0,0,,0,34.8,76,0.0,326.3,59.3,0
2026-08-20,NODE-012,Sidhartha Nagar Bins,South Delhi Zone 3,400,35000,3,8,0,0,0,,0,34.8,76,0.0,248.2,62.0,0
2026-08-20,NODE-013,Kotla Mubarakpur Street,South Delhi Zone 3,480,33000,3,8,0,0,0,,0,34.8,76,0.0,303.5,63.2,0
2026-08-20,NODE-014,Malviya Nagar Main Market,South Delhi Zone 4,700,30000,3,8,0,0,0,,0,34.8,76,0.0,455.1,65.0,0
2026-08-20,NODE-015,Okhla Phase 1 Industrial Area,South Delhi Zone 4,1500,15000,3,8,0,0,0,,0,34.8,76,0.0,765.1,51.0,0
2026-08-20,NODE-016,Hauz Khas Village Cluster,South Delhi Zone 4,450,18000,3,8,0,0,0,,0,34.8,76,0.0,255.7,56.8,0
2026-08-20,NODE-017,Saket Select Citywalk Area,South Delhi Zone 4,900,25000,3,8,0,0,0,,0,34.8,76,0.0,494.4,54.9,0
2026-08-20,NODE-018,Sheikh Sarai Phase 2,South Delhi Zone 4,400,22000,3,8,0,0,0,,0,34.8,76,0.0,230.2,57.6,0
2026-08-20,NODE-019,Kalkaji Main Road Bins,South Delhi Zone 4,600,36000,3,8,0,0,0,,0,34.8,76,0.0,426.3,71.1,0
2026-08-20,NODE-020,Govindpuri Market Cluster,South Delhi Zone 4,550,42000,3,8,0,0,0,,0,34.8,76,0.0,410.2,74.6,0
2026-08-20,NODE-021,Sangam Vihar Block A,South Delhi Zone 4,800,48000,3,8,0,0,0,,0,34.8,76,0.0,609.6,76.2,0
2026-08-20,NODE-022,Madanpur Khadar Bins,South Delhi Zone 4,650,44000,3,8,0,0,0,,0,34.8,76,0.0,463.2,71.3,0
2026-08-20,NODE-023,Jasola Apollo Hospital Area,South Delhi Zone 4,500,20000,3,8,0,0,0,,0,34.8,76,0.0,291.8,58.4,0
2026-08-20,NODE-024,Alaknanda Market Community Bins,South Delhi Zone 4,480,27000,3,8,0,0,0,,0,34.8,76,0.0,289.4,60.3,0
2026-08-20,NODE-025,Pul Prehladpur Cluster,South Delhi Zone 4,700,39000,3,8,0,0,0,,0,34.8,76,0.0,486.7,69.5,0
2026-08-21,NODE-001,Lajpat Nagar Market Bin Cluster,South Delhi Zone 3,800,38000,4,8,0,0,0,,0,28.0,84,0.0,536.1,67.0,0
2026-08-21,NODE-002,Sarojini Nagar Community Bins,South Delhi Zone 3,600,32000,4,8,0,0,0,,0,28.0,84,0.0,384.4,64.1,0
2026-08-21,NODE-003,INA Colony Street Cluster,South Delhi Zone 3,400,25000,4,8,0,0,0,,0,28.0,84,0.0,217.6,54.4,0
2026-08-21,NODE-004,Nehru Place Commercial Hub,South Delhi Zone 3,1200,45000,4,8,0,0,0,,0,28.0,84,0.0,841.1,70.1,0
2026-08-21,NODE-005,Greater Kailash Block N,South Delhi Zone 3,500,20000,4,8,0,0,0,,0,28.0,84,0.0,282.7,56.5,0
2026-08-21,NODE-006,Defence Colony Main Road,South Delhi Zone 3,600,22000,4,8,0,0,0,,0,28.0,84,0.0,348.0,58.0,0
2026-08-21,NODE-007,CR Park Bengali Colony,South Delhi Zone 3,500,28000,4,8,0,0,0,,0,28.0,84,0.0,288.7,57.7,0
2026-08-21,NODE-008,Jangpura Extension Market,South Delhi Zone 3,450,30000,4,8,0,0,0,,0,28.0,84,0.0,297.4,66.1,0
2026-08-21,NODE-009,Bhogal Vegetable Market,South Delhi Zone 3,700,40000,4,8,0,0,0,,0,28.0,84,0.0,515.3,73.6,0
2026-08-21,NODE-010,Andrews Ganj Colony,South Delhi Zone 3,350,18000,4,8,0,0,0,,0,28.0,84,0.0,174.6,49.9,0
2026-08-21,NODE-011,Moolchand Market Cluster,South Delhi Zone 3,550,26000,4,8,0,0,0,,0,28.0,84,0.0,308.2,56.0,0
2026-08-21,NODE-012,Sidhartha Nagar Bins,South Delhi Zone 3,400,35000,4,8,0,0,0,,0,28.0,84,0.0,268.4,67.1,0
2026-08-21,NODE-013,Kotla Mubarakpur Street,South Delhi Zone 3,480,33000,4,8,0,0,0,,0,28.0,84,0.0,296.7,61.8,0
2026-08-21,NODE-014,Malviya Nagar Main Market,South Delhi Zone 4,700,30000,4,8,0,0,0,,0,28.0,84,0.0,407.7,58.2,0
2026-08-21,NODE-015,Okhla Phase 1 Industrial Area,South Delhi Zone 4,1500,15000,4,8,0,0,0,,0,28.0,84,0.0,780.3,52.0,0
2026-08-21,NODE-016,Hauz Khas Village Cluster,South Delhi Zone 4,450,18000,4,8,0,0,0,,0,28.0,84,0.0,240.7,53.5,0
2026-08-21,NODE-017,Saket Select Citywalk Area,South Delhi Zone 4,900,25000,4,8,0,0,0,,0,28.0,84,0.0,486.9,54.1,0
2026-08-21,NODE-018,Sheikh Sarai Phase 2,South Delhi Zone 4,400,22000,4,8,0,0,0,,0,28.0,84,0.0,232.9,58.2,0
2026-08-21,NODE-019,Kalkaji Main Road Bins,South Delhi Zone 4,600,36000,4,8,0,0,0,,0,28.0,84,0.0,431.2,71.9,0
2026-08-21,NODE-020,Govindpuri Market Cluster,South Delhi Zone 4,550,42000,4,8,0,0,0,,0,28.0,84,0.0,394.7,71.8,0
2026-08-21,NODE-021,Sangam Vihar Block A,South Delhi Zone 4,800,48000,4,8,0,0,0,,0,28.0,84,0.0,601.6,75.2,0
2026-08-21,NODE-022,Madanpur Khadar Bins,South Delhi Zone 4,650,44000,4,8,0,0,0,,0,28.0,84,0.0,440.5,67.8,0
2026-08-21,NODE-023,Jasola Apollo Hospital Area,South Delhi Zone 4,500,20000,4,8,0,0,0,,0,28.0,84,0.0,279.7,55.9,0
2026-08-21,NODE-024,Alaknanda Market Community Bins,South Delhi Zone 4,480,27000,4,8,0,0,0,,0,28.0,84,0.0,275.5,57.4,0
2026-08-21,NODE-025,Pul Prehladpur Cluster,South Delhi Zone 4,700,39000,4,8,0,0,0,,0,28.0,84,0.0,459.1,65.6,0
2026-08-22,NODE-001,Lajpat Nagar Market Bin Cluster,South Delhi Zone 3,800,38000,5,8,1,0,0,,61,35.6,76,10.1,798.4,99.8,1
2026-08-22,NODE-002,Sarojini Nagar Community Bins,South Delhi Zone 3,600,32000,5,8,1,0,0,,61,35.6,76,10.1,510.2,85.0,0
2026-08-22,NODE-003,INA Colony Street Cluster,South Delhi Zone 3,400,25000,5,8,1,0,0,,61,35.6,76,10.1,339.3,84.8,0
2026-08-22,NODE-004,Nehru Place Commercial Hub,South Delhi Zone 3,1200,45000,5,8,1,0,0,,61,35.6,76,10.1,1340.7,111.7,1
2026-08-22,NODE-005,Greater Kailash Block N,South Delhi Zone 3,500,20000,5,8,1,0,0,,61,35.6,76,10.1,377.6,75.5,0
2026-08-22,NODE-006,Defence Colony Main Road,South Delhi Zone 3,600,22000,5,8,1,0,0,,61,35.6,76,10.1,475.9,79.3,0
2026-08-22,NODE-007,CR Park Bengali Colony,South Delhi Zone 3,500,28000,5,8,1,0,0,,61,35.6,76,10.1,440.5,88.1,0
2026-08-22,NODE-008,Jangpura Extension Market,South Delhi Zone 3,450,30000,5,8,1,0,0,,61,35.6,76,10.1,386.6,85.9,0
2026-08-22,NODE-009,Bhogal Vegetable Market,South Delhi Zone 3,700,40000,5,8,1,0,0,,61,35.6,76,10.1,706.3,100.9,1
2026-08-22,NODE-010,Andrews Ganj Colony,South Delhi Zone 3,350,18000,5,8,1,0,0,,61,35.6,76,10.1,267.4,76.4,0
2026-08-22,NODE-011,Moolchand Market Cluster,South Delhi Zone 3,550,26000,5,8,1,0,0,,61,35.6,76,10.1,453.7,82.5,0
2026-08-22,NODE-012,Sidhartha Nagar Bins,South Delhi Zone 3,400,35000,5,8,1,0,0,,61,35.6,76,10.1,365.4,91.3,0
2026-08-22,NODE-013,Kotla Mubarakpur Street,South Delhi Zone 3,480,33000,5,8,1,0,0,,61,35.6,76,10.1,436.2,90.9,0
2026-08-22,NODE-014,Malviya Nagar Main Market,South Delhi Zone 4,700,30000,5,8,1,0,0,,61,35.6,76,10.1,571.5,81.6,0
2026-08-22,NODE-015,Okhla Phase 1 Industrial Area,South Delhi Zone 4,1500,15000,5,8,1,0,0,,61,35.6,76,10.1,1040.9,69.4,0
2026-08-22,NODE-016,Hauz Khas Village Cluster,South Delhi Zone 4,450,18000,5,8,1,0,0,,61,35.6,76,10.1,325.0,72.2,0
2026-08-22,NODE-017,Saket Select Citywalk Area,South Delhi Zone 4,900,25000,5,8,1,0,0,,61,35.6,76,10.1,777.7,86.4,0
2026-08-22,NODE-018,Sheikh Sarai Phase 2,South Delhi Zone 4,400,22000,5,8,1,0,0,,61,35.6,76,10.1,316.6,79.1,0
2026-08-22,NODE-019,Kalkaji Main Road Bins,South Delhi Zone 4,600,36000,5,8,1,0,0,,61,35.6,76,10.1,602.3,100.4,1
2026-08-22,NODE-020,Govindpuri Market Cluster,South Delhi Zone 4,550,42000,5,8,1,0,0,,61,35.6,76,10.1,526.8,95.8,0
2026-08-22,NODE-021,Sangam Vihar Block A,South Delhi Zone 4,800,48000,5,8,1,0,0,,61,35.6,76,10.1,871.3,108.9,1
2026-08-22,NODE-022,Madanpur Khadar Bins,South Delhi Zone 4,650,44000,5,8,1,0,0,,61,35.6,76,10.1,716.3,110.2,1
2026-08-22,NODE-023,Jasola Apollo Hospital Area,South Delhi Zone 4,500,20000,5,8,1,0,0,,61,35.6,76,10.1,386.6,77.3,0
2026-08-22,NODE-024,Alaknanda Market Community Bins,South Delhi Zone 4,480,27000,5,8,1,0,0,,61,35.6,76,10.1,400.7,83.5,0
2026-08-22,NODE-025,Pul Prehladpur Cluster,South Delhi Zone 4,700,39000,5,8,1,0,0,,61,35.6,76,10.1,667.8,95.4,0
2026-08-23,NODE-001,Lajpat Nagar Market Bin Cluster,South Delhi Zone 3,800,38000,6,8,1,0,0,,61,29.4,84,8.3,751.7,94.0,0
2026-08-23,NODE-002,Sarojini Nagar Community Bins,South Delhi Zone 3,600,32000,6,8,1,0,0,,61,29.4,84,8.3,573.5,95.6,0
2026-08-23,NODE-003,INA Colony Street Cluster,South Delhi Zone 3,400,25000,6,8,1,0,0,,61,29.4,84,8.3,353.7,88.4,0
2026-08-23,NODE-004,Nehru Place Commercial Hub,South Delhi Zone 3,1200,45000,6,8,1,0,0,,61,29.4,84,8.3,1198.8,99.9,1
2026-08-23,NODE-005,Greater Kailash Block N,South Delhi Zone 3,500,20000,6,8,1,0,0,,61,29.4,84,8.3,403.4,80.7,0
2026-08-23,NODE-006,Defence Colony Main Road,South Delhi Zone 3,600,22000,6,8,1,0,0,,61,29.4,84,8.3,489.5,81.6,0
2026-08-23,NODE-007,CR Park Bengali Colony,South Delhi Zone 3,500,28000,6,8,1,0,0,,61,29.4,84,8.3,448.2,89.6,0
2026-08-23,NODE-008,Jangpura Extension Market,South Delhi Zone 3,450,30000,6,8,1,0,0,,61,29.4,84,8.3,424.0,94.2,0
2026-08-23,NODE-009,Bhogal Vegetable Market,South Delhi Zone 3,700,40000,6,8,1,0,0,,61,29.4,84,8.3,735.9,105.1,1
2026-08-23,NODE-010,Andrews Ganj Colony,South Delhi Zone 3,350,18000,6,8,1,0,0,,61,29.4,84,8.3,270.2,77.2,0
2026-08-23,NODE-011,Moolchand Market Cluster,South Delhi Zone 3,550,26000,6,8,1,0,0,,61,29.4,84,8.3,486.9,88.5,0
2026-08-23,NODE-012,Sidhartha Nagar Bins,South Delhi Zone 3,400,35000,6,8,1,0,0,,61,29.4,84,8.3,381.2,95.3,0
2026-08-23,NODE-013,Kotla Mubarakpur Street,South Delhi Zone 3,480,33000,6,8,1,0,0,,61,29.4,84,8.3,460.3,95.9,0
2026-08-23,NODE-014,Malviya Nagar Main Market,South Delhi Zone 4,700,30000,6,8,1,0,0,,61,29.4,84,8.3,592.1,84.6,0
2026-08-23,NODE-015,Okhla Phase 1 Industrial Area,South Delhi Zone 4,1500,15000,6,8,1,0,0,,61,29.4,84,8.3,1004.6,67.0,0
2026-08-23,NODE-016,Hauz Khas Village Cluster,South Delhi Zone 4,450,18000,6,8,1,0,0,,61,29.4,84,8.3,327.2,72.7,0
2026-08-23,NODE-017,Saket Select Citywalk Area,South Delhi Zone 4,900,25000,6,8,1,0,0,,61,29.4,84,8.3,796.2,88.5,0
2026-08-23,NODE-018,Sheikh Sarai Phase 2,South Delhi Zone 4,400,22000,6,8,1,0,0,,61,29.4,84,8.3,321.9,80.5,0
2026-08-23,NODE-019,Kalkaji Main Road Bins,South Delhi Zone 4,600,36000,6,8,1,0,0,,61,29.4,84,8.3,585.3,97.5,0
2026-08-23,NODE-020,Govindpuri Market Cluster,South Delhi Zone 4,550,42000,6,8,1,0,0,,61,29.4,84,8.3,528.1,96.0,0
2026-08-23,NODE-021,Sangam Vihar Block A,South Delhi Zone 4,800,48000,6,8,1,0,0,,61,29.4,84,8.3,825.6,103.2,1
2026-08-23,NODE-022,Madanpur Khadar Bins,South Delhi Zone 4,650,44000,6,8,1,0,0,,61,29.4,84,8.3,717.7,110.4,1
2026-08-23,NODE-023,Jasola Apollo Hospital Area,South Delhi Zone 4,500,20000,6,8,1,0,0,,61,29.4,84,8.3,394.5,78.9,0
2026-08-23,NODE-024,Alaknanda Market Community Bins,South Delhi Zone 4,480,27000,6,8,1,0,0,,61,29.4,84,8.3,433.3,90.3,0
2026-08-23,NODE-025,Pul Prehladpur Cluster,South Delhi Zone 4,700,39000,6,8,1,0,0,,61,29.4,84,8.3,648.9,92.7,0
2026-08-24,NODE-001,Lajpat Nagar Market Bin Cluster,South Delhi Zone 3,800,38000,0,8,0,1,0,,61,28.7,76,25.1,703.4,87.9,0
2026-08-24,NODE-002,Sarojini Nagar Community Bins,South Delhi Zone 3,600,32000,0,8,0,1,0,,61,28.7,76,25.1,506.4,84.4,0
2026-08-24,NODE-003,INA Colony Street Cluster,South Delhi Zone 3,400,25000,0,8,0,1,0,,61,28.7,76,25.1,307.3,76.8,0
2026-08-24,NODE-004,Nehru Place Commercial Hub,South Delhi Zone 3,1200,45000,0,8,0,1,0,,61,28.7,76,25.1,1129.0,94.1,0
2026-08-24,NODE-005,Greater Kailash Block N,South Delhi Zone 3,500,20000,0,8,0,1,0,,61,28.7,76,25.1,323.9,64.8,0
2026-08-24,NODE-006,Defence Colony Main Road,South Delhi Zone 3,600,22000,0,8,0,1,0,,61,28.7,76,25.1,423.1,70.5,0
2026-08-24,NODE-007,CR Park Bengali Colony,South Delhi Zone 3,500,28000,0,8,0,1,0,,61,28.7,76,25.1,377.3,75.5,0
2026-08-24,NODE-008,Jangpura Extension Market,South Delhi Zone 3,450,30000,0,8,0,1,0,,61,28.7,76,25.1,333.1,74.0,0
2026-08-24,NODE-009,Bhogal Vegetable Market,South Delhi Zone 3,700,40000,0,8,0,1,0,,61,28.7,76,25.1,657.3,93.9,0
2026-08-24,NODE-010,Andrews Ganj Colony,South Delhi Zone 3,350,18000,0,8,0,1,0,,61,28.7,76,25.1,238.8,68.2,0
2026-08-24,NODE-011,Moolchand Market Cluster,South Delhi Zone 3,550,26000,0,8,0,1,0,,61,28.7,76,25.1,438.6,79.7,0
2026-08-24,NODE-012,Sidhartha Nagar Bins,South Delhi Zone 3,400,35000,0,8,0,1,0,,61,28.7,76,25.1,343.8,85.9,0
2026-08-24,NODE-013,Kotla Mubarakpur Street,South Delhi Zone 3,480,33000,0,8,0,1,0,,61,28.7,76,25.1,387.3,80.7,0
2026-08-24,NODE-014,Malviya Nagar Main Market,South Delhi Zone 4,700,30000,0,8,0,1,0,,61,28.7,76,25.1,533.8,76.3,0
2026-08-24,NODE-015,Okhla Phase 1 Industrial Area,South Delhi Zone 4,1500,15000,0,8,0,1,0,,61,28.7,76,25.1,911.8,60.8,0
2026-08-24,NODE-016,Hauz Khas Village Cluster,South Delhi Zone 4,450,18000,0,8,0,1,0,,61,28.7,76,25.1,298.8,66.4,0
2026-08-24,NODE-017,Saket Select Citywalk Area,South Delhi Zone 4,900,25000,0,8,0,1,0,,61,28.7,76,25.1,613.0,68.1,0
2026-08-24,NODE-018,Sheikh Sarai Phase 2,South Delhi Zone 4,400,22000,0,8,0,1,0,,61,28.7,76,25.1,275.6,68.9,0
2026-08-24,NODE-019,Kalkaji Main Road Bins,South Delhi Zone 4,600,36000,0,8,0,1,0,,61,28.7,76,25.1,465.9,77.6,0
2026-08-24,NODE-020,Govindpuri Market Cluster,South Delhi Zone 4,550,42000,0,8,0,1,0,,61,28.7,76,25.1,469.3,85.3,0
2026-08-24,NODE-021,Sangam Vihar Block A,South Delhi Zone 4,800,48000,0,8,0,1,0,,61,28.7,76,25.1,787.4,98.4,1
2026-08-24,NODE-022,Madanpur Khadar Bins,South Delhi Zone 4,650,44000,0,8,0,1,0,,61,28.7,76,25.1,581.2,89.4,0
2026-08-24,NODE-023,Jasola Apollo Hospital Area,South Delhi Zone 4,500,20000,0,8,0,1,0,,61,28.7,76,25.1,340.6,68.1,0
2026-08-24,NODE-024,Alaknanda Market Community Bins,South Delhi Zone 4,480,27000,0,8,0,1,0,,61,28.7,76,25.1,358.1,74.6,0
2026-08-24,NODE-025,Pul Prehladpur Cluster,South Delhi Zone 4,700,39000,0,8,0,1,0,,61,28.7,76,25.1,562.5,80.4,0
2026-08-25,NODE-001,Lajpat Nagar Market Bin Cluster,South Delhi Zone 3,800,38000,1,8,0,0,0,,95,30.6,87,43.7,623.8,78.0,0
2026-08-25,NODE-002,Sarojini Nagar Community Bins,South Delhi Zone 3,600,32000,1,8,0,0,0,,95,30.6,87,43.7,411.8,68.6,0
2026-08-25,NODE-003,INA Colony Street Cluster,South Delhi Zone 3,400,25000,1,8,0,0,0,,95,30.6,87,43.7,271.1,67.8,0
2026-08-25,NODE-004,Nehru Place Commercial Hub,South Delhi Zone 3,1200,45000,1,8,0,0,0,,95,30.6,87,43.7,1000.3,83.4,0
2026-08-25,NODE-005,Greater Kailash Block N,South Delhi Zone 3,500,20000,1,8,0,0,0,,95,30.6,87,43.7,308.3,61.7,0
2026-08-25,NODE-006,Defence Colony Main Road,South Delhi Zone 3,600,22000,1,8,0,0,0,,95,30.6,87,43.7,368.7,61.4,0
2026-08-25,NODE-007,CR Park Bengali Colony,South Delhi Zone 3,500,28000,1,8,0,0,0,,95,30.6,87,43.7,332.4,66.5,0
2026-08-25,NODE-008,Jangpura Extension Market,South Delhi Zone 3,450,30000,1,8,0,0,0,,95,30.6,87,43.7,317.2,70.5,0
2026-08-25,NODE-009,Bhogal Vegetable Market,South Delhi Zone 3,700,40000,1,8,0,0,0,,95,30.6,87,43.7,581.2,83.0,0
2026-08-25,NODE-010,Andrews Ganj Colony,South Delhi Zone 3,350,18000,1,8,0,0,0,,95,30.6,87,43.7,193.4,55.3,0
2026-08-25,NODE-011,Moolchand Market Cluster,South Delhi Zone 3,550,26000,1,8,0,0,0,,95,30.6,87,43.7,349.1,63.5,0
2026-08-25,NODE-012,Sidhartha Nagar Bins,South Delhi Zone 3,400,35000,1,8,0,0,0,,95,30.6,87,43.7,317.5,79.4,0
2026-08-25,NODE-013,Kotla Mubarakpur Street,South Delhi Zone 3,480,33000,1,8,0,0,0,,95,30.6,87,43.7,330.6,68.9,0
2026-08-25,NODE-014,Malviya Nagar Main Market,South Delhi Zone 4,700,30000,1,8,0,0,0,,95,30.6,87,43.7,479.3,68.5,0
2026-08-25,NODE-015,Okhla Phase 1 Industrial Area,South Delhi Zone 4,1500,15000,1,8,0,0,0,,95,30.6,87,43.7,893.8,59.6,0
2026-08-25,NODE-016,Hauz Khas Village Cluster,South Delhi Zone 4,450,18000,1,8,0,0,0,,95,30.6,87,43.7,260.1,57.8,0
2026-08-25,NODE-017,Saket Select Citywalk Area,South Delhi Zone 4,900,25000,1,8,0,0,0,,95,30.6,87,43.7,614.7,68.3,0
2026-08-25,NODE-018,Sheikh Sarai Phase 2,South Delhi Zone 4,400,22000,1,8,0,0,0,,95,30.6,87,43.7,266.3,66.6,0
2026-08-25,NODE-019,Kalkaji Main Road Bins,South Delhi Zone 4,600,36000,1,8,0,0,0,,95,30.6,87,43.7,412.5,68.7,0
2026-08-25,NODE-020,Govindpuri Market Cluster,South Delhi Zone 4,550,42000,1,8,0,0,0,,95,30.6,87,43.7,465.5,84.6,0
2026-08-25,NODE-021,Sangam Vihar Block A,South Delhi Zone 4,800,48000,1,8,0,0,0,,95,30.6,87,43.7,652.2,81.5,0
2026-08-25,NODE-022,Madanpur Khadar Bins,South Delhi Zone 4,650,44000,1,8,0,0,0,,95,30.6,87,43.7,506.7,77.9,0
2026-08-25,NODE-023,Jasola Apollo Hospital Area,South Delhi Zone 4,500,20000,1,8,0,0,0,,95,30.6,87,43.7,305.6,61.1,0
2026-08-25,NODE-024,Alaknanda Market Community Bins,South Delhi Zone 4,480,27000,1,8,0,0,0,,95,30.6,87,43.7,310.1,64.6,0
2026-08-25,NODE-025,Pul Prehladpur Cluster,South Delhi Zone 4,700,39000,1,8,0,0,0,,95,30.6,87,43.7,510.1,72.9,0
2026-08-26,NODE-001,Lajpat Nagar Market Bin Cluster,South Delhi Zone 3,800,38000,2,8,0,0,0,,0,32.8,91,0.0,512.0,64.0,0
2026-08-26,NODE-002,Sarojini Nagar Community Bins,South Delhi Zone 3,600,32000,2,8,0,0,0,,0,32.8,91,0.0,365.1,60.8,0
2026-08-26,NODE-003,INA Colony Street Cluster,South Delhi Zone 3,400,25000,2,8,0,0,0,,0,32.8,91,0.0,244.6,61.2,0
2026-08-26,NODE-004,Nehru Place Commercial Hub,South Delhi Zone 3,1200,45000,2,8,0,0,0,,0,32.8,91,0.0,913.1,76.1,0
2026-08-26,NODE-005,Greater Kailash Block N,South Delhi Zone 3,500,20000,2,8,0,0,0,,0,32.8,91,0.0,271.4,54.3,0
2026-08-26,NODE-006,Defence Colony Main Road,South Delhi Zone 3,600,22000,2,8,0,0,0,,0,32.8,91,0.0,334.7,55.8,0
2026-08-26,NODE-007,CR Park Bengali Colony,South Delhi Zone 3,500,28000,2,8,0,0,0,,0,32.8,91,0.0,288.7,57.7,0
2026-08-26,NODE-008,Jangpura Extension Market,South Delhi Zone 3,450,30000,2,8,0,0,0,,0,32.8,91,0.0,264.2,58.7,0
2026-08-26,NODE-009,Bhogal Vegetable Market,South Delhi Zone 3,700,40000,2,8,0,0,0,,0,32.8,91,0.0,513.8,73.4,0
2026-08-26,NODE-010,Andrews Ganj Colony,South Delhi Zone 3,350,18000,2,8,0,0,0,,0,32.8,91,0.0,171.1,48.9,0
2026-08-26,NODE-011,Moolchand Market Cluster,South Delhi Zone 3,550,26000,2,8,0,0,0,,0,32.8,91,0.0,300.9,54.7,0
2026-08-26,NODE-012,Sidhartha Nagar Bins,South Delhi Zone 3,400,35000,2,8,0,0,0,,0,32.8,91,0.0,266.6,66.7,0
2026-08-26,NODE-013,Kotla Mubarakpur Street,South Delhi Zone 3,480,33000,2,8,0,0,0,,0,32.8,91,0.0,292.1,60.9,0
2026-08-26,NODE-014,Malviya Nagar Main Market,South Delhi Zone 4,700,30000,2,8,0,0,0,,0,32.8,91,0.0,443.5,63.4,0
2026-08-26,NODE-015,Okhla Phase 1 Industrial Area,South Delhi Zone 4,1500,15000,2,8,0,0,0,,0,32.8,91,0.0,703.5,46.9,0
2026-08-26,NODE-016,Hauz Khas Village Cluster,South Delhi Zone 4,450,18000,2,8,0,0,0,,0,32.8,91,0.0,240.9,53.5,0
2026-08-26,NODE-017,Saket Select Citywalk Area,South Delhi Zone 4,900,25000,2,8,0,0,0,,0,32.8,91,0.0,487.0,54.1,0
2026-08-26,NODE-018,Sheikh Sarai Phase 2,South Delhi Zone 4,400,22000,2,8,0,0,0,,0,32.8,91,0.0,215.2,53.8,0
2026-08-26,NODE-019,Kalkaji Main Road Bins,South Delhi Zone 4,600,36000,2,8,0,0,0,,0,32.8,91,0.0,379.4,63.2,0
2026-08-26,NODE-020,Govindpuri Market Cluster,South Delhi Zone 4,550,42000,2,8,0,0,0,,0,32.8,91,0.0,420.4,76.4,0
2026-08-26,NODE-021,Sangam Vihar Block A,South Delhi Zone 4,800,48000,2,8,0,0,0,,0,32.8,91,0.0,597.3,74.7,0
2026-08-26,NODE-022,Madanpur Khadar Bins,South Delhi Zone 4,650,44000,2,8,0,0,0,,0,32.8,91,0.0,477.6,73.5,0
2026-08-26,NODE-023,Jasola Apollo Hospital Area,South Delhi Zone 4,500,20000,2,8,0,0,0,,0,32.8,91,0.0,251.3,50.3,0
2026-08-26,NODE-024,Alaknanda Market Community Bins,South Delhi Zone 4,480,27000,2,8,0,0,0,,0,32.8,91,0.0,297.0,61.9,0
2026-08-26,NODE-025,Pul Prehladpur Cluster,South Delhi Zone 4,700,39000,2,8,0,0,0,,0,32.8,91,0.0,495.0,70.7,0
2026-08-27,NODE-001,Lajpat Nagar Market Bin Cluster,South Delhi Zone 3,800,38000,3,8,0,0,1,Raksha Bandhan,0,28.7,79,0.0,748.7,93.6,0
2026-08-27,NODE-002,Sarojini Nagar Community Bins,South Delhi Zone 3,600,32000,3,8,0,0,1,Raksha Bandhan,0,28.7,79,0.0,512.7,85.5,0
2026-08-27,NODE-003,INA Colony Street Cluster,South Delhi Zone 3,400,25000,3,8,0,0,1,Raksha Bandhan,0,28.7,79,0.0,313.7,78.4,0
2026-08-27,NODE-004,Nehru Place Commercial Hub,South Delhi Zone 3,1200,45000,3,8,0,0,1,Raksha Bandhan,0,28.7,79,0.0,1137.2,94.8,0
2026-08-27,NODE-005,Greater Kailash Block N,South Delhi Zone 3,500,20000,3,8,0,0,1,Raksha Bandhan,0,28.7,79,0.0,362.3,72.5,0
2026-08-27,NODE-006,Defence Colony Main Road,South Delhi Zone 3,600,22000,3,8,0,0,1,Raksha Bandhan,0,28.7,79,0.0,427.4,71.2,0
2026-08-27,NODE-007,CR Park Bengali Colony,South Delhi Zone 3,500,28000,3,8,0,0,1,Raksha Bandhan,0,28.7,79,0.0,414.1,82.8,0
2026-08-27,NODE-008,Jangpura Extension Market,South Delhi Zone 3,450,30000,3,8,0,0,1,Raksha Bandhan,0,28.7,79,0.0,393.2,87.4,0
2026-08-27,NODE-009,Bhogal Vegetable Market,South Delhi Zone 3,700,40000,3,8,0,0,1,Raksha Bandhan,0,28.7,79,0.0,671.5,95.9,0
2026-08-27,NODE-010,Andrews Ganj Colony,South Delhi Zone 3,350,18000,3,8,0,0,1,Raksha Bandhan,0,28.7,79,0.0,250.5,71.6,0
2026-08-27,NODE-011,Moolchand Market Cluster,South Delhi Zone 3,550,26000,3,8,0,0,1,Raksha Bandhan,0,28.7,79,0.0,414.9,75.4,0
2026-08-27,NODE-012,Sidhartha Nagar Bins,South Delhi Zone 3,400,35000,3,8,0,0,1,Raksha Bandhan,0,28.7,79,0.0,366.3,91.6,0
2026-08-27,NODE-013,Kotla Mubarakpur Street,South Delhi Zone 3,480,33000,3,8,0,0,1,Raksha Bandhan,0,28.7,79,0.0,445.2,92.7,0
2026-08-27,NODE-014,Malviya Nagar Main Market,South Delhi Zone 4,700,30000,3,8,0,0,1,Raksha Bandhan,0,28.7,79,0.0,595.6,85.1,0
2026-08-27,NODE-015,Okhla Phase 1 Industrial Area,South Delhi Zone 4,1500,15000,3,8,0,0,1,Raksha Bandhan,0,28.7,79,0.0,954.6,63.6,0
2026-08-27,NODE-016,Hauz Khas Village Cluster,South Delhi Zone 4,450,18000,3,8,0,0,1,Raksha Bandhan,0,28.7,79,0.0,315.2,70.0,0
2026-08-27,NODE-017,Saket Select Citywalk Area,South Delhi Zone 4,900,25000,3,8,0,0,1,Raksha Bandhan,0,28.7,79,0.0,666.2,74.0,0
2026-08-27,NODE-018,Sheikh Sarai Phase 2,South Delhi Zone 4,400,22000,3,8,0,0,1,Raksha Bandhan,0,28.7,79,0.0,278.9,69.7,0
2026-08-27,NODE-019,Kalkaji Main Road Bins,South Delhi Zone 4,600,36000,3,8,0,0,1,Raksha Bandhan,0,28.7,79,0.0,541.7,90.3,0
2026-08-27,NODE-020,Govindpuri Market Cluster,South Delhi Zone 4,550,42000,3,8,0,0,1,Raksha Bandhan,0,28.7,79,0.0,563.4,102.4,1
2026-08-27,NODE-021,Sangam Vihar Block A,South Delhi Zone 4,800,48000,3,8,0,0,1,Raksha Bandhan,0,28.7,79,0.0,817.2,102.2,1
2026-08-27,NODE-022,Madanpur Khadar Bins,South Delhi Zone 4,650,44000,3,8,0,0,1,Raksha Bandhan,0,28.7,79,0.0,671.6,103.3,1
2026-08-27,NODE-023,Jasola Apollo Hospital Area,South Delhi Zone 4,500,20000,3,8,0,0,1,Raksha Bandhan,0,28.7,79,0.0,373.7,74.7,0
2026-08-27,NODE-024,Alaknanda Market Community Bins,South Delhi Zone 4,480,27000,3,8,0,0,1,Raksha Bandhan,0,28.7,79,0.0,367.4,76.5,0
2026-08-27,NODE-025,Pul Prehladpur Cluster,South Delhi Zone 4,700,39000,3,8,0,0,1,Raksha Bandhan,0,28.7,79,0.0,693.2,99.0,1
2026-08-28,NODE-001,Lajpat Nagar Market Bin Cluster,South Delhi Zone 3,800,38000,4,8,0,0,0,,61,35.0,82,25.1,573.4,71.7,0
2026-08-28,NODE-002,Sarojini Nagar Community Bins,South Delhi Zone 3,600,32000,4,8,0,0,0,,61,35.0,82,25.1,426.1,71.0,0
2026-08-28,NODE-003,INA Colony Street Cluster,South Delhi Zone 3,400,25000,4,8,0,0,0,,61,35.0,82,25.1,245.5,61.4,0
2026-08-28,NODE-004,Nehru Place Commercial Hub,South Delhi Zone 3,1200,45000,4,8,0,0,0,,61,35.0,82,25.1,1004.2,83.7,0
2026-08-28,NODE-005,Greater Kailash Block N,South Delhi Zone 3,500,20000,4,8,0,0,0,,61,35.0,82,25.1,320.9,64.2,0
2026-08-28,NODE-006,Defence Colony Main Road,South Delhi Zone 3,600,22000,4,8,0,0,0,,61,35.0,82,25.1,400.0,66.7,0
2026-08-28,NODE-007,CR Park Bengali Colony,South Delhi Zone 3,500,28000,4,8,0,0,0,,61,35.0,82,25.1,353.9,70.8,0
2026-08-28,NODE-008,Jangpura Extension Market,South Delhi Zone 3,450,30000,4,8,0,0,0,,61,35.0,82,25.1,320.3,71.2,0
2026-08-28,NODE-009,Bhogal Vegetable Market,South Delhi Zone 3,700,40000,4,8,0,0,0,,61,35.0,82,25.1,548.3,78.3,0
2026-08-28,NODE-010,Andrews Ganj Colony,South Delhi Zone 3,350,18000,4,8,0,0,0,,61,35.0,82,25.1,203.1,58.0,0
2026-08-28,NODE-011,Moolchand Market Cluster,South Delhi Zone 3,550,26000,4,8,0,0,0,,61,35.0,82,25.1,337.0,61.3,0
2026-08-28,NODE-012,Sidhartha Nagar Bins,South Delhi Zone 3,400,35000,4,8,0,0,0,,61,35.0,82,25.1,296.5,74.1,0
2026-08-28,NODE-013,Kotla Mubarakpur Street,South Delhi Zone 3,480,33000,4,8,0,0,0,,61,35.0,82,25.1,331.0,69.0,0
2026-08-28,NODE-014,Malviya Nagar Main Market,South Delhi Zone 4,700,30000,4,8,0,0,0,,61,35.0,82,25.1,510.1,72.9,0
2026-08-28,NODE-015,Okhla Phase 1 Industrial Area,South Delhi Zone 4,1500,15000,4,8,0,0,0,,61,35.0,82,25.1,890.0,59.3,0
2026-08-28,NODE-016,Hauz Khas Village Cluster,South Delhi Zone 4,450,18000,4,8,0,0,0,,61,35.0,82,25.1,261.6,58.1,0
2026-08-28,NODE-017,Saket Select Citywalk Area,South Delhi Zone 4,900,25000,4,8,0,0,0,,61,35.0,82,25.1,595.6,66.2,0
2026-08-28,NODE-018,Sheikh Sarai Phase 2,South Delhi Zone 4,400,22000,4,8,0,0,0,,61,35.0,82,25.1,260.4,65.1,0
2026-08-28,NODE-019,Kalkaji Main Road Bins,South Delhi Zone 4,600,36000,4,8,0,0,0,,61,35.0,82,25.1,466.6,77.8,0
2026-08-28,NODE-020,Govindpuri Market Cluster,South Delhi Zone 4,550,42000,4,8,0,0,0,,61,35.0,82,25.1,452.5,82.3,0
2026-08-28,NODE-021,Sangam Vihar Block A,South Delhi Zone 4,800,48000,4,8,0,0,0,,61,35.0,82,25.1,616.2,77.0,0
2026-08-28,NODE-022,Madanpur Khadar Bins,South Delhi Zone 4,650,44000,4,8,0,0,0,,61,35.0,82,25.1,498.5,76.7,0
2026-08-28,NODE-023,Jasola Apollo Hospital Area,South Delhi Zone 4,500,20000,4,8,0,0,0,,61,35.0,82,25.1,303.8,60.8,0
2026-08-28,NODE-024,Alaknanda Market Community Bins,South Delhi Zone 4,480,27000,4,8,0,0,0,,61,35.0,82,25.1,307.6,64.1,0
2026-08-28,NODE-025,Pul Prehladpur Cluster,South Delhi Zone 4,700,39000,4,8,0,0,0,,61,35.0,82,25.1,571.4,81.6,0
2026-08-29,NODE-001,Lajpat Nagar Market Bin Cluster,South Delhi Zone 3,800,38000,5,8,1,0,0,,0,35.0,78,0.0,668.6,83.6,0
2026-08-29,NODE-002,Sarojini Nagar Community Bins,South Delhi Zone 3,600,32000,5,8,1,0,0,,0,35.0,78,0.0,448.2,74.7,0
2026-08-29,NODE-003,INA Colony Street Cluster,South Delhi Zone 3,400,25000,5,8,1,0,0,,0,35.0,78,0.0,308.8,77.2,0
2026-08-29,NODE-004,Nehru Place Commercial Hub,South Delhi Zone 3,1200,45000,5,8,1,0,0,,0,35.0,78,0.0,1036.3,86.4,0
2026-08-29,NODE-005,Greater Kailash Block N,South Delhi Zone 3,500,20000,5,8,1,0,0,,0,35.0,78,0.0,348.5,69.7,0
2026-08-29,NODE-006,Defence Colony Main Road,South Delhi Zone 3,600,22000,5,8,1,0,0,,0,35.0,78,0.0,429.7,71.6,0
2026-08-29,NODE-007,CR Park Bengali Colony,South Delhi Zone 3,500,28000,5,8,1,0,0,,0,35.0,78,0.0,378.4,75.7,0
2026-08-29,NODE-008,Jangpura Extension Market,South Delhi Zone 3,450,30000,5,8,1,0,0,,0,35.0,78,0.0,339.5,75.4,0
2026-08-29,NODE-009,Bhogal Vegetable Market,South Delhi Zone 3,700,40000,5,8,1,0,0,,0,35.0,78,0.0,652.5,93.2,0
2026-08-29,NODE-010,Andrews Ganj Colony,South Delhi Zone 3,350,18000,5,8,1,0,0,,0,35.0,78,0.0,232.8,66.5,0
2026-08-29,NODE-011,Moolchand Market Cluster,South Delhi Zone 3,550,26000,5,8,1,0,0,,0,35.0,78,0.0,388.0,70.5,0
2026-08-29,NODE-012,Sidhartha Nagar Bins,South Delhi Zone 3,400,35000,5,8,1,0,0,,0,35.0,78,0.0,332.1,83.0,0
2026-08-29,NODE-013,Kotla Mubarakpur Street,South Delhi Zone 3,480,33000,5,8,1,0,0,,0,35.0,78,0.0,399.4,83.2,0
2026-08-29,NODE-014,Malviya Nagar Main Market,South Delhi Zone 4,700,30000,5,8,1,0,0,,0,35.0,78,0.0,533.0,76.1,0
2026-08-29,NODE-015,Okhla Phase 1 Industrial Area,South Delhi Zone 4,1500,15000,5,8,1,0,0,,0,35.0,78,0.0,974.3,65.0,0
2026-08-29,NODE-016,Hauz Khas Village Cluster,South Delhi Zone 4,450,18000,5,8,1,0,0,,0,35.0,78,0.0,306.9,68.2,0
2026-08-29,NODE-017,Saket Select Citywalk Area,South Delhi Zone 4,900,25000,5,8,1,0,0,,0,35.0,78,0.0,680.7,75.6,0
2026-08-29,NODE-018,Sheikh Sarai Phase 2,South Delhi Zone 4,400,22000,5,8,1,0,0,,0,35.0,78,0.0,308.0,77.0,0
2026-08-29,NODE-019,Kalkaji Main Road Bins,South Delhi Zone 4,600,36000,5,8,1,0,0,,0,35.0,78,0.0,501.6,83.6,0
2026-08-29,NODE-020,Govindpuri Market Cluster,South Delhi Zone 4,550,42000,5,8,1,0,0,,0,35.0,78,0.0,475.9,86.5,0
2026-08-29,NODE-021,Sangam Vihar Block A,South Delhi Zone 4,800,48000,5,8,1,0,0,,0,35.0,78,0.0,756.3,94.5,0
2026-08-29,NODE-022,Madanpur Khadar Bins,South Delhi Zone 4,650,44000,5,8,1,0,0,,0,35.0,78,0.0,608.6,93.6,0
2026-08-29,NODE-023,Jasola Apollo Hospital Area,South Delhi Zone 4,500,20000,5,8,1,0,0,,0,35.0,78,0.0,329.4,65.9,0
2026-08-29,NODE-024,Alaknanda Market Community Bins,South Delhi Zone 4,480,27000,5,8,1,0,0,,0,35.0,78,0.0,369.5,77.0,0
2026-08-29,NODE-025,Pul Prehladpur Cluster,South Delhi Zone 4,700,39000,5,8,1,0,0,,0,35.0,78,0.0,613.8,87.7,0
2026-08-30,NODE-001,Lajpat Nagar Market Bin Cluster,South Delhi Zone 3,800,38000,6,8,1,0,0,,95,32.6,89,33.2,808.4,101.1,1
2026-08-30,NODE-002,Sarojini Nagar Community Bins,South Delhi Zone 3,600,32000,6,8,1,0,0,,95,32.6,89,33.2,576.0,96.0,0
2026-08-30,NODE-003,INA Colony Street Cluster,South Delhi Zone 3,400,25000,6,8,1,0,0,,95,32.6,89,33.2,341.4,85.3,0
2026-08-30,NODE-004,Nehru Place Commercial Hub,South Delhi Zone 3,1200,45000,6,8,1,0,0,,95,32.6,89,33.2,1310.0,109.2,1
2026-08-30,NODE-005,Greater Kailash Block N,South Delhi Zone 3,500,20000,6,8,1,0,0,,95,32.6,89,33.2,385.6,77.1,0
2026-08-30,NODE-006,Defence Colony Main Road,South Delhi Zone 3,600,22000,6,8,1,0,0,,95,32.6,89,33.2,495.0,82.5,0
2026-08-30,NODE-007,CR Park Bengali Colony,South Delhi Zone 3,500,28000,6,8,1,0,0,,95,32.6,89,33.2,409.0,81.8,0
2026-08-30,NODE-008,Jangpura Extension Market,South Delhi Zone 3,450,30000,6,8,1,0,0,,95,32.6,89,33.2,380.8,84.6,0
2026-08-30,NODE-009,Bhogal Vegetable Market,South Delhi Zone 3,700,40000,6,8,1,0,0,,95,32.6,89,33.2,685.8,98.0,1
2026-08-30,NODE-010,Andrews Ganj Colony,South Delhi Zone 3,350,18000,6,8,1,0,0,,95,32.6,89,33.2,257.8,73.6,0
2026-08-30,NODE-011,Moolchand Market Cluster,South Delhi Zone 3,550,26000,6,8,1,0,0,,95,32.6,89,33.2,467.5,85.0,0
2026-08-30,NODE-012,Sidhartha Nagar Bins,South Delhi Zone 3,400,35000,6,8,1,0,0,,95,32.6,89,33.2,388.3,97.1,0
2026-08-30,NODE-013,Kotla Mubarakpur Street,South Delhi Zone 3,480,33000,6,8,1,0,0,,95,32.6,89,33.2,455.9,95.0,0
2026-08-30,NODE-014,Malviya Nagar Main Market,South Delhi Zone 4,700,30000,6,8,1,0,0,,95,32.6,89,33.2,587.0,83.9,0
2026-08-30,NODE-015,Okhla Phase 1 Industrial Area,South Delhi Zone 4,1500,15000,6,8,1,0,0,,95,32.6,89,33.2,1165.6,77.7,0
2026-08-30,NODE-016,Hauz Khas Village Cluster,South Delhi Zone 4,450,18000,6,8,1,0,0,,95,32.6,89,33.2,313.3,69.6,0
2026-08-30,NODE-017,Saket Select Citywalk Area,South Delhi Zone 4,900,25000,6,8,1,0,0,,95,32.6,89,33.2,700.0,77.8,0
2026-08-30,NODE-018,Sheikh Sarai Phase 2,South Delhi Zone 4,400,22000,6,8,1,0,0,,95,32.6,89,33.2,301.7,75.4,0
2026-08-30,NODE-019,Kalkaji Main Road Bins,South Delhi Zone 4,600,36000,6,8,1,0,0,,95,32.6,89,33.2,610.1,101.7,1
2026-08-30,NODE-020,Govindpuri Market Cluster,South Delhi Zone 4,550,42000,6,8,1,0,0,,95,32.6,89,33.2,553.7,100.7,1
2026-08-30,NODE-021,Sangam Vihar Block A,South Delhi Zone 4,800,48000,6,8,1,0,0,,95,32.6,89,33.2,781.4,97.7,0
2026-08-30,NODE-022,Madanpur Khadar Bins,South Delhi Zone 4,650,44000,6,8,1,0,0,,95,32.6,89,33.2,645.4,99.3,1
2026-08-30,NODE-023,Jasola Apollo Hospital Area,South Delhi Zone 4,500,20000,6,8,1,0,0,,95,32.6,89,33.2,362.8,72.6,0
2026-08-30,NODE-024,Alaknanda Market Community Bins,South Delhi Zone 4,480,27000,6,8,1,0,0,,95,32.6,89,33.2,379.6,79.1,0
2026-08-30,NODE-025,Pul Prehladpur Cluster,South Delhi Zone 4,700,39000,6,8,1,0,0,,95,32.6,89,33.2,676.5,96.6,0
2026-08-31,NODE-001,Lajpat Nagar Market Bin Cluster,South Delhi Zone 3,800,38000,0,8,0,1,0,,95,32.9,81,16.5,736.4,92.0,0
2026-08-31,NODE-002,Sarojini Nagar Community Bins,South Delhi Zone 3,600,32000,0,8,0,1,0,,95,32.9,81,16.5,445.7,74.3,0
2026-08-31,NODE-003,INA Colony Street Cluster,South Delhi Zone 3,400,25000,0,8,0,1,0,,95,32.9,81,16.5,305.8,76.4,0
2026-08-31,NODE-004,Nehru Place Commercial Hub,South Delhi Zone 3,1200,45000,0,8,0,1,0,,95,32.9,81,16.5,1051.2,87.6,0
2026-08-31,NODE-005,Greater Kailash Block N,South Delhi Zone 3,500,20000,0,8,0,1,0,,95,32.9,81,16.5,341.9,68.4,0
2026-08-31,NODE-006,Defence Colony Main Road,South Delhi Zone 3,600,22000,0,8,0,1,0,,95,32.9,81,16.5,389.1,64.9,0
2026-08-31,NODE-007,CR Park Bengali Colony,South Delhi Zone 3,500,28000,0,8,0,1,0,,95,32.9,81,16.5,401.9,80.4,0
2026-08-31,NODE-008,Jangpura Extension Market,South Delhi Zone 3,450,30000,0,8,0,1,0,,95,32.9,81,16.5,375.3,83.4,0
2026-08-31,NODE-009,Bhogal Vegetable Market,South Delhi Zone 3,700,40000,0,8,0,1,0,,95,32.9,81,16.5,615.0,87.9,0
2026-08-31,NODE-010,Andrews Ganj Colony,South Delhi Zone 3,350,18000,0,8,0,1,0,,95,32.9,81,16.5,221.5,63.3,0
2026-08-31,NODE-011,Moolchand Market Cluster,South Delhi Zone 3,550,26000,0,8,0,1,0,,95,32.9,81,16.5,426.6,77.6,0
2026-08-31,NODE-012,Sidhartha Nagar Bins,South Delhi Zone 3,400,35000,0,8,0,1,0,,95,32.9,81,16.5,331.8,83.0,0
2026-08-31,NODE-013,Kotla Mubarakpur Street,South Delhi Zone 3,480,33000,0,8,0,1,0,,95,32.9,81,16.5,400.7,83.5,0
2026-08-31,NODE-014,Malviya Nagar Main Market,South Delhi Zone 4,700,30000,0,8,0,1,0,,95,32.9,81,16.5,556.3,79.5,0
2026-08-31,NODE-015,Okhla Phase 1 Industrial Area,South Delhi Zone 4,1500,15000,0,8,0,1,0,,95,32.9,81,16.5,981.4,65.4,0
2026-08-31,NODE-016,Hauz Khas Village Cluster,South Delhi Zone 4,450,18000,0,8,0,1,0,,95,32.9,81,16.5,292.7,65.0,0
2026-08-31,NODE-017,Saket Select Citywalk Area,South Delhi Zone 4,900,25000,0,8,0,1,0,,95,32.9,81,16.5,675.5,75.1,0
2026-08-31,NODE-018,Sheikh Sarai Phase 2,South Delhi Zone 4,400,22000,0,8,0,1,0,,95,32.9,81,16.5,302.9,75.7,0
2026-08-31,NODE-019,Kalkaji Main Road Bins,South Delhi Zone 4,600,36000,0,8,0,1,0,,95,32.9,81,16.5,469.4,78.2,0
2026-08-31,NODE-020,Govindpuri Market Cluster,South Delhi Zone 4,550,42000,0,8,0,1,0,,95,32.9,81,16.5,474.7,86.3,0
2026-08-31,NODE-021,Sangam Vihar Block A,South Delhi Zone 4,800,48000,0,8,0,1,0,,95,32.9,81,16.5,727.3,90.9,0
2026-08-31,NODE-022,Madanpur Khadar Bins,South Delhi Zone 4,650,44000,0,8,0,1,0,,95,32.9,81,16.5,610.5,93.9,0
2026-08-31,NODE-023,Jasola Apollo Hospital Area,South Delhi Zone 4,500,20000,0,8,0,1,0,,95,32.9,81,16.5,337.0,67.4,0
2026-08-31,NODE-024,Alaknanda Market Community Bins,South Delhi Zone 4,480,27000,0,8,0,1,0,,95,32.9,81,16.5,343.4,71.5,0
2026-08-31,NODE-025,Pul Prehladpur Cluster,South Delhi Zone 4,700,39000,0,8,0,1,0,,95,32.9,81,16.5,559.5,79.9,0
2026-09-01,NODE-001,Lajpat Nagar Market Bin Cluster,South Delhi Zone 3,800,38000,1,9,0,0,0,,63,35.4,82,16.4,643.0,80.4,0
2026-09-01,NODE-002,Sarojini Nagar Community Bins,South Delhi Zone 3,600,32000,1,9,0,0,0,,63,35.4,82,16.4,455.7,76.0,0
2026-09-01,NODE-003,INA Colony Street Cluster,South Delhi Zone 3,400,25000,1,9,0,0,0,,63,35.4,82,16.4,254.6,63.7,0
2026-09-01,NODE-004,Nehru Place Commercial Hub,South Delhi Zone 3,1200,45000,1,9,0,0,0,,63,35.4,82,16.4,1061.1,88.4,0
2026-09-01,NODE-005,Greater Kailash Block N,South Delhi Zone 3,500,20000,1,9,0,0,0,,63,35.4,82,16.4,294.0,58.8,0
2026-09-01,NODE-006,Defence Colony Main Road,South Delhi Zone 3,600,22000,1,9,0,0,0,,63,35.4,82,16.4,382.5,63.8,0
2026-09-01,NODE-007,CR Park Bengali Colony,South Delhi Zone 3,500,28000,1,9,0,0,0,,63,35.4,82,16.4,322.5,64.5,0
2026-09-01,NODE-008,Jangpura Extension Market,South Delhi Zone 3,450,30000,1,9,0,0,0,,63,35.4,82,16.4,334.3,74.3,0
2026-09-01,NODE-009,Bhogal Vegetable Market,South Delhi Zone 3,700,40000,1,9,0,0,0,,63,35.4,82,16.4,552.9,79.0,0
2026-09-01,NODE-010,Andrews Ganj Colony,South Delhi Zone 3,350,18000,1,9,0,0,0,,63,35.4,82,16.4,199.5,57.0,0
2026-09-01,NODE-011,Moolchand Market Cluster,South Delhi Zone 3,550,26000,1,9,0,0,0,,63,35.4,82,16.4,358.1,65.1,0
2026-09-01,NODE-012,Sidhartha Nagar Bins,South Delhi Zone 3,400,35000,1,9,0,0,0,,63,35.4,82,16.4,276.5,69.1,0
2026-09-01,NODE-013,Kotla Mubarakpur Street,South Delhi Zone 3,480,33000,1,9,0,0,0,,63,35.4,82,16.4,322.3,67.1,0
2026-09-01,NODE-014,Malviya Nagar Main Market,South Delhi Zone 4,700,30000,1,9,0,0,0,,63,35.4,82,16.4,470.6,67.2,0
2026-09-01,NODE-015,Okhla Phase 1 Industrial Area,South Delhi Zone 4,1500,15000,1,9,0,0,0,,63,35.4,82,16.4,911.5,60.8,0
2026-09-01,NODE-016,Hauz Khas Village Cluster,South Delhi Zone 4,450,18000,1,9,0,0,0,,63,35.4,82,16.4,279.6,62.1,0
2026-09-01,NODE-017,Saket Select Citywalk Area,South Delhi Zone 4,900,25000,1,9,0,0,0,,63,35.4,82,16.4,630.1,70.0,0
2026-09-01,NODE-018,Sheikh Sarai Phase 2,South Delhi Zone 4,400,22000,1,9,0,0,0,,63,35.4,82,16.4,265.8,66.5,0
2026-09-01,NODE-019,Kalkaji Main Road Bins,South Delhi Zone 4,600,36000,1,9,0,0,0,,63,35.4,82,16.4,470.3,78.4,0
2026-09-01,NODE-020,Govindpuri Market Cluster,South Delhi Zone 4,550,42000,1,9,0,0,0,,63,35.4,82,16.4,443.9,80.7,0
2026-09-01,NODE-021,Sangam Vihar Block A,South Delhi Zone 4,800,48000,1,9,0,0,0,,63,35.4,82,16.4,679.0,84.9,0
2026-09-01,NODE-022,Madanpur Khadar Bins,South Delhi Zone 4,650,44000,1,9,0,0,0,,63,35.4,82,16.4,569.0,87.5,0
2026-09-01,NODE-023,Jasola Apollo Hospital Area,South Delhi Zone 4,500,20000,1,9,0,0,0,,63,35.4,82,16.4,308.0,61.6,0
2026-09-01,NODE-024,Alaknanda Market Community Bins,South Delhi Zone 4,480,27000,1,9,0,0,0,,63,35.4,82,16.4,335.3,69.8,0
2026-09-01,NODE-025,Pul Prehladpur Cluster,South Delhi Zone 4,700,39000,1,9,0,0,0,,63,35.4,82,16.4,562.6,80.4,0
2026-09-02,NODE-001,Lajpat Nagar Market Bin Cluster,South Delhi Zone 3,800,38000,2,9,0,0,0,,95,31.7,79,40.9,646.1,80.8,0
2026-09-02,NODE-002,Sarojini Nagar Community Bins,South Delhi Zone 3,600,32000,2,9,0,0,0,,95,31.7,79,40.9,426.1,71.0,0
2026-09-02,NODE-003,INA Colony Street Cluster,South Delhi Zone 3,400,25000,2,9,0,0,0,,95,31.7,79,40.9,250.9,62.7,0
2026-09-02,NODE-004,Nehru Place Commercial Hub,South Delhi Zone 3,1200,45000,2,9,0,0,0,,95,31.7,79,40.9,969.3,80.8,0
2026-09-02,NODE-005,Greater Kailash Block N,South Delhi Zone 3,500,20000,2,9,0,0,0,,95,31.7,79,40.9,319.0,63.8,0
2026-09-02,NODE-006,Defence Colony Main Road,South Delhi Zone 3,600,22000,2,9,0,0,0,,95,31.7,79,40.9,359.3,59.9,0
2026-09-02,NODE-007,CR Park Bengali Colony,South Delhi Zone 3,500,28000,2,9,0,0,0,,95,31.7,79,40.9,349.9,70.0,0
2026-09-02,NODE-008,Jangpura Extension Market,South Delhi Zone 3,450,30000,2,9,0,0,0,,95,31.7,79,40.9,327.8,72.9,0
2026-09-02,NODE-009,Bhogal Vegetable Market,South Delhi Zone 3,700,40000,2,9,0,0,0,,95,31.7,79,40.9,538.7,77.0,0
2026-09-02,NODE-010,Andrews Ganj Colony,South Delhi Zone 3,350,18000,2,9,0,0,0,,95,31.7,79,40.9,202.6,57.9,0
2026-09-02,NODE-011,Moolchand Market Cluster,South Delhi Zone 3,550,26000,2,9,0,0,0,,95,31.7,79,40.9,365.6,66.5,0
2026-09-02,NODE-012,Sidhartha Nagar Bins,South Delhi Zone 3,400,35000,2,9,0,0,0,,95,31.7,79,40.9,304.6,76.2,0
2026-09-02,NODE-013,Kotla Mubarakpur Street,South Delhi Zone 3,480,33000,2,9,0,0,0,,95,31.7,79,40.9,332.9,69.3,0
2026-09-02,NODE-014,Malviya Nagar Main Market,South Delhi Zone 4,700,30000,2,9,0,0,0,,95,31.7,79,40.9,470.0,67.1,0
2026-09-02,NODE-015,Okhla Phase 1 Industrial Area,South Delhi Zone 4,1500,15000,2,9,0,0,0,,95,31.7,79,40.9,836.9,55.8,0
2026-09-02,NODE-016,Hauz Khas Village Cluster,South Delhi Zone 4,450,18000,2,9,0,0,0,,95,31.7,79,40.9,277.3,61.6,0
2026-09-02,NODE-017,Saket Select Citywalk Area,South Delhi Zone 4,900,25000,2,9,0,0,0,,95,31.7,79,40.9,572.4,63.6,0
2026-09-02,NODE-018,Sheikh Sarai Phase 2,South Delhi Zone 4,400,22000,2,9,0,0,0,,95,31.7,79,40.9,252.9,63.2,0
2026-09-02,NODE-019,Kalkaji Main Road Bins,South Delhi Zone 4,600,36000,2,9,0,0,0,,95,31.7,79,40.9,424.8,70.8,0
2026-09-02,NODE-020,Govindpuri Market Cluster,South Delhi Zone 4,550,42000,2,9,0,0,0,,95,31.7,79,40.9,425.6,77.4,0
2026-09-02,NODE-021,Sangam Vihar Block A,South Delhi Zone 4,800,48000,2,9,0,0,0,,95,31.7,79,40.9,628.9,78.6,0
2026-09-02,NODE-022,Madanpur Khadar Bins,South Delhi Zone 4,650,44000,2,9,0,0,0,,95,31.7,79,40.9,535.8,82.4,0
2026-09-02,NODE-023,Jasola Apollo Hospital Area,South Delhi Zone 4,500,20000,2,9,0,0,0,,95,31.7,79,40.9,289.4,57.9,0
2026-09-02,NODE-024,Alaknanda Market Community Bins,South Delhi Zone 4,480,27000,2,9,0,0,0,,95,31.7,79,40.9,334.0,69.6,0
2026-09-02,NODE-025,Pul Prehladpur Cluster,South Delhi Zone 4,700,39000,2,9,0,0,0,,95,31.7,79,40.9,577.6,82.5,0
2026-09-03,NODE-001,Lajpat Nagar Market Bin Cluster,South Delhi Zone 3,800,38000,3,9,0,0,0,,0,33.9,72,0.0,565.9,70.7,0
2026-09-03,NODE-002,Sarojini Nagar Community Bins,South Delhi Zone 3,600,32000,3,9,0,0,0,,0,33.9,72,0.0,404.3,67.4,0
2026-09-03,NODE-003,INA Colony Street Cluster,South Delhi Zone 3,400,25000,3,9,0,0,0,,0,33.9,72,0.0,222.1,55.5,0
2026-09-03,NODE-004,Nehru Place Commercial Hub,South Delhi Zone 3,1200,45000,3,9,0,0,0,,0,33.9,72,0.0,840.1,70.0,0
2026-09-03,NODE-005,Greater Kailash Block N,South Delhi Zone 3,500,20000,3,9,0,0,0,,0,33.9,72,0.0,261.3,52.3,0
2026-09-03,NODE-006,Defence Colony Main Road,South Delhi Zone 3,600,22000,3,9,0,0,0,,0,33.9,72,0.0,342.2,57.0,0
2026-09-03,NODE-007,CR Park Bengali Colony,South Delhi Zone 3,500,28000,3,9,0,0,0,,0,33.9,72,0.0,286.0,57.2,0
2026-09-03,NODE-008,Jangpura Extension Market,South Delhi Zone 3,450,30000,3,9,0,0,0,,0,33.9,72,0.0,261.7,58.2,0
2026-09-03,NODE-009,Bhogal Vegetable Market,South Delhi Zone 3,700,40000,3,9,0,0,0,,0,33.9,72,0.0,520.6,74.4,0
2026-09-03,NODE-010,Andrews Ganj Colony,South Delhi Zone 3,350,18000,3,9,0,0,0,,0,33.9,72,0.0,190.4,54.4,0
2026-09-03,NODE-011,Moolchand Market Cluster,South Delhi Zone 3,550,26000,3,9,0,0,0,,0,33.9,72,0.0,333.1,60.6,0
2026-09-03,NODE-012,Sidhartha Nagar Bins,South Delhi Zone 3,400,35000,3,9,0,0,0,,0,33.9,72,0.0,268.3,67.1,0
2026-09-03,NODE-013,Kotla Mubarakpur Street,South Delhi Zone 3,480,33000,3,9,0,0,0,,0,33.9,72,0.0,322.0,67.1,0
2026-09-03,NODE-014,Malviya Nagar Main Market,South Delhi Zone 4,700,30000,3,9,0,0,0,,0,33.9,72,0.0,437.3,62.5,0
2026-09-03,NODE-015,Okhla Phase 1 Industrial Area,South Delhi Zone 4,1500,15000,3,9,0,0,0,,0,33.9,72,0.0,703.9,46.9,0
2026-09-03,NODE-016,Hauz Khas Village Cluster,South Delhi Zone 4,450,18000,3,9,0,0,0,,0,33.9,72,0.0,237.5,52.8,0
2026-09-03,NODE-017,Saket Select Citywalk Area,South Delhi Zone 4,900,25000,3,9,0,0,0,,0,33.9,72,0.0,534.4,59.4,0
2026-09-03,NODE-018,Sheikh Sarai Phase 2,South Delhi Zone 4,400,22000,3,9,0,0,0,,0,33.9,72,0.0,223.6,55.9,0
2026-09-03,NODE-019,Kalkaji Main Road Bins,South Delhi Zone 4,600,36000,3,9,0,0,0,,0,33.9,72,0.0,430.9,71.8,0
2026-09-03,NODE-020,Govindpuri Market Cluster,South Delhi Zone 4,550,42000,3,9,0,0,0,,0,33.9,72,0.0,416.6,75.7,0
2026-09-03,NODE-021,Sangam Vihar Block A,South Delhi Zone 4,800,48000,3,9,0,0,0,,0,33.9,72,0.0,622.7,77.8,0
2026-09-03,NODE-022,Madanpur Khadar Bins,South Delhi Zone 4,650,44000,3,9,0,0,0,,0,33.9,72,0.0,472.1,72.6,0
2026-09-03,NODE-023,Jasola Apollo Hospital Area,South Delhi Zone 4,500,20000,3,9,0,0,0,,0,33.9,72,0.0,293.3,58.7,0
2026-09-03,NODE-024,Alaknanda Market Community Bins,South Delhi Zone 4,480,27000,3,9,0,0,0,,0,33.9,72,0.0,306.0,63.8,0
2026-09-03,NODE-025,Pul Prehladpur Cluster,South Delhi Zone 4,700,39000,3,9,0,0,0,,0,33.9,72,0.0,465.5,66.5,0
2026-09-04,NODE-001,Lajpat Nagar Market Bin Cluster,South Delhi Zone 3,800,38000,4,9,0,0,1,Janmashtami,0,32.6,66,0.0,739.2,92.4,0
2026-09-04,NODE-002,Sarojini Nagar Community Bins,South Delhi Zone 3,600,32000,4,9,0,0,1,Janmashtami,0,32.6,66,0.0,508.8,84.8,0
2026-09-04,NODE-003,INA Colony Street Cluster,South Delhi Zone 3,400,25000,4,9,0,0,1,Janmashtami,0,32.6,66,0.0,336.7,84.2,0
2026-09-04,NODE-004,Nehru Place Commercial Hub,South Delhi Zone 3,1200,45000,4,9,0,0,1,Janmashtami,0,32.6,66,0.0,1101.6,91.8,0
2026-09-04,NODE-005,Greater Kailash Block N,South Delhi Zone 3,500,20000,4,9,0,0,1,Janmashtami,0,32.6,66,0.0,358.5,71.7,0
2026-09-04,NODE-006,Defence Colony Main Road,South Delhi Zone 3,600,22000,4,9,0,0,1,Janmashtami,0,32.6,66,0.0,479.5,79.9,0
2026-09-04,NODE-007,CR Park Bengali Colony,South Delhi Zone 3,500,28000,4,9,0,0,1,Janmashtami,0,32.6,66,0.0,426.7,85.3,0
2026-09-04,NODE-008,Jangpura Extension Market,South Delhi Zone 3,450,30000,4,9,0,0,1,Janmashtami,0,32.6,66,0.0,374.5,83.2,0
2026-09-04,NODE-009,Bhogal Vegetable Market,South Delhi Zone 3,700,40000,4,9,0,0,1,Janmashtami,0,32.6,66,0.0,618.6,88.4,0
2026-09-04,NODE-010,Andrews Ganj Colony,South Delhi Zone 3,350,18000,4,9,0,0,1,Janmashtami,0,32.6,66,0.0,250.8,71.7,0
2026-09-04,NODE-011,Moolchand Market Cluster,South Delhi Zone 3,550,26000,4,9,0,0,1,Janmashtami,0,32.6,66,0.0,425.3,77.3,0
2026-09-04,NODE-012,Sidhartha Nagar Bins,South Delhi Zone 3,400,35000,4,9,0,0,1,Janmashtami,0,32.6,66,0.0,327.8,81.9,0
2026-09-04,NODE-013,Kotla Mubarakpur Street,South Delhi Zone 3,480,33000,4,9,0,0,1,Janmashtami,0,32.6,66,0.0,428.6,89.3,0
2026-09-04,NODE-014,Malviya Nagar Main Market,South Delhi Zone 4,700,30000,4,9,0,0,1,Janmashtami,0,32.6,66,0.0,575.2,82.2,0
2026-09-04,NODE-015,Okhla Phase 1 Industrial Area,South Delhi Zone 4,1500,15000,4,9,0,0,1,Janmashtami,0,32.6,66,0.0,959.8,64.0,0
2026-09-04,NODE-016,Hauz Khas Village Cluster,South Delhi Zone 4,450,18000,4,9,0,0,1,Janmashtami,0,32.6,66,0.0,314.4,69.9,0
2026-09-04,NODE-017,Saket Select Citywalk Area,South Delhi Zone 4,900,25000,4,9,0,0,1,Janmashtami,0,32.6,66,0.0,748.8,83.2,0
2026-09-04,NODE-018,Sheikh Sarai Phase 2,South Delhi Zone 4,400,22000,4,9,0,0,1,Janmashtami,0,32.6,66,0.0,287.1,71.8,0
2026-09-04,NODE-019,Kalkaji Main Road Bins,South Delhi Zone 4,600,36000,4,9,0,0,1,Janmashtami,0,32.6,66,0.0,519.3,86.6,0
2026-09-04,NODE-020,Govindpuri Market Cluster,South Delhi Zone 4,550,42000,4,9,0,0,1,Janmashtami,0,32.6,66,0.0,509.3,92.6,0
2026-09-04,NODE-021,Sangam Vihar Block A,South Delhi Zone 4,800,48000,4,9,0,0,1,Janmashtami,0,32.6,66,0.0,852.0,106.5,1
2026-09-04,NODE-022,Madanpur Khadar Bins,South Delhi Zone 4,650,44000,4,9,0,0,1,Janmashtami,0,32.6,66,0.0,622.3,95.7,0
2026-09-04,NODE-023,Jasola Apollo Hospital Area,South Delhi Zone 4,500,20000,4,9,0,0,1,Janmashtami,0,32.6,66,0.0,348.9,69.8,0
2026-09-04,NODE-024,Alaknanda Market Community Bins,South Delhi Zone 4,480,27000,4,9,0,0,1,Janmashtami,0,32.6,66,0.0,382.7,79.7,0
2026-09-04,NODE-025,Pul Prehladpur Cluster,South Delhi Zone 4,700,39000,4,9,0,0,1,Janmashtami,0,32.6,66,0.0,642.9,91.8,0
2026-09-05,NODE-001,Lajpat Nagar Market Bin Cluster,South Delhi Zone 3,800,38000,5,9,1,0,0,,63,30.9,77,16.2,739.1,92.4,0
2026-09-05,NODE-002,Sarojini Nagar Community Bins,South Delhi Zone 3,600,32000,5,9,1,0,0,,63,30.9,77,16.2,512.9,85.5,0
2026-09-05,NODE-003,INA Colony Street Cluster,South Delhi Zone 3,400,25000,5,9,1,0,0,,63,30.9,77,16.2,336.9,84.2,0
2026-09-05,NODE-004,Nehru Place Commercial Hub,South Delhi Zone 3,1200,45000,5,9,1,0,0,,63,30.9,77,16.2,1205.3,100.4,1
2026-09-05,NODE-005,Greater Kailash Block N,South Delhi Zone 3,500,20000,5,9,1,0,0,,63,30.9,77,16.2,364.0,72.8,0
2026-09-05,NODE-006,Defence Colony Main Road,South Delhi Zone 3,600,22000,5,9,1,0,0,,63,30.9,77,16.2,462.1,77.0,0
2026-09-05,NODE-007,CR Park Bengali Colony,South Delhi Zone 3,500,28000,5,9,1,0,0,,63,30.9,77,16.2,414.2,82.8,0
2026-09-05,NODE-008,Jangpura Extension Market,South Delhi Zone 3,450,30000,5,9,1,0,0,,63,30.9,77,16.2,394.7,87.7,0
2026-09-05,NODE-009,Bhogal Vegetable Market,South Delhi Zone 3,700,40000,5,9,1,0,0,,63,30.9,77,16.2,683.6,97.7,0
2026-09-05,NODE-010,Andrews Ganj Colony,South Delhi Zone 3,350,18000,5,9,1,0,0,,63,30.9,77,16.2,249.6,71.3,0
2026-09-05,NODE-011,Moolchand Market Cluster,South Delhi Zone 3,550,26000,5,9,1,0,0,,63,30.9,77,16.2,497.8,90.5,0
2026-09-05,NODE-012,Sidhartha Nagar Bins,South Delhi Zone 3,400,35000,5,9,1,0,0,,63,30.9,77,16.2,355.3,88.8,0
2026-09-05,NODE-013,Kotla Mubarakpur Street,South Delhi Zone 3,480,33000,5,9,1,0,0,,63,30.9,77,16.2,462.9,96.4,0
2026-09-05,NODE-014,Malviya Nagar Main Market,South Delhi Zone 4,700,30000,5,9,1,0,0,,63,30.9,77,16.2,588.6,84.1,0
2026-09-05,NODE-015,Okhla Phase 1 Industrial Area,South Delhi Zone 4,1500,15000,5,9,1,0,0,,63,30.9,77,16.2,1084.9,72.3,0
2026-09-05,NODE-016,Hauz Khas Village Cluster,South Delhi Zone 4,450,18000,5,9,1,0,0,,63,30.9,77,16.2,367.2,81.6,0
2026-09-05,NODE-017,Saket Select Citywalk Area,South Delhi Zone 4,900,25000,5,9,1,0,0,,63,30.9,77,16.2,790.9,87.9,0
2026-09-05,NODE-018,Sheikh Sarai Phase 2,South Delhi Zone 4,400,22000,5,9,1,0,0,,63,30.9,77,16.2,320.7,80.2,0
2026-09-05,NODE-019,Kalkaji Main Road Bins,South Delhi Zone 4,600,36000,5,9,1,0,0,,63,30.9,77,16.2,591.4,98.6,1
2026-09-05,NODE-020,Govindpuri Market Cluster,South Delhi Zone 4,550,42000,5,9,1,0,0,,63,30.9,77,16.2,585.1,106.4,1
2026-09-05,NODE-021,Sangam Vihar Block A,South Delhi Zone 4,800,48000,5,9,1,0,0,,63,30.9,77,16.2,813.1,101.6,1
2026-09-05,NODE-022,Madanpur Khadar Bins,South Delhi Zone 4,650,44000,5,9,1,0,0,,63,30.9,77,16.2,682.1,104.9,1
2026-09-05,NODE-023,Jasola Apollo Hospital Area,South Delhi Zone 4,500,20000,5,9,1,0,0,,63,30.9,77,16.2,393.1,78.6,0
2026-09-05,NODE-024,Alaknanda Market Community Bins,South Delhi Zone 4,480,27000,5,9,1,0,0,,63,30.9,77,16.2,403.3,84.0,0
2026-09-05,NODE-025,Pul Prehladpur Cluster,South Delhi Zone 4,700,39000,5,9,1,0,0,,63,30.9,77,16.2,710.3,101.5,1
2026-09-06,NODE-001,Lajpat Nagar Market Bin Cluster,South Delhi Zone 3,800,38000,6,9,1,0,0,,0,34.5,80,0.0,733.3,91.7,0
2026-09-06,NODE-002,Sarojini Nagar Community Bins,South Delhi Zone 3,600,32000,6,9,1,0,0,,0,34.5,80,0.0,455.2,75.9,0
2026-09-06,NODE-003,INA Colony Street Cluster,South Delhi Zone 3,400,25000,6,9,1,0,0,,0,34.5,80,0.0,308.9,77.2,0
2026-09-06,NODE-004,Nehru Place Commercial Hub,South Delhi Zone 3,1200,45000,6,9,1,0,0,,0,34.5,80,0.0,1081.8,90.1,0
2026-09-06,NODE-005,Greater Kailash Block N,South Delhi Zone 3,500,20000,6,9,1,0,0,,0,34.5,80,0.0,339.5,67.9,0
2026-09-06,NODE-006,Defence Colony Main Road,South Delhi Zone 3,600,22000,6,9,1,0,0,,0,34.5,80,0.0,432.3,72.0,0
2026-09-06,NODE-007,CR Park Bengali Colony,South Delhi Zone 3,500,28000,6,9,1,0,0,,0,34.5,80,0.0,405.3,81.1,0
2026-09-06,NODE-008,Jangpura Extension Market,South Delhi Zone 3,450,30000,6,9,1,0,0,,0,34.5,80,0.0,347.4,77.2,0
2026-09-06,NODE-009,Bhogal Vegetable Market,South Delhi Zone 3,700,40000,6,9,1,0,0,,0,34.5,80,0.0,613.4,87.6,0
2026-09-06,NODE-010,Andrews Ganj Colony,South Delhi Zone 3,350,18000,6,9,1,0,0,,0,34.5,80,0.0,230.6,65.9,0
2026-09-06,NODE-011,Moolchand Market Cluster,South Delhi Zone 3,550,26000,6,9,1,0,0,,0,34.5,80,0.0,425.9,77.4,0
2026-09-06,NODE-012,Sidhartha Nagar Bins,South Delhi Zone 3,400,35000,6,9,1,0,0,,0,34.5,80,0.0,341.8,85.4,0
2026-09-06,NODE-013,Kotla Mubarakpur Street,South Delhi Zone 3,480,33000,6,9,1,0,0,,0,34.5,80,0.0,398.8,83.1,0
2026-09-06,NODE-014,Malviya Nagar Main Market,South Delhi Zone 4,700,30000,6,9,1,0,0,,0,34.5,80,0.0,567.5,81.1,0
2026-09-06,NODE-015,Okhla Phase 1 Industrial Area,South Delhi Zone 4,1500,15000,6,9,1,0,0,,0,34.5,80,0.0,974.7,65.0,0
2026-09-06,NODE-016,Hauz Khas Village Cluster,South Delhi Zone 4,450,18000,6,9,1,0,0,,0,34.5,80,0.0,327.0,72.7,0
2026-09-06,NODE-017,Saket Select Citywalk Area,South Delhi Zone 4,900,25000,6,9,1,0,0,,0,34.5,80,0.0,645.7,71.7,0
2026-09-06,NODE-018,Sheikh Sarai Phase 2,South Delhi Zone 4,400,22000,6,9,1,0,0,,0,34.5,80,0.0,277.6,69.4,0
2026-09-06,NODE-019,Kalkaji Main Road Bins,South Delhi Zone 4,600,36000,6,9,1,0,0,,0,34.5,80,0.0,510.9,85.1,0
2026-09-06,NODE-020,Govindpuri Market Cluster,South Delhi Zone 4,550,42000,6,9,1,0,0,,0,34.5,80,0.0,521.5,94.8,0
2026-09-06,NODE-021,Sangam Vihar Block A,South Delhi Zone 4,800,48000,6,9,1,0,0,,0,34.5,80,0.0,743.6,93.0,0
2026-09-06,NODE-022,Madanpur Khadar Bins,South Delhi Zone 4,650,44000,6,9,1,0,0,,0,34.5,80,0.0,562.4,86.5,0
2026-09-06,NODE-023,Jasola Apollo Hospital Area,South Delhi Zone 4,500,20000,6,9,1,0,0,,0,34.5,80,0.0,353.5,70.7,0
2026-09-06,NODE-024,Alaknanda Market Community Bins,South Delhi Zone 4,480,27000,6,9,1,0,0,,0,34.5,80,0.0,363.9,75.8,0
2026-09-06,NODE-025,Pul Prehladpur Cluster,South Delhi Zone 4,700,39000,6,9,1,0,0,,0,34.5,80,0.0,660.4,94.3,0
2026-09-07,NODE-001,Lajpat Nagar Market Bin Cluster,South Delhi Zone 3,800,38000,0,9,0,1,0,,65,33.1,75,21.9,697.9,87.2,0
2026-09-07,NODE-002,Sarojini Nagar Community Bins,South Delhi Zone 3,600,32000,0,9,0,1,0,,65,33.1,75,21.9,472.4,78.7,0
2026-09-07,NODE-003,INA Colony Street Cluster,South Delhi Zone 3,400,25000,0,9,0,1,0,,65,33.1,75,21.9,312.0,78.0,0
2026-09-07,NODE-004,Nehru Place Commercial Hub,South Delhi Zone 3,1200,45000,0,9,0,1,0,,65,33.1,75,21.9,1034.1,86.2,0
2026-09-07,NODE-005,Greater Kailash Block N,South Delhi Zone 3,500,20000,0,9,0,1,0,,65,33.1,75,21.9,333.7,66.7,0
2026-09-07,NODE-006,Defence Colony Main Road,South Delhi Zone 3,600,22000,0,9,0,1,0,,65,33.1,75,21.9,409.6,68.3,0
2026-09-07,NODE-007,CR Park Bengali Colony,South Delhi Zone 3,500,28000,0,9,0,1,0,,65,33.1,75,21.9,389.9,78.0,0
2026-09-07,NODE-008,Jangpura Extension Market,South Delhi Zone 3,450,30000,0,9,0,1,0,,65,33.1,75,21.9,362.9,80.7,0
2026-09-07,NODE-009,Bhogal Vegetable Market,South Delhi Zone 3,700,40000,0,9,0,1,0,,65,33.1,75,21.9,623.6,89.1,0
2026-09-07,NODE-010,Andrews Ganj Colony,South Delhi Zone 3,350,18000,0,9,0,1,0,,65,33.1,75,21.9,229.0,65.4,0
2026-09-07,NODE-011,Moolchand Market Cluster,South Delhi Zone 3,550,26000,0,9,0,1,0,,65,33.1,75,21.9,433.4,78.8,0
2026-09-07,NODE-012,Sidhartha Nagar Bins,South Delhi Zone 3,400,35000,0,9,0,1,0,,65,33.1,75,21.9,346.2,86.5,0
2026-09-07,NODE-013,Kotla Mubarakpur Street,South Delhi Zone 3,480,33000,0,9,0,1,0,,65,33.1,75,21.9,415.6,86.6,0
2026-09-07,NODE-014,Malviya Nagar Main Market,South Delhi Zone 4,700,30000,0,9,0,1,0,,65,33.1,75,21.9,567.9,81.1,0
2026-09-07,NODE-015,Okhla Phase 1 Industrial Area,South Delhi Zone 4,1500,15000,0,9,0,1,0,,65,33.1,75,21.9,958.0,63.9,0
2026-09-07,NODE-016,Hauz Khas Village Cluster,South Delhi Zone 4,450,18000,0,9,0,1,0,,65,33.1,75,21.9,297.0,66.0,0
2026-09-07,NODE-017,Saket Select Citywalk Area,South Delhi Zone 4,900,25000,0,9,0,1,0,,65,33.1,75,21.9,624.0,69.3,0
2026-09-07,NODE-018,Sheikh Sarai Phase 2,South Delhi Zone 4,400,22000,0,9,0,1,0,,65,33.1,75,21.9,297.4,74.3,0
2026-09-07,NODE-019,Kalkaji Main Road Bins,South Delhi Zone 4,600,36000,0,9,0,1,0,,65,33.1,75,21.9,472.5,78.7,0
2026-09-07,NODE-020,Govindpuri Market Cluster,South Delhi Zone 4,550,42000,0,9,0,1,0,,65,33.1,75,21.9,471.5,85.7,0
2026-09-07,NODE-021,Sangam Vihar Block A,South Delhi Zone 4,800,48000,0,9,0,1,0,,65,33.1,75,21.9,709.8,88.7,0
2026-09-07,NODE-022,Madanpur Khadar Bins,South Delhi Zone 4,650,44000,0,9,0,1,0,,65,33.1,75,21.9,617.6,95.0,0
2026-09-07,NODE-023,Jasola Apollo Hospital Area,South Delhi Zone 4,500,20000,0,9,0,1,0,,65,33.1,75,21.9,355.9,71.2,0
2026-09-07,NODE-024,Alaknanda Market Community Bins,South Delhi Zone 4,480,27000,0,9,0,1,0,,65,33.1,75,21.9,344.0,71.7,0
2026-09-07,NODE-025,Pul Prehladpur Cluster,South Delhi Zone 4,700,39000,0,9,0,1,0,,65,33.1,75,21.9,596.6,85.2,0
2026-09-08,NODE-001,Lajpat Nagar Market Bin Cluster,South Delhi Zone 3,800,38000,1,9,0,0,0,,0,35.5,80,0.0,549.5,68.7,0
2026-09-08,NODE-002,Sarojini Nagar Community Bins,South Delhi Zone 3,600,32000,1,9,0,0,0,,0,35.5,80,0.0,352.6,58.8,0
2026-09-08,NODE-003,INA Colony Street Cluster,South Delhi Zone 3,400,25000,1,9,0,0,0,,0,35.5,80,0.0,229.2,57.3,0
2026-09-08,NODE-004,Nehru Place Commercial Hub,South Delhi Zone 3,1200,45000,1,9,0,0,0,,0,35.5,80,0.0,919.4,76.6,0
2026-09-08,NODE-005,Greater Kailash Block N,South Delhi Zone 3,500,20000,1,9,0,0,0,,0,35.5,80,0.0,254.1,50.8,0
2026-09-08,NODE-006,Defence Colony Main Road,South Delhi Zone 3,600,22000,1,9,0,0,0,,0,35.5,80,0.0,323.0,53.8,0
2026-09-08,NODE-007,CR Park Bengali Colony,South Delhi Zone 3,500,28000,1,9,0,0,0,,0,35.5,80,0.0,286.0,57.2,0
2026-09-08,NODE-008,Jangpura Extension Market,South Delhi Zone 3,450,30000,1,9,0,0,0,,0,35.5,80,0.0,286.2,63.6,0
2026-09-08,NODE-009,Bhogal Vegetable Market,South Delhi Zone 3,700,40000,1,9,0,0,0,,0,35.5,80,0.0,517.9,74.0,0
2026-09-08,NODE-010,Andrews Ganj Colony,South Delhi Zone 3,350,18000,1,9,0,0,0,,0,35.5,80,0.0,179.6,51.3,0
2026-09-08,NODE-011,Moolchand Market Cluster,South Delhi Zone 3,550,26000,1,9,0,0,0,,0,35.5,80,0.0,311.5,56.6,0
2026-09-08,NODE-012,Sidhartha Nagar Bins,South Delhi Zone 3,400,35000,1,9,0,0,0,,0,35.5,80,0.0,254.4,63.6,0
2026-09-08,NODE-013,Kotla Mubarakpur Street,South Delhi Zone 3,480,33000,1,9,0,0,0,,0,35.5,80,0.0,315.1,65.7,0
2026-09-08,NODE-014,Malviya Nagar Main Market,South Delhi Zone 4,700,30000,1,9,0,0,0,,0,35.5,80,0.0,408.8,58.4,0
2026-09-08,NODE-015,Okhla Phase 1 Industrial Area,South Delhi Zone 4,1500,15000,1,9,0,0,0,,0,35.5,80,0.0,800.6,53.4,0
2026-09-08,NODE-016,Hauz Khas Village Cluster,South Delhi Zone 4,450,18000,1,9,0,0,0,,0,35.5,80,0.0,220.2,48.9,0
2026-09-08,NODE-017,Saket Select Citywalk Area,South Delhi Zone 4,900,25000,1,9,0,0,0,,0,35.5,80,0.0,538.0,59.8,0
2026-09-08,NODE-018,Sheikh Sarai Phase 2,South Delhi Zone 4,400,22000,1,9,0,0,0,,0,35.5,80,0.0,236.8,59.2,0
2026-09-08,NODE-019,Kalkaji Main Road Bins,South Delhi Zone 4,600,36000,1,9,0,0,0,,0,35.5,80,0.0,388.7,64.8,0
2026-09-08,NODE-020,Govindpuri Market Cluster,South Delhi Zone 4,550,42000,1,9,0,0,0,,0,35.5,80,0.0,390.2,70.9,0
2026-09-08,NODE-021,Sangam Vihar Block A,South Delhi Zone 4,800,48000,1,9,0,0,0,,0,35.5,80,0.0,632.7,79.1,0
2026-09-08,NODE-022,Madanpur Khadar Bins,South Delhi Zone 4,650,44000,1,9,0,0,0,,0,35.5,80,0.0,475.9,73.2,0
2026-09-08,NODE-023,Jasola Apollo Hospital Area,South Delhi Zone 4,500,20000,1,9,0,0,0,,0,35.5,80,0.0,262.3,52.5,0
2026-09-08,NODE-024,Alaknanda Market Community Bins,South Delhi Zone 4,480,27000,1,9,0,0,0,,0,35.5,80,0.0,284.4,59.3,0
2026-09-08,NODE-025,Pul Prehladpur Cluster,South Delhi Zone 4,700,39000,1,9,0,0,0,,0,35.5,80,0.0,518.7,74.1,0
2026-09-09,NODE-001,Lajpat Nagar Market Bin Cluster,South Delhi Zone 3,800,38000,2,9,0,0,0,,63,29.4,84,23.3,635.1,79.4,0
2026-09-09,NODE-002,Sarojini Nagar Community Bins,South Delhi Zone 3,600,32000,2,9,0,0,0,,63,29.4,84,23.3,453.1,75.5,0
2026-09-09,NODE-003,INA Colony Street Cluster,South Delhi Zone 3,400,25000,2,9,0,0,0,,63,29.4,84,23.3,258.3,64.6,0
2026-09-09,NODE-004,Nehru Place Commercial Hub,South Delhi Zone 3,1200,45000,2,9,0,0,0,,63,29.4,84,23.3,1009.9,84.2,0
2026-09-09,NODE-005,Greater Kailash Block N,South Delhi Zone 3,500,20000,2,9,0,0,0,,63,29.4,84,23.3,306.5,61.3,0
2026-09-09,NODE-006,Defence Colony Main Road,South Delhi Zone 3,600,22000,2,9,0,0,0,,63,29.4,84,23.3,400.7,66.8,0
2026-09-09,NODE-007,CR Park Bengali Colony,South Delhi Zone 3,500,28000,2,9,0,0,0,,63,29.4,84,23.3,338.0,67.6,0
2026-09-09,NODE-008,Jangpura Extension Market,South Delhi Zone 3,450,30000,2,9,0,0,0,,63,29.4,84,23.3,299.2,66.5,0
2026-09-09,NODE-009,Bhogal Vegetable Market,South Delhi Zone 3,700,40000,2,9,0,0,0,,63,29.4,84,23.3,510.5,72.9,0
2026-09-09,NODE-010,Andrews Ganj Colony,South Delhi Zone 3,350,18000,2,9,0,0,0,,63,29.4,84,23.3,201.1,57.4,0
2026-09-09,NODE-011,Moolchand Market Cluster,South Delhi Zone 3,550,26000,2,9,0,0,0,,63,29.4,84,23.3,358.4,65.2,0
2026-09-09,NODE-012,Sidhartha Nagar Bins,South Delhi Zone 3,400,35000,2,9,0,0,0,,63,29.4,84,23.3,278.9,69.7,0
2026-09-09,NODE-013,Kotla Mubarakpur Street,South Delhi Zone 3,480,33000,2,9,0,0,0,,63,29.4,84,23.3,318.9,66.4,0
2026-09-09,NODE-014,Malviya Nagar Main Market,South Delhi Zone 4,700,30000,2,9,0,0,0,,63,29.4,84,23.3,488.4,69.8,0
2026-09-09,NODE-015,Okhla Phase 1 Industrial Area,South Delhi Zone 4,1500,15000,2,9,0,0,0,,63,29.4,84,23.3,885.8,59.1,0
2026-09-09,NODE-016,Hauz Khas Village Cluster,South Delhi Zone 4,450,18000,2,9,0,0,0,,63,29.4,84,23.3,251.2,55.8,0
2026-09-09,NODE-017,Saket Select Citywalk Area,South Delhi Zone 4,900,25000,2,9,0,0,0,,63,29.4,84,23.3,567.2,63.0,0
2026-09-09,NODE-018,Sheikh Sarai Phase 2,South Delhi Zone 4,400,22000,2,9,0,0,0,,63,29.4,84,23.3,252.1,63.0,0
2026-09-09,NODE-019,Kalkaji Main Road Bins,South Delhi Zone 4,600,36000,2,9,0,0,0,,63,29.4,84,23.3,461.3,76.9,0
2026-09-09,NODE-020,Govindpuri Market Cluster,South Delhi Zone 4,550,42000,2,9,0,0,0,,63,29.4,84,23.3,438.1,79.7,0
2026-09-09,NODE-021,Sangam Vihar Block A,South Delhi Zone 4,800,48000,2,9,0,0,0,,63,29.4,84,23.3,685.5,85.7,0
2026-09-09,NODE-022,Madanpur Khadar Bins,South Delhi Zone 4,650,44000,2,9,0,0,0,,63,29.4,84,23.3,512.6,78.9,0
2026-09-09,NODE-023,Jasola Apollo Hospital Area,South Delhi Zone 4,500,20000,2,9,0,0,0,,63,29.4,84,23.3,317.9,63.6,0
2026-09-09,NODE-024,Alaknanda Market Community Bins,South Delhi Zone 4,480,27000,2,9,0,0,0,,63,29.4,84,23.3,336.7,70.1,0
2026-09-09,NODE-025,Pul Prehladpur Cluster,South Delhi Zone 4,700,39000,2,9,0,0,0,,63,29.4,84,23.3,548.8,78.4,0
2026-09-10,NODE-001,Lajpat Nagar Market Bin Cluster,South Delhi Zone 3,800,38000,3,9,0,0,0,,63,32.4,71,21.5,616.7,77.1,0
2026-09-10,NODE-002,Sarojini Nagar Community Bins,South Delhi Zone 3,600,32000,3,9,0,0,0,,63,32.4,71,21.5,420.1,70.0,0
2026-09-10,NODE-003,INA Colony Street Cluster,South Delhi Zone 3,400,25000,3,9,0,0,0,,63,32.4,71,21.5,246.9,61.7,0
2026-09-10,NODE-004,Nehru Place Commercial Hub,South Delhi Zone 3,1200,45000,3,9,0,0,0,,63,32.4,71,21.5,1025.3,85.4,0
2026-09-10,NODE-005,Greater Kailash Block N,South Delhi Zone 3,500,20000,3,9,0,0,0,,63,32.4,71,21.5,299.5,59.9,0
2026-09-10,NODE-006,Defence Colony Main Road,South Delhi Zone 3,600,22000,3,9,0,0,0,,63,32.4,71,21.5,368.8,61.5,0
2026-09-10,NODE-007,CR Park Bengali Colony,South Delhi Zone 3,500,28000,3,9,0,0,0,,63,32.4,71,21.5,326.2,65.2,0
2026-09-10,NODE-008,Jangpura Extension Market,South Delhi Zone 3,450,30000,3,9,0,0,0,,63,32.4,71,21.5,308.9,68.6,0
2026-09-10,NODE-009,Bhogal Vegetable Market,South Delhi Zone 3,700,40000,3,9,0,0,0,,63,32.4,71,21.5,523.6,74.8,0
2026-09-10,NODE-010,Andrews Ganj Colony,South Delhi Zone 3,350,18000,3,9,0,0,0,,63,32.4,71,21.5,216.2,61.8,0
2026-09-10,NODE-011,Moolchand Market Cluster,South Delhi Zone 3,550,26000,3,9,0,0,0,,63,32.4,71,21.5,387.4,70.4,0
2026-09-10,NODE-012,Sidhartha Nagar Bins,South Delhi Zone 3,400,35000,3,9,0,0,0,,63,32.4,71,21.5,309.7,77.4,0
2026-09-10,NODE-013,Kotla Mubarakpur Street,South Delhi Zone 3,480,33000,3,9,0,0,0,,63,32.4,71,21.5,356.2,74.2,0
2026-09-10,NODE-014,Malviya Nagar Main Market,South Delhi Zone 4,700,30000,3,9,0,0,0,,63,32.4,71,21.5,469.8,67.1,0
2026-09-10,NODE-015,Okhla Phase 1 Industrial Area,South Delhi Zone 4,1500,15000,3,9,0,0,0,,63,32.4,71,21.5,883.7,58.9,0
2026-09-10,NODE-016,Hauz Khas Village Cluster,South Delhi Zone 4,450,18000,3,9,0,0,0,,63,32.4,71,21.5,279.9,62.2,0
2026-09-10,NODE-017,Saket Select Citywalk Area,South Delhi Zone 4,900,25000,3,9,0,0,0,,63,32.4,71,21.5,579.0,64.3,0
2026-09-10,NODE-018,Sheikh Sarai Phase 2,South Delhi Zone 4,400,22000,3,9,0,0,0,,63,32.4,71,21.5,264.9,66.2,0
2026-09-10,NODE-019,Kalkaji Main Road Bins,South Delhi Zone 4,600,36000,3,9,0,0,0,,63,32.4,71,21.5,425.1,70.8,0
2026-09-10,NODE-020,Govindpuri Market Cluster,South Delhi Zone 4,550,42000,3,9,0,0,0,,63,32.4,71,21.5,423.9,77.1,0
2026-09-10,NODE-021,Sangam Vihar Block A,South Delhi Zone 4,800,48000,3,9,0,0,0,,63,32.4,71,21.5,673.0,84.1,0
2026-09-10,NODE-022,Madanpur Khadar Bins,South Delhi Zone 4,650,44000,3,9,0,0,0,,63,32.4,71,21.5,539.5,83.0,0
2026-09-10,NODE-023,Jasola Apollo Hospital Area,South Delhi Zone 4,500,20000,3,9,0,0,0,,63,32.4,71,21.5,293.8,58.8,0
2026-09-10,NODE-024,Alaknanda Market Community Bins,South Delhi Zone 4,480,27000,3,9,0,0,0,,63,32.4,71,21.5,327.7,68.3,0
2026-09-10,NODE-025,Pul Prehladpur Cluster,South Delhi Zone 4,700,39000,3,9,0,0,0,,63,32.4,71,21.5,513.4,73.3,0
2026-09-11,NODE-001,Lajpat Nagar Market Bin Cluster,South Delhi Zone 3,800,38000,4,9,0,0,0,,0,28.4,82,0.0,503.6,63.0,0
2026-09-11,NODE-002,Sarojini Nagar Community Bins,South Delhi Zone 3,600,32000,4,9,0,0,0,,0,28.4,82,0.0,410.4,68.4,0
2026-09-11,NODE-003,INA Colony Street Cluster,South Delhi Zone 3,400,25000,4,9,0,0,0,,0,28.4,82,0.0,224.9,56.2,0
2026-09-11,NODE-004,Nehru Place Commercial Hub,South Delhi Zone 3,1200,45000,4,9,0,0,0,,0,28.4,82,0.0,829.1,69.1,0
2026-09-11,NODE-005,Greater Kailash Block N,South Delhi Zone 3,500,20000,4,9,0,0,0,,0,28.4,82,0.0,269.5,53.9,0
2026-09-11,NODE-006,Defence Colony Main Road,South Delhi Zone 3,600,22000,4,9,0,0,0,,0,28.4,82,0.0,309.4,51.6,0
2026-09-11,NODE-007,CR Park Bengali Colony,South Delhi Zone 3,500,28000,4,9,0,0,0,,0,28.4,82,0.0,282.9,56.6,0
2026-09-11,NODE-008,Jangpura Extension Market,South Delhi Zone 3,450,30000,4,9,0,0,0,,0,28.4,82,0.0,257.6,57.2,0
2026-09-11,NODE-009,Bhogal Vegetable Market,South Delhi Zone 3,700,40000,4,9,0,0,0,,0,28.4,82,0.0,465.7,66.5,0
2026-09-11,NODE-010,Andrews Ganj Colony,South Delhi Zone 3,350,18000,4,9,0,0,0,,0,28.4,82,0.0,182.9,52.2,0
2026-09-11,NODE-011,Moolchand Market Cluster,South Delhi Zone 3,550,26000,4,9,0,0,0,,0,28.4,82,0.0,339.4,61.7,0
2026-09-11,NODE-012,Sidhartha Nagar Bins,South Delhi Zone 3,400,35000,4,9,0,0,0,,0,28.4,82,0.0,263.4,65.9,0
2026-09-11,NODE-013,Kotla Mubarakpur Street,South Delhi Zone 3,480,33000,4,9,0,0,0,,0,28.4,82,0.0,302.5,63.0,0
2026-09-11,NODE-014,Malviya Nagar Main Market,South Delhi Zone 4,700,30000,4,9,0,0,0,,0,28.4,82,0.0,448.2,64.0,0
2026-09-11,NODE-015,Okhla Phase 1 Industrial Area,South Delhi Zone 4,1500,15000,4,9,0,0,0,,0,28.4,82,0.0,702.6,46.8,0
2026-09-11,NODE-016,Hauz Khas Village Cluster,South Delhi Zone 4,450,18000,4,9,0,0,0,,0,28.4,82,0.0,222.1,49.4,0
2026-09-11,NODE-017,Saket Select Citywalk Area,South Delhi Zone 4,900,25000,4,9,0,0,0,,0,28.4,82,0.0,545.3,60.6,0
2026-09-11,NODE-018,Sheikh Sarai Phase 2,South Delhi Zone 4,400,22000,4,9,0,0,0,,0,28.4,82,0.0,211.2,52.8,0
2026-09-11,NODE-019,Kalkaji Main Road Bins,South Delhi Zone 4,600,36000,4,9,0,0,0,,0,28.4,82,0.0,384.9,64.2,0
2026-09-11,NODE-020,Govindpuri Market Cluster,South Delhi Zone 4,550,42000,4,9,0,0,0,,0,28.4,82,0.0,384.9,70.0,0
2026-09-11,NODE-021,Sangam Vihar Block A,South Delhi Zone 4,800,48000,4,9,0,0,0,,0,28.4,82,0.0,592.1,74.0,0
2026-09-11,NODE-022,Madanpur Khadar Bins,South Delhi Zone 4,650,44000,4,9,0,0,0,,0,28.4,82,0.0,448.7,69.0,0
2026-09-11,NODE-023,Jasola Apollo Hospital Area,South Delhi Zone 4,500,20000,4,9,0,0,0,,0,28.4,82,0.0,289.5,57.9,0
2026-09-11,NODE-024,Alaknanda Market Community Bins,South Delhi Zone 4,480,27000,4,9,0,0,0,,0,28.4,82,0.0,275.5,57.4,0
2026-09-11,NODE-025,Pul Prehladpur Cluster,South Delhi Zone 4,700,39000,4,9,0,0,0,,0,28.4,82,0.0,473.3,67.6,0
2026-09-12,NODE-001,Lajpat Nagar Market Bin Cluster,South Delhi Zone 3,800,38000,5,9,1,0,0,,0,35.8,87,0.0,667.6,83.5,0
2026-09-12,NODE-002,Sarojini Nagar Community Bins,South Delhi Zone 3,600,32000,5,9,1,0,0,,0,35.8,87,0.0,507.8,84.6,0
2026-09-12,NODE-003,INA Colony Street Cluster,South Delhi Zone 3,400,25000,5,9,1,0,0,,0,35.8,87,0.0,294.5,73.6,0
2026-09-12,NODE-004,Nehru Place Commercial Hub,South Delhi Zone 3,1200,45000,5,9,1,0,0,,0,35.8,87,0.0,1167.8,97.3,0
2026-09-12,NODE-005,Greater Kailash Block N,South Delhi Zone 3,500,20000,5,9,1,0,0,,0,35.8,87,0.0,321.3,64.3,0
2026-09-12,NODE-006,Defence Colony Main Road,South Delhi Zone 3,600,22000,5,9,1,0,0,,0,35.8,87,0.0,425.6,70.9,0
2026-09-12,NODE-007,CR Park Bengali Colony,South Delhi Zone 3,500,28000,5,9,1,0,0,,0,35.8,87,0.0,402.9,80.6,0
2026-09-12,NODE-008,Jangpura Extension Market,South Delhi Zone 3,450,30000,5,9,1,0,0,,0,35.8,87,0.0,357.5,79.4,0
2026-09-12,NODE-009,Bhogal Vegetable Market,South Delhi Zone 3,700,40000,5,9,1,0,0,,0,35.8,87,0.0,670.2,95.7,0
2026-09-12,NODE-010,Andrews Ganj Colony,South Delhi Zone 3,350,18000,5,9,1,0,0,,0,35.8,87,0.0,235.2,67.2,0
2026-09-12,NODE-011,Moolchand Market Cluster,South Delhi Zone 3,550,26000,5,9,1,0,0,,0,35.8,87,0.0,426.0,77.5,0
2026-09-12,NODE-012,Sidhartha Nagar Bins,South Delhi Zone 3,400,35000,5,9,1,0,0,,0,35.8,87,0.0,326.0,81.5,0
2026-09-12,NODE-013,Kotla Mubarakpur Street,South Delhi Zone 3,480,33000,5,9,1,0,0,,0,35.8,87,0.0,382.8,79.8,0
2026-09-12,NODE-014,Malviya Nagar Main Market,South Delhi Zone 4,700,30000,5,9,1,0,0,,0,35.8,87,0.0,565.6,80.8,0
2026-09-12,NODE-015,Okhla Phase 1 Industrial Area,South Delhi Zone 4,1500,15000,5,9,1,0,0,,0,35.8,87,0.0,897.8,59.9,0
2026-09-12,NODE-016,Hauz Khas Village Cluster,South Delhi Zone 4,450,18000,5,9,1,0,0,,0,35.8,87,0.0,325.0,72.2,0
2026-09-12,NODE-017,Saket Select Citywalk Area,South Delhi Zone 4,900,25000,5,9,1,0,0,,0,35.8,87,0.0,671.0,74.6,0
2026-09-12,NODE-018,Sheikh Sarai Phase 2,South Delhi Zone 4,400,22000,5,9,1,0,0,,0,35.8,87,0.0,274.3,68.6,0
2026-09-12,NODE-019,Kalkaji Main Road Bins,South Delhi Zone 4,600,36000,5,9,1,0,0,,0,35.8,87,0.0,521.3,86.9,0
2026-09-12,NODE-020,Govindpuri Market Cluster,South Delhi Zone 4,550,42000,5,9,1,0,0,,0,35.8,87,0.0,475.5,86.5,0
2026-09-12,NODE-021,Sangam Vihar Block A,South Delhi Zone 4,800,48000,5,9,1,0,0,,0,35.8,87,0.0,796.5,99.6,1
2026-09-12,NODE-022,Madanpur Khadar Bins,South Delhi Zone 4,650,44000,5,9,1,0,0,,0,35.8,87,0.0,638.1,98.2,1
2026-09-12,NODE-023,Jasola Apollo Hospital Area,South Delhi Zone 4,500,20000,5,9,1,0,0,,0,35.8,87,0.0,331.5,66.3,0
2026-09-12,NODE-024,Alaknanda Market Community Bins,South Delhi Zone 4,480,27000,5,9,1,0,0,,0,35.8,87,0.0,343.3,71.5,0
2026-09-12,NODE-025,Pul Prehladpur Cluster,South Delhi Zone 4,700,39000,5,9,1,0,0,,0,35.8,87,0.0,628.5,89.8,0
2026-09-13,NODE-001,Lajpat Nagar Market Bin Cluster,South Delhi Zone 3,800,38000,6,9,1,0,0,,0,29.3,73,0.0,705.0,88.1,0
2026-09-13,NODE-002,Sarojini Nagar Community Bins,South Delhi Zone 3,600,32000,6,9,1,0,0,,0,29.3,73,0.0,478.6,79.8,0
2026-09-13,NODE-003,INA Colony Street Cluster,South Delhi Zone 3,400,25000,6,9,1,0,0,,0,29.3,73,0.0,285.0,71.3,0
2026-09-13,NODE-004,Nehru Place Commercial Hub,South Delhi Zone 3,1200,45000,6,9,1,0,0,,0,29.3,73,0.0,1209.4,100.8,1
2026-09-13,NODE-005,Greater Kailash Block N,South Delhi Zone 3,500,20000,6,9,1,0,0,,0,29.3,73,0.0,351.7,70.3,0
2026-09-13,NODE-006,Defence Colony Main Road,South Delhi Zone 3,600,22000,6,9,1,0,0,,0,29.3,73,0.0,441.4,73.6,0
2026-09-13,NODE-007,CR Park Bengali Colony,South Delhi Zone 3,500,28000,6,9,1,0,0,,0,29.3,73,0.0,397.8,79.6,0
2026-09-13,NODE-008,Jangpura Extension Market,South Delhi Zone 3,450,30000,6,9,1,0,0,,0,29.3,73,0.0,336.6,74.8,0
2026-09-13,NODE-009,Bhogal Vegetable Market,South Delhi Zone 3,700,40000,6,9,1,0,0,,0,29.3,73,0.0,649.2,92.7,0
2026-09-13,NODE-010,Andrews Ganj Colony,South Delhi Zone 3,350,18000,6,9,1,0,0,,0,29.3,73,0.0,226.8,64.8,0
2026-09-13,NODE-011,Moolchand Market Cluster,South Delhi Zone 3,550,26000,6,9,1,0,0,,0,29.3,73,0.0,414.0,75.3,0
2026-09-13,NODE-012,Sidhartha Nagar Bins,South Delhi Zone 3,400,35000,6,9,1,0,0,,0,29.3,73,0.0,346.1,86.5,0
2026-09-13,NODE-013,Kotla Mubarakpur Street,South Delhi Zone 3,480,33000,6,9,1,0,0,,0,29.3,73,0.0,383.8,80.0,0
2026-09-13,NODE-014,Malviya Nagar Main Market,South Delhi Zone 4,700,30000,6,9,1,0,0,,0,29.3,73,0.0,595.8,85.1,0
2026-09-13,NODE-015,Okhla Phase 1 Industrial Area,South Delhi Zone 4,1500,15000,6,9,1,0,0,,0,29.3,73,0.0,1009.0,67.3,0
2026-09-13,NODE-016,Hauz Khas Village Cluster,South Delhi Zone 4,450,18000,6,9,1,0,0,,0,29.3,73,0.0,282.4,62.7,0
2026-09-13,NODE-017,Saket Select Citywalk Area,South Delhi Zone 4,900,25000,6,9,1,0,0,,0,29.3,73,0.0,653.3,72.6,0
2026-09-13,NODE-018,Sheikh Sarai Phase 2,South Delhi Zone 4,400,22000,6,9,1,0,0,,0,29.3,73,0.0,269.7,67.4,0
2026-09-13,NODE-019,Kalkaji Main Road Bins,South Delhi Zone 4,600,36000,6,9,1,0,0,,0,29.3,73,0.0,513.0,85.5,0
2026-09-13,NODE-020,Govindpuri Market Cluster,South Delhi Zone 4,550,42000,6,9,1,0,0,,0,29.3,73,0.0,468.2,85.1,0
2026-09-13,NODE-021,Sangam Vihar Block A,South Delhi Zone 4,800,48000,6,9,1,0,0,,0,29.3,73,0.0,748.5,93.6,0
2026-09-13,NODE-022,Madanpur Khadar Bins,South Delhi Zone 4,650,44000,6,9,1,0,0,,0,29.3,73,0.0,585.4,90.1,0
2026-09-13,NODE-023,Jasola Apollo Hospital Area,South Delhi Zone 4,500,20000,6,9,1,0,0,,0,29.3,73,0.0,350.5,70.1,0
2026-09-13,NODE-024,Alaknanda Market Community Bins,South Delhi Zone 4,480,27000,6,9,1,0,0,,0,29.3,73,0.0,374.5,78.0,0
2026-09-13,NODE-025,Pul Prehladpur Cluster,South Delhi Zone 4,700,39000,6,9,1,0,0,,0,29.3,73,0.0,600.4,85.8,0
2026-09-14,NODE-001,Lajpat Nagar Market Bin Cluster,South Delhi Zone 3,800,38000,0,9,0,1,0,,65,33.9,65,32.6,670.0,83.7,0
2026-09-14,NODE-002,Sarojini Nagar Community Bins,South Delhi Zone 3,600,32000,0,9,0,1,0,,65,33.9,65,32.6,451.6,75.3,0
2026-09-14,NODE-003,INA Colony Street Cluster,South Delhi Zone 3,400,25000,0,9,0,1,0,,65,33.9,65,32.6,311.6,77.9,0
2026-09-14,NODE-004,Nehru Place Commercial Hub,South Delhi Zone 3,1200,45000,0,9,0,1,0,,65,33.9,65,32.6,1106.2,92.2,0
2026-09-14,NODE-005,Greater Kailash Block N,South Delhi Zone 3,500,20000,0,9,0,1,0,,65,33.9,65,32.6,338.8,67.8,0
2026-09-14,NODE-006,Defence Colony Main Road,South Delhi Zone 3,600,22000,0,9,0,1,0,,65,33.9,65,32.6,408.3,68.0,0
2026-09-14,NODE-007,CR Park Bengali Colony,South Delhi Zone 3,500,28000,0,9,0,1,0,,65,33.9,65,32.6,392.5,78.5,0
2026-09-14,NODE-008,Jangpura Extension Market,South Delhi Zone 3,450,30000,0,9,0,1,0,,65,33.9,65,32.6,333.7,74.2,0
2026-09-14,NODE-009,Bhogal Vegetable Market,South Delhi Zone 3,700,40000,0,9,0,1,0,,65,33.9,65,32.6,582.5,83.2,0
2026-09-14,NODE-010,Andrews Ganj Colony,South Delhi Zone 3,350,18000,0,9,0,1,0,,65,33.9,65,32.6,227.2,64.9,0
2026-09-14,NODE-011,Moolchand Market Cluster,South Delhi Zone 3,550,26000,0,9,0,1,0,,65,33.9,65,32.6,423.2,77.0,0
2026-09-14,NODE-012,Sidhartha Nagar Bins,South Delhi Zone 3,400,35000,0,9,0,1,0,,65,33.9,65,32.6,319.4,79.8,0
2026-09-14,NODE-013,Kotla Mubarakpur Street,South Delhi Zone 3,480,33000,0,9,0,1,0,,65,33.9,65,32.6,408.9,85.2,0
2026-09-14,NODE-014,Malviya Nagar Main Market,South Delhi Zone 4,700,30000,0,9,0,1,0,,65,33.9,65,32.6,582.4,83.2,0
2026-09-14,NODE-015,Okhla Phase 1 Industrial Area,South Delhi Zone 4,1500,15000,0,9,0,1,0,,65,33.9,65,32.6,963.1,64.2,0
2026-09-14,NODE-016,Hauz Khas Village Cluster,South Delhi Zone 4,450,18000,0,9,0,1,0,,65,33.9,65,32.6,278.7,61.9,0
2026-09-14,NODE-017,Saket Select Citywalk Area,South Delhi Zone 4,900,25000,0,9,0,1,0,,65,33.9,65,32.6,622.7,69.2,0
2026-09-14,NODE-018,Sheikh Sarai Phase 2,South Delhi Zone 4,400,22000,0,9,0,1,0,,65,33.9,65,32.6,272.2,68.1,0
2026-09-14,NODE-019,Kalkaji Main Road Bins,South Delhi Zone 4,600,36000,0,9,0,1,0,,65,33.9,65,32.6,483.6,80.6,0
2026-09-14,NODE-020,Govindpuri Market Cluster,South Delhi Zone 4,550,42000,0,9,0,1,0,,65,33.9,65,32.6,481.9,87.6,0
2026-09-14,NODE-021,Sangam Vihar Block A,South Delhi Zone 4,800,48000,0,9,0,1,0,,65,33.9,65,32.6,680.1,85.0,0
2026-09-14,NODE-022,Madanpur Khadar Bins,South Delhi Zone 4,650,44000,0,9,0,1,0,,65,33.9,65,32.6,607.5,93.5,0
2026-09-14,NODE-023,Jasola Apollo Hospital Area,South Delhi Zone 4,500,20000,0,9,0,1,0,,65,33.9,65,32.6,335.6,67.1,0
2026-09-14,NODE-024,Alaknanda Market Community Bins,South Delhi Zone 4,480,27000,0,9,0,1,0,,65,33.9,65,32.6,342.6,71.4,0
2026-09-14,NODE-025,Pul Prehladpur Cluster,South Delhi Zone 4,700,39000,0,9,0,1,0,,65,33.9,65,32.6,559.8,80.0,0
2026-09-15,NODE-001,Lajpat Nagar Market Bin Cluster,South Delhi Zone 3,800,38000,1,9,0,0,0,,65,34.2,72,17.8,568.1,71.0,0
2026-09-15,NODE-002,Sarojini Nagar Community Bins,South Delhi Zone 3,600,32000,1,9,0,0,0,,65,34.2,72,17.8,459.3,76.5,0
2026-09-15,NODE-003,INA Colony Street Cluster,South Delhi Zone 3,400,25000,1,9,0,0,0,,65,34.2,72,17.8,274.3,68.6,0
2026-09-15,NODE-004,Nehru Place Commercial Hub,South Delhi Zone 3,1200,45000,1,9,0,0,0,,65,34.2,72,17.8,938.8,78.2,0
2026-09-15,NODE-005,Greater Kailash Block N,South Delhi Zone 3,500,20000,1,9,0,0,0,,65,34.2,72,17.8,313.8,62.8,0
2026-09-15,NODE-006,Defence Colony Main Road,South Delhi Zone 3,600,22000,1,9,0,0,0,,65,34.2,72,17.8,392.1,65.4,0
2026-09-15,NODE-007,CR Park Bengali Colony,South Delhi Zone 3,500,28000,1,9,0,0,0,,65,34.2,72,17.8,320.3,64.1,0
2026-09-15,NODE-008,Jangpura Extension Market,South Delhi Zone 3,450,30000,1,9,0,0,0,,65,34.2,72,17.8,302.0,67.1,0
2026-09-15,NODE-009,Bhogal Vegetable Market,South Delhi Zone 3,700,40000,1,9,0,0,0,,65,34.2,72,17.8,538.5,76.9,0
2026-09-15,NODE-010,Andrews Ganj Colony,South Delhi Zone 3,350,18000,1,9,0,0,0,,65,34.2,72,17.8,201.5,57.6,0
2026-09-15,NODE-011,Moolchand Market Cluster,South Delhi Zone 3,550,26000,1,9,0,0,0,,65,34.2,72,17.8,340.1,61.8,0
2026-09-15,NODE-012,Sidhartha Nagar Bins,South Delhi Zone 3,400,35000,1,9,0,0,0,,65,34.2,72,17.8,302.6,75.7,0
2026-09-15,NODE-013,Kotla Mubarakpur Street,South Delhi Zone 3,480,33000,1,9,0,0,0,,65,34.2,72,17.8,320.7,66.8,0
2026-09-15,NODE-014,Malviya Nagar Main Market,South Delhi Zone 4,700,30000,1,9,0,0,0,,65,34.2,72,17.8,520.7,74.4,0
2026-09-15,NODE-015,Okhla Phase 1 Industrial Area,South Delhi Zone 4,1500,15000,1,9,0,0,0,,65,34.2,72,17.8,806.9,53.8,0
2026-09-15,NODE-016,Hauz Khas Village Cluster,South Delhi Zone 4,450,18000,1,9,0,0,0,,65,34.2,72,17.8,246.7,54.8,0
2026-09-15,NODE-017,Saket Select Citywalk Area,South Delhi Zone 4,900,25000,1,9,0,0,0,,65,34.2,72,17.8,550.3,61.1,0
2026-09-15,NODE-018,Sheikh Sarai Phase 2,South Delhi Zone 4,400,22000,1,9,0,0,0,,65,34.2,72,17.8,238.4,59.6,0
2026-09-15,NODE-019,Kalkaji Main Road Bins,South Delhi Zone 4,600,36000,1,9,0,0,0,,65,34.2,72,17.8,414.3,69.0,0
2026-09-15,NODE-020,Govindpuri Market Cluster,South Delhi Zone 4,550,42000,1,9,0,0,0,,65,34.2,72,17.8,448.6,81.6,0
2026-09-15,NODE-021,Sangam Vihar Block A,South Delhi Zone 4,800,48000,1,9,0,0,0,,65,34.2,72,17.8,646.8,80.9,0
2026-09-15,NODE-022,Madanpur Khadar Bins,South Delhi Zone 4,650,44000,1,9,0,0,0,,65,34.2,72,17.8,528.7,81.3,0
2026-09-15,NODE-023,Jasola Apollo Hospital Area,South Delhi Zone 4,500,20000,1,9,0,0,0,,65,34.2,72,17.8,310.9,62.2,0
2026-09-15,NODE-024,Alaknanda Market Community Bins,South Delhi Zone 4,480,27000,1,9,0,0,0,,65,34.2,72,17.8,326.0,67.9,0
2026-09-15,NODE-025,Pul Prehladpur Cluster,South Delhi Zone 4,700,39000,1,9,0,0,0,,65,34.2,72,17.8,501.4,71.6,0
2026-09-16,NODE-001,Lajpat Nagar Market Bin Cluster,South Delhi Zone 3,800,38000,2,9,0,0,0,,0,33.7,65,0.0,582.9,72.9,0
2026-09-16,NODE-002,Sarojini Nagar Community Bins,South Delhi Zone 3,600,32000,2,9,0,0,0,,0,33.7,65,0.0,363.8,60.6,0
2026-09-16,NODE-003,INA Colony Street Cluster,South Delhi Zone 3,400,25000,2,9,0,0,0,,0,33.7,65,0.0,232.7,58.2,0
2026-09-16,NODE-004,Nehru Place Commercial Hub,South Delhi Zone 3,1200,45000,2,9,0,0,0,,0,33.7,65,0.0,937.0,78.1,0
2026-09-16,NODE-005,Greater Kailash Block N,South Delhi Zone 3,500,20000,2,9,0,0,0,,0,33.7,65,0.0,253.9,50.8,0
2026-09-16,NODE-006,Defence Colony Main Road,South Delhi Zone 3,600,22000,2,9,0,0,0,,0,33.7,65,0.0,352.0,58.7,0
2026-09-16,NODE-007,CR Park Bengali Colony,South Delhi Zone 3,500,28000,2,9,0,0,0,,0,33.7,65,0.0,281.4,56.3,0
2026-09-16,NODE-008,Jangpura Extension Market,South Delhi Zone 3,450,30000,2,9,0,0,0,,0,33.7,65,0.0,281.9,62.6,0
2026-09-16,NODE-009,Bhogal Vegetable Market,South Delhi Zone 3,700,40000,2,9,0,0,0,,0,33.7,65,0.0,522.0,74.6,0
2026-09-16,NODE-010,Andrews Ganj Colony,South Delhi Zone 3,350,18000,2,9,0,0,0,,0,33.7,65,0.0,182.7,52.2,0
2026-09-16,NODE-011,Moolchand Market Cluster,South Delhi Zone 3,550,26000,2,9,0,0,0,,0,33.7,65,0.0,317.8,57.8,0
2026-09-16,NODE-012,Sidhartha Nagar Bins,South Delhi Zone 3,400,35000,2,9,0,0,0,,0,33.7,65,0.0,272.3,68.1,0
2026-09-16,NODE-013,Kotla Mubarakpur Street,South Delhi Zone 3,480,33000,2,9,0,0,0,,0,33.7,65,0.0,324.9,67.7,0
2026-09-16,NODE-014,Malviya Nagar Main Market,South Delhi Zone 4,700,30000,2,9,0,0,0,,0,33.7,65,0.0,418.2,59.7,0
2026-09-16,NODE-015,Okhla Phase 1 Industrial Area,South Delhi Zone 4,1500,15000,2,9,0,0,0,,0,33.7,65,0.0,703.7,46.9,0
2026-09-16,NODE-016,Hauz Khas Village Cluster,South Delhi Zone 4,450,18000,2,9,0,0,0,,0,33.7,65,0.0,221.8,49.3,0
2026-09-16,NODE-017,Saket Select Citywalk Area,South Delhi Zone 4,900,25000,2,9,0,0,0,,0,33.7,65,0.0,507.8,56.4,0
2026-09-16,NODE-018,Sheikh Sarai Phase 2,South Delhi Zone 4,400,22000,2,9,0,0,0,,0,33.7,65,0.0,239.8,60.0,0
2026-09-16,NODE-019,Kalkaji Main Road Bins,South Delhi Zone 4,600,36000,2,9,0,0,0,,0,33.7,65,0.0,429.3,71.6,0
2026-09-16,NODE-020,Govindpuri Market Cluster,South Delhi Zone 4,550,42000,2,9,0,0,0,,0,33.7,65,0.0,366.4,66.6,0
2026-09-16,NODE-021,Sangam Vihar Block A,South Delhi Zone 4,800,48000,2,9,0,0,0,,0,33.7,65,0.0,609.2,76.1,0
2026-09-16,NODE-022,Madanpur Khadar Bins,South Delhi Zone 4,650,44000,2,9,0,0,0,,0,33.7,65,0.0,475.2,73.1,0
2026-09-16,NODE-023,Jasola Apollo Hospital Area,South Delhi Zone 4,500,20000,2,9,0,0,0,,0,33.7,65,0.0,258.7,51.7,0
2026-09-16,NODE-024,Alaknanda Market Community Bins,South Delhi Zone 4,480,27000,2,9,0,0,0,,0,33.7,65,0.0,288.1,60.0,0
2026-09-16,NODE-025,Pul Prehladpur Cluster,South Delhi Zone 4,700,39000,2,9,0,0,0,,0,33.7,65,0.0,463.1,66.2,0
2026-09-17,NODE-001,Lajpat Nagar Market Bin Cluster,South Delhi Zone 3,800,38000,3,9,0,0,1,Anant Chaturdashi,61,29.4,88,27.3,857.0,107.1,1
2026-09-17,NODE-002,Sarojini Nagar Community Bins,South Delhi Zone 3,600,32000,3,9,0,0,1,Anant Chaturdashi,61,29.4,88,27.3,601.5,100.2,1
2026-09-17,NODE-003,INA Colony Street Cluster,South Delhi Zone 3,400,25000,3,9,0,0,1,Anant Chaturdashi,61,29.4,88,27.3,356.6,89.2,0
2026-09-17,NODE-004,Nehru Place Commercial Hub,South Delhi Zone 3,1200,45000,3,9,0,0,1,Anant Chaturdashi,61,29.4,88,27.3,1370.8,114.2,1
2026-09-17,NODE-005,Greater Kailash Block N,South Delhi Zone 3,500,20000,3,9,0,0,1,Anant Chaturdashi,61,29.4,88,27.3,424.9,85.0,0
2026-09-17,NODE-006,Defence Colony Main Road,South Delhi Zone 3,600,22000,3,9,0,0,1,Anant Chaturdashi,61,29.4,88,27.3,501.8,83.6,0
2026-09-17,NODE-007,CR Park Bengali Colony,South Delhi Zone 3,500,28000,3,9,0,0,1,Anant Chaturdashi,61,29.4,88,27.3,428.7,85.7,0
2026-09-17,NODE-008,Jangpura Extension Market,South Delhi Zone 3,450,30000,3,9,0,0,1,Anant Chaturdashi,61,29.4,88,27.3,442.1,98.2,1
2026-09-17,NODE-009,Bhogal Vegetable Market,South Delhi Zone 3,700,40000,3,9,0,0,1,Anant Chaturdashi,61,29.4,88,27.3,743.5,106.2,1
2026-09-17,NODE-010,Andrews Ganj Colony,South Delhi Zone 3,350,18000,3,9,0,0,1,Anant Chaturdashi,61,29.4,88,27.3,280.3,80.1,0
2026-09-17,NODE-011,Moolchand Market Cluster,South Delhi Zone 3,550,26000,3,9,0,0,1,Anant Chaturdashi,61,29.4,88,27.3,503.2,91.5,0
2026-09-17,NODE-012,Sidhartha Nagar Bins,South Delhi Zone 3,400,35000,3,9,0,0,1,Anant Chaturdashi,61,29.4,88,27.3,400.6,100.1,1
2026-09-17,NODE-013,Kotla Mubarakpur Street,South Delhi Zone 3,480,33000,3,9,0,0,1,Anant Chaturdashi,61,29.4,88,27.3,474.5,98.9,1
2026-09-17,NODE-014,Malviya Nagar Main Market,South Delhi Zone 4,700,30000,3,9,0,0,1,Anant Chaturdashi,61,29.4,88,27.3,702.5,100.4,1
2026-09-17,NODE-015,Okhla Phase 1 Industrial Area,South Delhi Zone 4,1500,15000,3,9,0,0,1,Anant Chaturdashi,61,29.4,88,27.3,1222.3,81.5,0
2026-09-17,NODE-016,Hauz Khas Village Cluster,South Delhi Zone 4,450,18000,3,9,0,0,1,Anant Chaturdashi,61,29.4,88,27.3,363.0,80.7,0
2026-09-17,NODE-017,Saket Select Citywalk Area,South Delhi Zone 4,900,25000,3,9,0,0,1,Anant Chaturdashi,61,29.4,88,27.3,855.8,95.1,0
2026-09-17,NODE-018,Sheikh Sarai Phase 2,South Delhi Zone 4,400,22000,3,9,0,0,1,Anant Chaturdashi,61,29.4,88,27.3,357.2,89.3,0
2026-09-17,NODE-019,Kalkaji Main Road Bins,South Delhi Zone 4,600,36000,3,9,0,0,1,Anant Chaturdashi,61,29.4,88,27.3,596.1,99.3,1
2026-09-17,NODE-020,Govindpuri Market Cluster,South Delhi Zone 4,550,42000,3,9,0,0,1,Anant Chaturdashi,61,29.4,88,27.3,604.8,110.0,1
2026-09-17,NODE-021,Sangam Vihar Block A,South Delhi Zone 4,800,48000,3,9,0,0,1,Anant Chaturdashi,61,29.4,88,27.3,935.5,116.9,1
2026-09-17,NODE-022,Madanpur Khadar Bins,South Delhi Zone 4,650,44000,3,9,0,0,1,Anant Chaturdashi,61,29.4,88,27.3,694.7,106.9,1
2026-09-17,NODE-023,Jasola Apollo Hospital Area,South Delhi Zone 4,500,20000,3,9,0,0,1,Anant Chaturdashi,61,29.4,88,27.3,394.5,78.9,0
2026-09-17,NODE-024,Alaknanda Market Community Bins,South Delhi Zone 4,480,27000,3,9,0,0,1,Anant Chaturdashi,61,29.4,88,27.3,437.0,91.0,0
2026-09-17,NODE-025,Pul Prehladpur Cluster,South Delhi Zone 4,700,39000,3,9,0,0,1,Anant Chaturdashi,61,29.4,88,27.3,714.9,102.1,1
2026-09-18,NODE-001,Lajpat Nagar Market Bin Cluster,South Delhi Zone 3,800,38000,4,9,0,0,0,,61,34.0,76,43.5,605.6,75.7,0
2026-09-18,NODE-002,Sarojini Nagar Community Bins,South Delhi Zone 3,600,32000,4,9,0,0,0,,61,34.0,76,43.5,420.3,70.0,0
2026-09-18,NODE-003,INA Colony Street Cluster,South Delhi Zone 3,400,25000,4,9,0,0,0,,61,34.0,76,43.5,270.4,67.6,0
2026-09-18,NODE-004,Nehru Place Commercial Hub,South Delhi Zone 3,1200,45000,4,9,0,0,0,,61,34.0,76,43.5,1064.2,88.7,0
2026-09-18,NODE-005,Greater Kailash Block N,South Delhi Zone 3,500,20000,4,9,0,0,0,,61,34.0,76,43.5,309.6,61.9,0
2026-09-18,NODE-006,Defence Colony Main Road,South Delhi Zone 3,600,22000,4,9,0,0,0,,61,34.0,76,43.5,377.2,62.9,0
2026-09-18,NODE-007,CR Park Bengali Colony,South Delhi Zone 3,500,28000,4,9,0,0,0,,61,34.0,76,43.5,365.8,73.2,0
2026-09-18,NODE-008,Jangpura Extension Market,South Delhi Zone 3,450,30000,4,9,0,0,0,,61,34.0,76,43.5,302.9,67.3,0
2026-09-18,NODE-009,Bhogal Vegetable Market,South Delhi Zone 3,700,40000,4,9,0,0,0,,61,34.0,76,43.5,528.9,75.6,0
2026-09-18,NODE-010,Andrews Ganj Colony,South Delhi Zone 3,350,18000,4,9,0,0,0,,61,34.0,76,43.5,198.2,56.6,0
2026-09-18,NODE-011,Moolchand Market Cluster,South Delhi Zone 3,550,26000,4,9,0,0,0,,61,34.0,76,43.5,384.2,69.9,0
2026-09-18,NODE-012,Sidhartha Nagar Bins,South Delhi Zone 3,400,35000,4,9,0,0,0,,61,34.0,76,43.5,272.5,68.1,0
2026-09-18,NODE-013,Kotla Mubarakpur Street,South Delhi Zone 3,480,33000,4,9,0,0,0,,61,34.0,76,43.5,363.8,75.8,0
2026-09-18,NODE-014,Malviya Nagar Main Market,South Delhi Zone 4,700,30000,4,9,0,0,0,,61,34.0,76,43.5,501.4,71.6,0
2026-09-18,NODE-015,Okhla Phase 1 Industrial Area,South Delhi Zone 4,1500,15000,4,9,0,0,0,,61,34.0,76,43.5,820.1,54.7,0
2026-09-18,NODE-016,Hauz Khas Village Cluster,South Delhi Zone 4,450,18000,4,9,0,0,0,,61,34.0,76,43.5,269.0,59.8,0
2026-09-18,NODE-017,Saket Select Citywalk Area,South Delhi Zone 4,900,25000,4,9,0,0,0,,61,34.0,76,43.5,592.5,65.8,0
2026-09-18,NODE-018,Sheikh Sarai Phase 2,South Delhi Zone 4,400,22000,4,9,0,0,0,,61,34.0,76,43.5,267.8,67.0,0
2026-09-18,NODE-019,Kalkaji Main Road Bins,South Delhi Zone 4,600,36000,4,9,0,0,0,,61,34.0,76,43.5,423.1,70.5,0
2026-09-18,NODE-020,Govindpuri Market Cluster,South Delhi Zone 4,550,42000,4,9,0,0,0,,61,34.0,76,43.5,406.2,73.9,0
2026-09-18,NODE-021,Sangam Vihar Block A,South Delhi Zone 4,800,48000,4,9,0,0,0,,61,34.0,76,43.5,643.4,80.4,0
2026-09-18,NODE-022,Madanpur Khadar Bins,South Delhi Zone 4,650,44000,4,9,0,0,0,,61,34.0,76,43.5,498.9,76.8,0
2026-09-18,NODE-023,Jasola Apollo Hospital Area,South Delhi Zone 4,500,20000,4,9,0,0,0,,61,34.0,76,43.5,298.4,59.7,0
2026-09-18,NODE-024,Alaknanda Market Community Bins,South Delhi Zone 4,480,27000,4,9,0,0,0,,61,34.0,76,43.5,325.6,67.8,0
2026-09-18,NODE-025,Pul Prehladpur Cluster,South Delhi Zone 4,700,39000,4,9,0,0,0,,61,34.0,76,43.5,517.3,73.9,0
2026-09-19,NODE-001,Lajpat Nagar Market Bin Cluster,South Delhi Zone 3,800,38000,5,9,1,0,0,,65,28.7,77,27.8,743.8,93.0,0
2026-09-19,NODE-002,Sarojini Nagar Community Bins,South Delhi Zone 3,600,32000,5,9,1,0,0,,65,28.7,77,27.8,508.2,84.7,0
2026-09-19,NODE-003,INA Colony Street Cluster,South Delhi Zone 3,400,25000,5,9,1,0,0,,65,28.7,77,27.8,323.6,80.9,0
2026-09-19,NODE-004,Nehru Place Commercial Hub,South Delhi Zone 3,1200,45000,5,9,1,0,0,,65,28.7,77,27.8,1256.5,104.7,1
2026-09-19,NODE-005,Greater Kailash Block N,South Delhi Zone 3,500,20000,5,9,1,0,0,,65,28.7,77,27.8,388.2,77.6,0
2026-09-19,NODE-006,Defence Colony Main Road,South Delhi Zone 3,600,22000,5,9,1,0,0,,65,28.7,77,27.8,510.4,85.1,0
2026-09-19,NODE-007,CR Park Bengali Colony,South Delhi Zone 3,500,28000,5,9,1,0,0,,65,28.7,77,27.8,446.5,89.3,0
2026-09-19,NODE-008,Jangpura Extension Market,South Delhi Zone 3,450,30000,5,9,1,0,0,,65,28.7,77,27.8,419.4,93.2,0
2026-09-19,NODE-009,Bhogal Vegetable Market,South Delhi Zone 3,700,40000,5,9,1,0,0,,65,28.7,77,27.8,651.8,93.1,0
2026-09-19,NODE-010,Andrews Ganj Colony,South Delhi Zone 3,350,18000,5,9,1,0,0,,65,28.7,77,27.8,270.6,77.3,0
2026-09-19,NODE-011,Moolchand Market Cluster,South Delhi Zone 3,550,26000,5,9,1,0,0,,65,28.7,77,27.8,429.4,78.1,0
2026-09-19,NODE-012,Sidhartha Nagar Bins,South Delhi Zone 3,400,35000,5,9,1,0,0,,65,28.7,77,27.8,395.0,98.8,1
2026-09-19,NODE-013,Kotla Mubarakpur Street,South Delhi Zone 3,480,33000,5,9,1,0,0,,65,28.7,77,27.8,432.9,90.2,0
2026-09-19,NODE-014,Malviya Nagar Main Market,South Delhi Zone 4,700,30000,5,9,1,0,0,,65,28.7,77,27.8,648.5,92.6,0
2026-09-19,NODE-015,Okhla Phase 1 Industrial Area,South Delhi Zone 4,1500,15000,5,9,1,0,0,,65,28.7,77,27.8,1158.2,77.2,0
2026-09-19,NODE-016,Hauz Khas Village Cluster,South Delhi Zone 4,450,18000,5,9,1,0,0,,65,28.7,77,27.8,331.2,73.6,0
2026-09-19,NODE-017,Saket Select Citywalk Area,South Delhi Zone 4,900,25000,5,9,1,0,0,,65,28.7,77,27.8,794.5,88.3,0
2026-09-19,NODE-018,Sheikh Sarai Phase 2,South Delhi Zone 4,400,22000,5,9,1,0,0,,65,28.7,77,27.8,316.5,79.1,0
2026-09-19,NODE-019,Kalkaji Main Road Bins,South Delhi Zone 4,600,36000,5,9,1,0,0,,65,28.7,77,27.8,610.5,101.8,1
2026-09-19,NODE-020,Govindpuri Market Cluster,South Delhi Zone 4,550,42000,5,9,1,0,0,,65,28.7,77,27.8,525.6,95.6,0
2026-09-19,NODE-021,Sangam Vihar Block A,South Delhi Zone 4,800,48000,5,9,1,0,0,,65,28.7,77,27.8,876.3,109.5,1
2026-09-19,NODE-022,Madanpur Khadar Bins,South Delhi Zone 4,650,44000,5,9,1,0,0,,65,28.7,77,27.8,702.2,108.0,1
2026-09-19,NODE-023,Jasola Apollo Hospital Area,South Delhi Zone 4,500,20000,5,9,1,0,0,,65,28.7,77,27.8,410.6,82.1,0
2026-09-19,NODE-024,Alaknanda Market Community Bins,South Delhi Zone 4,480,27000,5,9,1,0,0,,65,28.7,77,27.8,438.0,91.3,0
2026-09-19,NODE-025,Pul Prehladpur Cluster,South Delhi Zone 4,700,39000,5,9,1,0,0,,65,28.7,77,27.8,704.0,100.6,1
2026-09-20,NODE-001,Lajpat Nagar Market Bin Cluster,South Delhi Zone 3,800,38000,6,9,1,0,0,,61,28.4,81,6.6,784.0,98.0,1
2026-09-20,NODE-002,Sarojini Nagar Community Bins,South Delhi Zone 3,600,32000,6,9,1,0,0,,61,28.4,81,6.6,514.5,85.8,0
2026-09-20,NODE-003,INA Colony Street Cluster,South Delhi Zone 3,400,25000,6,9,1,0,0,,61,28.4,81,6.6,333.0,83.3,0
2026-09-20,NODE-004,Nehru Place Commercial Hub,South Delhi Zone 3,1200,45000,6,9,1,0,0,,61,28.4,81,6.6,1203.7,100.3,1
2026-09-20,NODE-005,Greater Kailash Block N,South Delhi Zone 3,500,20000,6,9,1,0,0,,61,28.4,81,6.6,360.9,72.2,0
2026-09-20,NODE-006,Defence Colony Main Road,South Delhi Zone 3,600,22000,6,9,1,0,0,,61,28.4,81,6.6,497.5,82.9,0
2026-09-20,NODE-007,CR Park Bengali Colony,South Delhi Zone 3,500,28000,6,9,1,0,0,,61,28.4,81,6.6,425.0,85.0,0
2026-09-20,NODE-008,Jangpura Extension Market,South Delhi Zone 3,450,30000,6,9,1,0,0,,61,28.4,81,6.6,395.5,87.9,0
2026-09-20,NODE-009,Bhogal Vegetable Market,South Delhi Zone 3,700,40000,6,9,1,0,0,,61,28.4,81,6.6,707.5,101.1,1
2026-09-20,NODE-010,Andrews Ganj Colony,South Delhi Zone 3,350,18000,6,9,1,0,0,,61,28.4,81,6.6,264.8,75.7,0
2026-09-20,NODE-011,Moolchand Market Cluster,South Delhi Zone 3,550,26000,6,9,1,0,0,,61,28.4,81,6.6,443.1,80.6,0
2026-09-20,NODE-012,Sidhartha Nagar Bins,South Delhi Zone 3,400,35000,6,9,1,0,0,,61,28.4,81,6.6,363.8,90.9,0
2026-09-20,NODE-013,Kotla Mubarakpur Street,South Delhi Zone 3,480,33000,6,9,1,0,0,,61,28.4,81,6.6,433.8,90.4,0
2026-09-20,NODE-014,Malviya Nagar Main Market,South Delhi Zone 4,700,30000,6,9,1,0,0,,61,28.4,81,6.6,584.1,83.4,0
2026-09-20,NODE-015,Okhla Phase 1 Industrial Area,South Delhi Zone 4,1500,15000,6,9,1,0,0,,61,28.4,81,6.6,1012.5,67.5,0
2026-09-20,NODE-016,Hauz Khas Village Cluster,South Delhi Zone 4,450,18000,6,9,1,0,0,,61,28.4,81,6.6,344.1,76.5,0
2026-09-20,NODE-017,Saket Select Citywalk Area,South Delhi Zone 4,900,25000,6,9,1,0,0,,61,28.4,81,6.6,695.0,77.2,0
2026-09-20,NODE-018,Sheikh Sarai Phase 2,South Delhi Zone 4,400,22000,6,9,1,0,0,,61,28.4,81,6.6,314.7,78.7,0
2026-09-20,NODE-019,Kalkaji Main Road Bins,South Delhi Zone 4,600,36000,6,9,1,0,0,,61,28.4,81,6.6,533.3,88.9,0
2026-09-20,NODE-020,Govindpuri Market Cluster,South Delhi Zone 4,550,42000,6,9,1,0,0,,61,28.4,81,6.6,559.7,101.8,1
2026-09-20,NODE-021,Sangam Vihar Block A,South Delhi Zone 4,800,48000,6,9,1,0,0,,61,28.4,81,6.6,876.8,109.6,1
2026-09-20,NODE-022,Madanpur Khadar Bins,South Delhi Zone 4,650,44000,6,9,1,0,0,,61,28.4,81,6.6,635.5,97.8,0
2026-09-20,NODE-023,Jasola Apollo Hospital Area,South Delhi Zone 4,500,20000,6,9,1,0,0,,61,28.4,81,6.6,366.2,73.2,0
2026-09-20,NODE-024,Alaknanda Market Community Bins,South Delhi Zone 4,480,27000,6,9,1,0,0,,61,28.4,81,6.6,413.8,86.2,0
2026-09-20,NODE-025,Pul Prehladpur Cluster,South Delhi Zone 4,700,39000,6,9,1,0,0,,61,28.4,81,6.6,687.9,98.3,1
2026-09-21,NODE-001,Lajpat Nagar Market Bin Cluster,South Delhi Zone 3,800,38000,0,9,0,1,0,,63,29.6,84,44.9,688.2,86.0,0
2026-09-21,NODE-002,Sarojini Nagar Community Bins,South Delhi Zone 3,600,32000,0,9,0,1,0,,63,29.6,84,44.9,459.9,76.6,0
2026-09-21,NODE-003,INA Colony Street Cluster,South Delhi Zone 3,400,25000,0,9,0,1,0,,63,29.6,84,44.9,282.0,70.5,0
2026-09-21,NODE-004,Nehru Place Commercial Hub,South Delhi Zone 3,1200,45000,0,9,0,1,0,,63,29.6,84,44.9,1096.4,91.4,0
2026-09-21,NODE-005,Greater Kailash Block N,South Delhi Zone 3,500,20000,0,9,0,1,0,,63,29.6,84,44.9,352.3,70.5,0
2026-09-21,NODE-006,Defence Colony Main Road,South Delhi Zone 3,600,22000,0,9,0,1,0,,63,29.6,84,44.9,427.3,71.2,0
2026-09-21,NODE-007,CR Park Bengali Colony,South Delhi Zone 3,500,28000,0,9,0,1,0,,63,29.6,84,44.9,357.0,71.4,0
2026-09-21,NODE-008,Jangpura Extension Market,South Delhi Zone 3,450,30000,0,9,0,1,0,,63,29.6,84,44.9,346.3,76.9,0
2026-09-21,NODE-009,Bhogal Vegetable Market,South Delhi Zone 3,700,40000,0,9,0,1,0,,63,29.6,84,44.9,600.0,85.7,0
2026-09-21,NODE-010,Andrews Ganj Colony,South Delhi Zone 3,350,18000,0,9,0,1,0,,63,29.6,84,44.9,221.3,63.2,0
2026-09-21,NODE-011,Moolchand Market Cluster,South Delhi Zone 3,550,26000,0,9,0,1,0,,63,29.6,84,44.9,397.9,72.3,0
2026-09-21,NODE-012,Sidhartha Nagar Bins,South Delhi Zone 3,400,35000,0,9,0,1,0,,63,29.6,84,44.9,339.5,84.9,0
2026-09-21,NODE-013,Kotla Mubarakpur Street,South Delhi Zone 3,480,33000,0,9,0,1,0,,63,29.6,84,44.9,405.1,84.4,0
2026-09-21,NODE-014,Malviya Nagar Main Market,South Delhi Zone 4,700,30000,0,9,0,1,0,,63,29.6,84,44.9,517.3,73.9,0
2026-09-21,NODE-015,Okhla Phase 1 Industrial Area,South Delhi Zone 4,1500,15000,0,9,0,1,0,,63,29.6,84,44.9,931.8,62.1,0
2026-09-21,NODE-016,Hauz Khas Village Cluster,South Delhi Zone 4,450,18000,0,9,0,1,0,,63,29.6,84,44.9,314.8,70.0,0
2026-09-21,NODE-017,Saket Select Citywalk Area,South Delhi Zone 4,900,25000,0,9,0,1,0,,63,29.6,84,44.9,691.1,76.8,0
2026-09-21,NODE-018,Sheikh Sarai Phase 2,South Delhi Zone 4,400,22000,0,9,0,1,0,,63,29.6,84,44.9,287.0,71.7,0
2026-09-21,NODE-019,Kalkaji Main Road Bins,South Delhi Zone 4,600,36000,0,9,0,1,0,,63,29.6,84,44.9,497.9,83.0,0
2026-09-21,NODE-020,Govindpuri Market Cluster,South Delhi Zone 4,550,42000,0,9,0,1,0,,63,29.6,84,44.9,525.8,95.6,0
2026-09-21,NODE-021,Sangam Vihar Block A,South Delhi Zone 4,800,48000,0,9,0,1,0,,63,29.6,84,44.9,707.7,88.5,0
2026-09-21,NODE-022,Madanpur Khadar Bins,South Delhi Zone 4,650,44000,0,9,0,1,0,,63,29.6,84,44.9,612.0,94.2,0
2026-09-21,NODE-023,Jasola Apollo Hospital Area,South Delhi Zone 4,500,20000,0,9,0,1,0,,63,29.6,84,44.9,323.4,64.7,0
2026-09-21,NODE-024,Alaknanda Market Community Bins,South Delhi Zone 4,480,27000,0,9,0,1,0,,63,29.6,84,44.9,373.9,77.9,0
2026-09-21,NODE-025,Pul Prehladpur Cluster,South Delhi Zone 4,700,39000,0,9,0,1,0,,63,29.6,84,44.9,566.4,80.9,0
2026-09-22,NODE-001,Lajpat Nagar Market Bin Cluster,South Delhi Zone 3,800,38000,1,9,0,0,0,,63,29.9,84,42.1,646.8,80.8,0
2026-09-22,NODE-002,Sarojini Nagar Community Bins,South Delhi Zone 3,600,32000,1,9,0,0,0,,63,29.9,84,42.1,449.2,74.9,0
2026-09-22,NODE-003,INA Colony Street Cluster,South Delhi Zone 3,400,25000,1,9,0,0,0,,63,29.9,84,42.1,240.7,60.2,0
2026-09-22,NODE-004,Nehru Place Commercial Hub,South Delhi Zone 3,1200,45000,1,9,0,0,0,,63,29.9,84,42.1,1018.5,84.9,0
2026-09-22,NODE-005,Greater Kailash Block N,South Delhi Zone 3,500,20000,1,9,0,0,0,,63,29.9,84,42.1,285.9,57.2,0
2026-09-22,NODE-006,Defence Colony Main Road,South Delhi Zone 3,600,22000,1,9,0,0,0,,63,29.9,84,42.1,373.1,62.2,0
2026-09-22,NODE-007,CR Park Bengali Colony,South Delhi Zone 3,500,28000,1,9,0,0,0,,63,29.9,84,42.1,313.1,62.6,0
2026-09-22,NODE-008,Jangpura Extension Market,South Delhi Zone 3,450,30000,1,9,0,0,0,,63,29.9,84,42.1,298.3,66.3,0
2026-09-22,NODE-009,Bhogal Vegetable Market,South Delhi Zone 3,700,40000,1,9,0,0,0,,63,29.9,84,42.1,549.7,78.5,0
2026-09-22,NODE-010,Andrews Ganj Colony,South Delhi Zone 3,350,18000,1,9,0,0,0,,63,29.9,84,42.1,197.6,56.5,0
2026-09-22,NODE-011,Moolchand Market Cluster,South Delhi Zone 3,550,26000,1,9,0,0,0,,63,29.9,84,42.1,364.9,66.3,0
2026-09-22,NODE-012,Sidhartha Nagar Bins,South Delhi Zone 3,400,35000,1,9,0,0,0,,63,29.9,84,42.1,283.7,70.9,0
2026-09-22,NODE-013,Kotla Mubarakpur Street,South Delhi Zone 3,480,33000,1,9,0,0,0,,63,29.9,84,42.1,345.0,71.9,0
2026-09-22,NODE-014,Malviya Nagar Main Market,South Delhi Zone 4,700,30000,1,9,0,0,0,,63,29.9,84,42.1,504.5,72.1,0
2026-09-22,NODE-015,Okhla Phase 1 Industrial Area,South Delhi Zone 4,1500,15000,1,9,0,0,0,,63,29.9,84,42.1,801.8,53.5,0
2026-09-22,NODE-016,Hauz Khas Village Cluster,South Delhi Zone 4,450,18000,1,9,0,0,0,,63,29.9,84,42.1,275.2,61.2,0
2026-09-22,NODE-017,Saket Select Citywalk Area,South Delhi Zone 4,900,25000,1,9,0,0,0,,63,29.9,84,42.1,542.0,60.2,0
2026-09-22,NODE-018,Sheikh Sarai Phase 2,South Delhi Zone 4,400,22000,1,9,0,0,0,,63,29.9,84,42.1,254.1,63.5,0
2026-09-22,NODE-019,Kalkaji Main Road Bins,South Delhi Zone 4,600,36000,1,9,0,0,0,,63,29.9,84,42.1,459.5,76.6,0
2026-09-22,NODE-020,Govindpuri Market Cluster,South Delhi Zone 4,550,42000,1,9,0,0,0,,63,29.9,84,42.1,406.6,73.9,0
2026-09-22,NODE-021,Sangam Vihar Block A,South Delhi Zone 4,800,48000,1,9,0,0,0,,63,29.9,84,42.1,623.8,78.0,0
2026-09-22,NODE-022,Madanpur Khadar Bins,South Delhi Zone 4,650,44000,1,9,0,0,0,,63,29.9,84,42.1,511.2,78.7,0
2026-09-22,NODE-023,Jasola Apollo Hospital Area,South Delhi Zone 4,500,20000,1,9,0,0,0,,63,29.9,84,42.1,319.0,63.8,0
2026-09-22,NODE-024,Alaknanda Market Community Bins,South Delhi Zone 4,480,27000,1,9,0,0,0,,63,29.9,84,42.1,327.4,68.2,0
2026-09-22,NODE-025,Pul Prehladpur Cluster,South Delhi Zone 4,700,39000,1,9,0,0,0,,63,29.9,84,42.1,501.7,71.7,0
2026-09-23,NODE-001,Lajpat Nagar Market Bin Cluster,South Delhi Zone 3,800,38000,2,9,0,0,0,,63,28.1,77,31.4,626.7,78.3,0
2026-09-23,NODE-002,Sarojini Nagar Community Bins,South Delhi Zone 3,600,32000,2,9,0,0,0,,63,28.1,77,31.4,455.6,75.9,0
2026-09-23,NODE-003,INA Colony Street Cluster,South Delhi Zone 3,400,25000,2,9,0,0,0,,63,28.1,77,31.4,255.1,63.8,0
2026-09-23,NODE-004,Nehru Place Commercial Hub,South Delhi Zone 3,1200,45000,2,9,0,0,0,,63,28.1,77,31.4,925.9,77.2,0
2026-09-23,NODE-005,Greater Kailash Block N,South Delhi Zone 3,500,20000,2,9,0,0,0,,63,28.1,77,31.4,294.8,59.0,0
2026-09-23,NODE-006,Defence Colony Main Road,South Delhi Zone 3,600,22000,2,9,0,0,0,,63,28.1,77,31.4,399.2,66.5,0
2026-09-23,NODE-007,CR Park Bengali Colony,South Delhi Zone 3,500,28000,2,9,0,0,0,,63,28.1,77,31.4,332.9,66.6,0
2026-09-23,NODE-008,Jangpura Extension Market,South Delhi Zone 3,450,30000,2,9,0,0,0,,63,28.1,77,31.4,336.8,74.9,0
2026-09-23,NODE-009,Bhogal Vegetable Market,South Delhi Zone 3,700,40000,2,9,0,0,0,,63,28.1,77,31.4,547.1,78.2,0
2026-09-23,NODE-010,Andrews Ganj Colony,South Delhi Zone 3,350,18000,2,9,0,0,0,,63,28.1,77,31.4,214.4,61.3,0
2026-09-23,NODE-011,Moolchand Market Cluster,South Delhi Zone 3,550,26000,2,9,0,0,0,,63,28.1,77,31.4,387.0,70.4,0
2026-09-23,NODE-012,Sidhartha Nagar Bins,South Delhi Zone 3,400,35000,2,9,0,0,0,,63,28.1,77,31.4,294.4,73.6,0
2026-09-23,NODE-013,Kotla Mubarakpur Street,South Delhi Zone 3,480,33000,2,9,0,0,0,,63,28.1,77,31.4,351.3,73.2,0
2026-09-23,NODE-014,Malviya Nagar Main Market,South Delhi Zone 4,700,30000,2,9,0,0,0,,63,28.1,77,31.4,454.5,64.9,0
2026-09-23,NODE-015,Okhla Phase 1 Industrial Area,South Delhi Zone 4,1500,15000,2,9,0,0,0,,63,28.1,77,31.4,809.7,54.0,0
2026-09-23,NODE-016,Hauz Khas Village Cluster,South Delhi Zone 4,450,18000,2,9,0,0,0,,63,28.1,77,31.4,286.6,63.7,0
2026-09-23,NODE-017,Saket Select Citywalk Area,South Delhi Zone 4,900,25000,2,9,0,0,0,,63,28.1,77,31.4,592.9,65.9,0
2026-09-23,NODE-018,Sheikh Sarai Phase 2,South Delhi Zone 4,400,22000,2,9,0,0,0,,63,28.1,77,31.4,259.3,64.8,0
2026-09-23,NODE-019,Kalkaji Main Road Bins,South Delhi Zone 4,600,36000,2,9,0,0,0,,63,28.1,77,31.4,414.8,69.1,0
2026-09-23,NODE-020,Govindpuri Market Cluster,South Delhi Zone 4,550,42000,2,9,0,0,0,,63,28.1,77,31.4,468.3,85.1,0
2026-09-23,NODE-021,Sangam Vihar Block A,South Delhi Zone 4,800,48000,2,9,0,0,0,,63,28.1,77,31.4,638.0,79.8,0
2026-09-23,NODE-022,Madanpur Khadar Bins,South Delhi Zone 4,650,44000,2,9,0,0,0,,63,28.1,77,31.4,528.7,81.3,0
2026-09-23,NODE-023,Jasola Apollo Hospital Area,South Delhi Zone 4,500,20000,2,9,0,0,0,,63,28.1,77,31.4,316.8,63.4,0
2026-09-23,NODE-024,Alaknanda Market Community Bins,South Delhi Zone 4,480,27000,2,9,0,0,0,,63,28.1,77,31.4,296.6,61.8,0
2026-09-23,NODE-025,Pul Prehladpur Cluster,South Delhi Zone 4,700,39000,2,9,0,0,0,,63,28.1,77,31.4,556.3,79.5,0
2026-09-24,NODE-001,Lajpat Nagar Market Bin Cluster,South Delhi Zone 3,800,38000,3,9,0,0,0,,0,30.4,81,0.0,525.8,65.7,0
2026-09-24,NODE-002,Sarojini Nagar Community Bins,South Delhi Zone 3,600,32000,3,9,0,0,0,,0,30.4,81,0.0,354.8,59.1,0
2026-09-24,NODE-003,INA Colony Street Cluster,South Delhi Zone 3,400,25000,3,9,0,0,0,,0,30.4,81,0.0,224.0,56.0,0
2026-09-24,NODE-004,Nehru Place Commercial Hub,South Delhi Zone 3,1200,45000,3,9,0,0,0,,0,30.4,81,0.0,866.1,72.2,0
2026-09-24,NODE-005,Greater Kailash Block N,South Delhi Zone 3,500,20000,3,9,0,0,0,,0,30.4,81,0.0,294.0,58.8,0
2026-09-24,NODE-006,Defence Colony Main Road,South Delhi Zone 3,600,22000,3,9,0,0,0,,0,30.4,81,0.0,362.2,60.4,0
2026-09-24,NODE-007,CR Park Bengali Colony,South Delhi Zone 3,500,28000,3,9,0,0,0,,0,30.4,81,0.0,324.2,64.8,0
2026-09-24,NODE-008,Jangpura Extension Market,South Delhi Zone 3,450,30000,3,9,0,0,0,,0,30.4,81,0.0,299.4,66.5,0
2026-09-24,NODE-009,Bhogal Vegetable Market,South Delhi Zone 3,700,40000,3,9,0,0,0,,0,30.4,81,0.0,466.4,66.6,0
2026-09-24,NODE-010,Andrews Ganj Colony,South Delhi Zone 3,350,18000,3,9,0,0,0,,0,30.4,81,0.0,180.5,51.6,0
2026-09-24,NODE-011,Moolchand Market Cluster,South Delhi Zone 3,550,26000,3,9,0,0,0,,0,30.4,81,0.0,319.0,58.0,0
2026-09-24,NODE-012,Sidhartha Nagar Bins,South Delhi Zone 3,400,35000,3,9,0,0,0,,0,30.4,81,0.0,248.2,62.1,0
2026-09-24,NODE-013,Kotla Mubarakpur Street,South Delhi Zone 3,480,33000,3,9,0,0,0,,0,30.4,81,0.0,320.3,66.7,0
2026-09-24,NODE-014,Malviya Nagar Main Market,South Delhi Zone 4,700,30000,3,9,0,0,0,,0,30.4,81,0.0,435.9,62.3,0
2026-09-24,NODE-015,Okhla Phase 1 Industrial Area,South Delhi Zone 4,1500,15000,3,9,0,0,0,,0,30.4,81,0.0,781.1,52.1,0
2026-09-24,NODE-016,Hauz Khas Village Cluster,South Delhi Zone 4,450,18000,3,9,0,0,0,,0,30.4,81,0.0,252.3,56.1,0
2026-09-24,NODE-017,Saket Select Citywalk Area,South Delhi Zone 4,900,25000,3,9,0,0,0,,0,30.4,81,0.0,539.9,60.0,0
2026-09-24,NODE-018,Sheikh Sarai Phase 2,South Delhi Zone 4,400,22000,3,9,0,0,0,,0,30.4,81,0.0,220.9,55.2,0
2026-09-24,NODE-019,Kalkaji Main Road Bins,South Delhi Zone 4,600,36000,3,9,0,0,0,,0,30.4,81,0.0,404.5,67.4,0
2026-09-24,NODE-020,Govindpuri Market Cluster,South Delhi Zone 4,550,42000,3,9,0,0,0,,0,30.4,81,0.0,387.1,70.4,0
2026-09-24,NODE-021,Sangam Vihar Block A,South Delhi Zone 4,800,48000,3,9,0,0,0,,0,30.4,81,0.0,570.3,71.3,0
2026-09-24,NODE-022,Madanpur Khadar Bins,South Delhi Zone 4,650,44000,3,9,0,0,0,,0,30.4,81,0.0,480.8,74.0,0
2026-09-24,NODE-023,Jasola Apollo Hospital Area,South Delhi Zone 4,500,20000,3,9,0,0,0,,0,30.4,81,0.0,270.0,54.0,0
2026-09-24,NODE-024,Alaknanda Market Community Bins,South Delhi Zone 4,480,27000,3,9,0,0,0,,0,30.4,81,0.0,270.0,56.3,0
2026-09-24,NODE-025,Pul Prehladpur Cluster,South Delhi Zone 4,700,39000,3,9,0,0,0,,0,30.4,81,0.0,494.3,70.6,0
2026-09-25,NODE-001,Lajpat Nagar Market Bin Cluster,South Delhi Zone 3,800,38000,4,9,0,0,0,,61,33.5,71,39.5,592.1,74.0,0
2026-09-25,NODE-002,Sarojini Nagar Community Bins,South Delhi Zone 3,600,32000,4,9,0,0,0,,61,33.5,71,39.5,441.4,73.6,0
2026-09-25,NODE-003,INA Colony Street Cluster,South Delhi Zone 3,400,25000,4,9,0,0,0,,61,33.5,71,39.5,262.0,65.5,0
2026-09-25,NODE-004,Nehru Place Commercial Hub,South Delhi Zone 3,1200,45000,4,9,0,0,0,,61,33.5,71,39.5,930.2,77.5,0
2026-09-25,NODE-005,Greater Kailash Block N,South Delhi Zone 3,500,20000,4,9,0,0,0,,61,33.5,71,39.5,329.1,65.8,0
2026-09-25,NODE-006,Defence Colony Main Road,South Delhi Zone 3,600,22000,4,9,0,0,0,,61,33.5,71,39.5,404.7,67.5,0
2026-09-25,NODE-007,CR Park Bengali Colony,South Delhi Zone 3,500,28000,4,9,0,0,0,,61,33.5,71,39.5,319.8,64.0,0
2026-09-25,NODE-008,Jangpura Extension Market,South Delhi Zone 3,450,30000,4,9,0,0,0,,61,33.5,71,39.5,334.5,74.3,0
2026-09-25,NODE-009,Bhogal Vegetable Market,South Delhi Zone 3,700,40000,4,9,0,0,0,,61,33.5,71,39.5,582.8,83.3,0
2026-09-25,NODE-010,Andrews Ganj Colony,South Delhi Zone 3,350,18000,4,9,0,0,0,,61,33.5,71,39.5,201.4,57.5,0
2026-09-25,NODE-011,Moolchand Market Cluster,South Delhi Zone 3,550,26000,4,9,0,0,0,,61,33.5,71,39.5,366.9,66.7,0
2026-09-25,NODE-012,Sidhartha Nagar Bins,South Delhi Zone 3,400,35000,4,9,0,0,0,,61,33.5,71,39.5,316.3,79.1,0
2026-09-25,NODE-013,Kotla Mubarakpur Street,South Delhi Zone 3,480,33000,4,9,0,0,0,,61,33.5,71,39.5,324.8,67.7,0
2026-09-25,NODE-014,Malviya Nagar Main Market,South Delhi Zone 4,700,30000,4,9,0,0,0,,61,33.5,71,39.5,472.4,67.5,0
2026-09-25,NODE-015,Okhla Phase 1 Industrial Area,South Delhi Zone 4,1500,15000,4,9,0,0,0,,61,33.5,71,39.5,902.3,60.2,0
2026-09-25,NODE-016,Hauz Khas Village Cluster,South Delhi Zone 4,450,18000,4,9,0,0,0,,61,33.5,71,39.5,276.4,61.4,0
2026-09-25,NODE-017,Saket Select Citywalk Area,South Delhi Zone 4,900,25000,4,9,0,0,0,,61,33.5,71,39.5,612.2,68.0,0
2026-09-25,NODE-018,Sheikh Sarai Phase 2,South Delhi Zone 4,400,22000,4,9,0,0,0,,61,33.5,71,39.5,266.0,66.5,0
2026-09-25,NODE-019,Kalkaji Main Road Bins,South Delhi Zone 4,600,36000,4,9,0,0,0,,61,33.5,71,39.5,441.7,73.6,0
2026-09-25,NODE-020,Govindpuri Market Cluster,South Delhi Zone 4,550,42000,4,9,0,0,0,,61,33.5,71,39.5,432.4,78.6,0
2026-09-25,NODE-021,Sangam Vihar Block A,South Delhi Zone 4,800,48000,4,9,0,0,0,,61,33.5,71,39.5,652.6,81.6,0
2026-09-25,NODE-022,Madanpur Khadar Bins,South Delhi Zone 4,650,44000,4,9,0,0,0,,61,33.5,71,39.5,566.3,87.1,0
2026-09-25,NODE-023,Jasola Apollo Hospital Area,South Delhi Zone 4,500,20000,4,9,0,0,0,,61,33.5,71,39.5,324.1,64.8,0
2026-09-25,NODE-024,Alaknanda Market Community Bins,South Delhi Zone 4,480,27000,4,9,0,0,0,,61,33.5,71,39.5,343.7,71.6,0
2026-09-25,NODE-025,Pul Prehladpur Cluster,South Delhi Zone 4,700,39000,4,9,0,0,0,,61,33.5,71,39.5,520.8,74.4,0
2026-09-26,NODE-001,Lajpat Nagar Market Bin Cluster,South Delhi Zone 3,800,38000,5,9,1,0,0,,63,28.9,70,6.0,839.6,104.9,1
2026-09-26,NODE-002,Sarojini Nagar Community Bins,South Delhi Zone 3,600,32000,5,9,1,0,0,,63,28.9,70,6.0,555.3,92.5,0
2026-09-26,NODE-003,INA Colony Street Cluster,South Delhi Zone 3,400,25000,5,9,1,0,0,,63,28.9,70,6.0,338.5,84.6,0
2026-09-26,NODE-004,Nehru Place Commercial Hub,South Delhi Zone 3,1200,45000,5,9,1,0,0,,63,28.9,70,6.0,1282.7,106.9,1
2026-09-26,NODE-005,Greater Kailash Block N,South Delhi Zone 3,500,20000,5,9,1,0,0,,63,28.9,70,6.0,394.9,79.0,0
2026-09-26,NODE-006,Defence Colony Main Road,South Delhi Zone 3,600,22000,5,9,1,0,0,,63,28.9,70,6.0,459.1,76.5,0
2026-09-26,NODE-007,CR Park Bengali Colony,South Delhi Zone 3,500,28000,5,9,1,0,0,,63,28.9,70,6.0,399.7,79.9,0
2026-09-26,NODE-008,Jangpura Extension Market,South Delhi Zone 3,450,30000,5,9,1,0,0,,63,28.9,70,6.0,372.2,82.7,0
2026-09-26,NODE-009,Bhogal Vegetable Market,South Delhi Zone 3,700,40000,5,9,1,0,0,,63,28.9,70,6.0,728.1,104.0,1
2026-09-26,NODE-010,Andrews Ganj Colony,South Delhi Zone 3,350,18000,5,9,1,0,0,,63,28.9,70,6.0,249.1,71.2,0
2026-09-26,NODE-011,Moolchand Market Cluster,South Delhi Zone 3,550,26000,5,9,1,0,0,,63,28.9,70,6.0,489.4,89.0,0
2026-09-26,NODE-012,Sidhartha Nagar Bins,South Delhi Zone 3,400,35000,5,9,1,0,0,,63,28.9,70,6.0,374.6,93.6,0
2026-09-26,NODE-013,Kotla Mubarakpur Street,South Delhi Zone 3,480,33000,5,9,1,0,0,,63,28.9,70,6.0,451.8,94.1,0
2026-09-26,NODE-014,Malviya Nagar Main Market,South Delhi Zone 4,700,30000,5,9,1,0,0,,63,28.9,70,6.0,589.3,84.2,0
2026-09-26,NODE-015,Okhla Phase 1 Industrial Area,South Delhi Zone 4,1500,15000,5,9,1,0,0,,63,28.9,70,6.0,1065.5,71.0,0
2026-09-26,NODE-016,Hauz Khas Village Cluster,South Delhi Zone 4,450,18000,5,9,1,0,0,,63,28.9,70,6.0,338.8,75.3,0
2026-09-26,NODE-017,Saket Select Citywalk Area,South Delhi Zone 4,900,25000,5,9,1,0,0,,63,28.9,70,6.0,708.7,78.7,0
2026-09-26,NODE-018,Sheikh Sarai Phase 2,South Delhi Zone 4,400,22000,5,9,1,0,0,,63,28.9,70,6.0,305.8,76.5,0
2026-09-26,NODE-019,Kalkaji Main Road Bins,South Delhi Zone 4,600,36000,5,9,1,0,0,,63,28.9,70,6.0,562.8,93.8,0
2026-09-26,NODE-020,Govindpuri Market Cluster,South Delhi Zone 4,550,42000,5,9,1,0,0,,63,28.9,70,6.0,601.5,109.4,1
2026-09-26,NODE-021,Sangam Vihar Block A,South Delhi Zone 4,800,48000,5,9,1,0,0,,63,28.9,70,6.0,897.2,112.1,1
2026-09-26,NODE-022,Madanpur Khadar Bins,South Delhi Zone 4,650,44000,5,9,1,0,0,,63,28.9,70,6.0,724.1,111.4,1
2026-09-26,NODE-023,Jasola Apollo Hospital Area,South Delhi Zone 4,500,20000,5,9,1,0,0,,63,28.9,70,6.0,371.6,74.3,0
2026-09-26,NODE-024,Alaknanda Market Community Bins,South Delhi Zone 4,480,27000,5,9,1,0,0,,63,28.9,70,6.0,421.2,87.7,0
2026-09-26,NODE-025,Pul Prehladpur Cluster,South Delhi Zone 4,700,39000,5,9,1,0,0,,63,28.9,70,6.0,656.5,93.8,0
2026-09-27,NODE-001,Lajpat Nagar Market Bin Cluster,South Delhi Zone 3,800,38000,6,9,1,0,0,,0,29.4,79,0.0,736.4,92.1,0
2026-09-27,NODE-002,Sarojini Nagar Community Bins,South Delhi Zone 3,600,32000,6,9,1,0,0,,0,29.4,79,0.0,485.9,81.0,0
2026-09-27,NODE-003,INA Colony Street Cluster,South Delhi Zone 3,400,25000,6,9,1,0,0,,0,29.4,79,0.0,288.9,72.2,0
2026-09-27,NODE-004,Nehru Place Commercial Hub,South Delhi Zone 3,1200,45000,6,9,1,0,0,,0,29.4,79,0.0,1117.4,93.1,0
2026-09-27,NODE-005,Greater Kailash Block N,South Delhi Zone 3,500,20000,6,9,1,0,0,,0,29.4,79,0.0,333.2,66.6,0
2026-09-27,NODE-006,Defence Colony Main Road,South Delhi Zone 3,600,22000,6,9,1,0,0,,0,29.4,79,0.0,421.8,70.3,0
2026-09-27,NODE-007,CR Park Bengali Colony,South Delhi Zone 3,500,28000,6,9,1,0,0,,0,29.4,79,0.0,357.8,71.6,0
2026-09-27,NODE-008,Jangpura Extension Market,South Delhi Zone 3,450,30000,6,9,1,0,0,,0,29.4,79,0.0,369.7,82.1,0
2026-09-27,NODE-009,Bhogal Vegetable Market,South Delhi Zone 3,700,40000,6,9,1,0,0,,0,29.4,79,0.0,610.3,87.2,0
2026-09-27,NODE-010,Andrews Ganj Colony,South Delhi Zone 3,350,18000,6,9,1,0,0,,0,29.4,79,0.0,229.2,65.5,0
2026-09-27,NODE-011,Moolchand Market Cluster,South Delhi Zone 3,550,26000,6,9,1,0,0,,0,29.4,79,0.0,421.4,76.6,0
2026-09-27,NODE-012,Sidhartha Nagar Bins,South Delhi Zone 3,400,35000,6,9,1,0,0,,0,29.4,79,0.0,349.2,87.3,0
2026-09-27,NODE-013,Kotla Mubarakpur Street,South Delhi Zone 3,480,33000,6,9,1,0,0,,0,29.4,79,0.0,399.9,83.3,0
2026-09-27,NODE-014,Malviya Nagar Main Market,South Delhi Zone 4,700,30000,6,9,1,0,0,,0,29.4,79,0.0,556.4,79.5,0
2026-09-27,NODE-015,Okhla Phase 1 Industrial Area,South Delhi Zone 4,1500,15000,6,9,1,0,0,,0,29.4,79,0.0,1027.0,68.5,0
2026-09-27,NODE-016,Hauz Khas Village Cluster,South Delhi Zone 4,450,18000,6,9,1,0,0,,0,29.4,79,0.0,317.7,70.6,0
2026-09-27,NODE-017,Saket Select Citywalk Area,South Delhi Zone 4,900,25000,6,9,1,0,0,,0,29.4,79,0.0,671.0,74.6,0
2026-09-27,NODE-018,Sheikh Sarai Phase 2,South Delhi Zone 4,400,22000,6,9,1,0,0,,0,29.4,79,0.0,283.3,70.8,0
2026-09-27,NODE-019,Kalkaji Main Road Bins,South Delhi Zone 4,600,36000,6,9,1,0,0,,0,29.4,79,0.0,536.7,89.4,0
2026-09-27,NODE-020,Govindpuri Market Cluster,South Delhi Zone 4,550,42000,6,9,1,0,0,,0,29.4,79,0.0,463.0,84.2,0
2026-09-27,NODE-021,Sangam Vihar Block A,South Delhi Zone 4,800,48000,6,9,1,0,0,,0,29.4,79,0.0,809.5,101.2,1
2026-09-27,NODE-022,Madanpur Khadar Bins,South Delhi Zone 4,650,44000,6,9,1,0,0,,0,29.4,79,0.0,604.9,93.1,0
2026-09-27,NODE-023,Jasola Apollo Hospital Area,South Delhi Zone 4,500,20000,6,9,1,0,0,,0,29.4,79,0.0,341.4,68.3,0
2026-09-27,NODE-024,Alaknanda Market Community Bins,South Delhi Zone 4,480,27000,6,9,1,0,0,,0,29.4,79,0.0,379.8,79.1,0
2026-09-27,NODE-025,Pul Prehladpur Cluster,South Delhi Zone 4,700,39000,6,9,1,0,0,,0,29.4,79,0.0,621.1,88.7,0
2026-09-28,NODE-001,Lajpat Nagar Market Bin Cluster,South Delhi Zone 3,800,38000,0,9,0,1,0,,61,33.0,66,12.6,678.9,84.9,0
2026-09-28,NODE-002,Sarojini Nagar Community Bins,South Delhi Zone 3,600,32000,0,9,0,1,0,,61,33.0,66,12.6,509.2,84.9,0
2026-09-28,NODE-003,INA Colony Street Cluster,South Delhi Zone 3,400,25000,0,9,0,1,0,,61,33.0,66,12.6,305.8,76.4,0
2026-09-28,NODE-004,Nehru Place Commercial Hub,South Delhi Zone 3,1200,45000,0,9,0,1,0,,61,33.0,66,12.6,1070.8,89.2,0
2026-09-28,NODE-005,Greater Kailash Block N,South Delhi Zone 3,500,20000,0,9,0,1,0,,61,33.0,66,12.6,324.0,64.8,0
2026-09-28,NODE-006,Defence Colony Main Road,South Delhi Zone 3,600,22000,0,9,0,1,0,,61,33.0,66,12.6,408.3,68.0,0
2026-09-28,NODE-007,CR Park Bengali Colony,South Delhi Zone 3,500,28000,0,9,0,1,0,,61,33.0,66,12.6,406.1,81.2,0
2026-09-28,NODE-008,Jangpura Extension Market,South Delhi Zone 3,450,30000,0,9,0,1,0,,61,33.0,66,12.6,361.8,80.4,0
2026-09-28,NODE-009,Bhogal Vegetable Market,South Delhi Zone 3,700,40000,0,9,0,1,0,,61,33.0,66,12.6,652.9,93.3,0
2026-09-28,NODE-010,Andrews Ganj Colony,South Delhi Zone 3,350,18000,0,9,0,1,0,,61,33.0,66,12.6,231.5,66.1,0
2026-09-28,NODE-011,Moolchand Market Cluster,South Delhi Zone 3,550,26000,0,9,0,1,0,,61,33.0,66,12.6,417.6,75.9,0
2026-09-28,NODE-012,Sidhartha Nagar Bins,South Delhi Zone 3,400,35000,0,9,0,1,0,,61,33.0,66,12.6,309.6,77.4,0
2026-09-28,NODE-013,Kotla Mubarakpur Street,South Delhi Zone 3,480,33000,0,9,0,1,0,,61,33.0,66,12.6,388.4,80.9,0
2026-09-28,NODE-014,Malviya Nagar Main Market,South Delhi Zone 4,700,30000,0,9,0,1,0,,61,33.0,66,12.6,518.2,74.0,0
2026-09-28,NODE-015,Okhla Phase 1 Industrial Area,South Delhi Zone 4,1500,15000,0,9,0,1,0,,61,33.0,66,12.6,967.9,64.5,0
2026-09-28,NODE-016,Hauz Khas Village Cluster,South Delhi Zone 4,450,18000,0,9,0,1,0,,61,33.0,66,12.6,318.3,70.7,0
2026-09-28,NODE-017,Saket Select Citywalk Area,South Delhi Zone 4,900,25000,0,9,0,1,0,,61,33.0,66,12.6,664.0,73.8,0
2026-09-28,NODE-018,Sheikh Sarai Phase 2,South Delhi Zone 4,400,22000,0,9,0,1,0,,61,33.0,66,12.6,276.6,69.2,0
2026-09-28,NODE-019,Kalkaji Main Road Bins,South Delhi Zone 4,600,36000,0,9,0,1,0,,61,33.0,66,12.6,488.5,81.4,0
2026-09-28,NODE-020,Govindpuri Market Cluster,South Delhi Zone 4,550,42000,0,9,0,1,0,,61,33.0,66,12.6,455.0,82.7,0
2026-09-28,NODE-021,Sangam Vihar Block A,South Delhi Zone 4,800,48000,0,9,0,1,0,,61,33.0,66,12.6,733.7,91.7,0
2026-09-28,NODE-022,Madanpur Khadar Bins,South Delhi Zone 4,650,44000,0,9,0,1,0,,61,33.0,66,12.6,632.1,97.2,0
2026-09-28,NODE-023,Jasola Apollo Hospital Area,South Delhi Zone 4,500,20000,0,9,0,1,0,,61,33.0,66,12.6,363.9,72.8,0
2026-09-28,NODE-024,Alaknanda Market Community Bins,South Delhi Zone 4,480,27000,0,9,0,1,0,,61,33.0,66,12.6,382.8,79.8,0
2026-09-28,NODE-025,Pul Prehladpur Cluster,South Delhi Zone 4,700,39000,0,9,0,1,0,,61,33.0,66,12.6,566.8,81.0,0
2026-09-29,NODE-001,Lajpat Nagar Market Bin Cluster,South Delhi Zone 3,800,38000,1,9,0,0,0,,0,33.2,87,0.0,571.2,71.4,0
2026-09-29,NODE-002,Sarojini Nagar Community Bins,South Delhi Zone 3,600,32000,1,9,0,0,0,,0,33.2,87,0.0,394.9,65.8,0
2026-09-29,NODE-003,INA Colony Street Cluster,South Delhi Zone 3,400,25000,1,9,0,0,0,,0,33.2,87,0.0,219.0,54.7,0
2026-09-29,NODE-004,Nehru Place Commercial Hub,South Delhi Zone 3,1200,45000,1,9,0,0,0,,0,33.2,87,0.0,827.6,69.0,0
2026-09-29,NODE-005,Greater Kailash Block N,South Delhi Zone 3,500,20000,1,9,0,0,0,,0,33.2,87,0.0,270.0,54.0,0
2026-09-29,NODE-006,Defence Colony Main Road,South Delhi Zone 3,600,22000,1,9,0,0,0,,0,33.2,87,0.0,328.4,54.7,0
2026-09-29,NODE-007,CR Park Bengali Colony,South Delhi Zone 3,500,28000,1,9,0,0,0,,0,33.2,87,0.0,303.9,60.8,0
2026-09-29,NODE-008,Jangpura Extension Market,South Delhi Zone 3,450,30000,1,9,0,0,0,,0,33.2,87,0.0,274.1,60.9,0
2026-09-29,NODE-009,Bhogal Vegetable Market,South Delhi Zone 3,700,40000,1,9,0,0,0,,0,33.2,87,0.0,510.5,72.9,0
2026-09-29,NODE-010,Andrews Ganj Colony,South Delhi Zone 3,350,18000,1,9,0,0,0,,0,33.2,87,0.0,185.6,53.0,0
2026-09-29,NODE-011,Moolchand Market Cluster,South Delhi Zone 3,550,26000,1,9,0,0,0,,0,33.2,87,0.0,348.0,63.3,0
2026-09-29,NODE-012,Sidhartha Nagar Bins,South Delhi Zone 3,400,35000,1,9,0,0,0,,0,33.2,87,0.0,258.4,64.6,0
2026-09-29,NODE-013,Kotla Mubarakpur Street,South Delhi Zone 3,480,33000,1,9,0,0,0,,0,33.2,87,0.0,303.0,63.1,0
2026-09-29,NODE-014,Malviya Nagar Main Market,South Delhi Zone 4,700,30000,1,9,0,0,0,,0,33.2,87,0.0,453.1,64.7,0
2026-09-29,NODE-015,Okhla Phase 1 Industrial Area,South Delhi Zone 4,1500,15000,1,9,0,0,0,,0,33.2,87,0.0,809.6,54.0,0
2026-09-29,NODE-016,Hauz Khas Village Cluster,South Delhi Zone 4,450,18000,1,9,0,0,0,,0,33.2,87,0.0,240.6,53.5,0
2026-09-29,NODE-017,Saket Select Citywalk Area,South Delhi Zone 4,900,25000,1,9,0,0,0,,0,33.2,87,0.0,537.7,59.7,0
2026-09-29,NODE-018,Sheikh Sarai Phase 2,South Delhi Zone 4,400,22000,1,9,0,0,0,,0,33.2,87,0.0,211.3,52.8,0
2026-09-29,NODE-019,Kalkaji Main Road Bins,South Delhi Zone 4,600,36000,1,9,0,0,0,,0,33.2,87,0.0,423.4,70.6,0
2026-09-29,NODE-020,Govindpuri Market Cluster,South Delhi Zone 4,550,42000,1,9,0,0,0,,0,33.2,87,0.0,371.5,67.6,0
2026-09-29,NODE-021,Sangam Vihar Block A,South Delhi Zone 4,800,48000,1,9,0,0,0,,0,33.2,87,0.0,607.9,76.0,0
2026-09-29,NODE-022,Madanpur Khadar Bins,South Delhi Zone 4,650,44000,1,9,0,0,0,,0,33.2,87,0.0,466.7,71.8,0
2026-09-29,NODE-023,Jasola Apollo Hospital Area,South Delhi Zone 4,500,20000,1,9,0,0,0,,0,33.2,87,0.0,263.9,52.8,0
2026-09-29,NODE-024,Alaknanda Market Community Bins,South Delhi Zone 4,480,27000,1,9,0,0,0,,0,33.2,87,0.0,299.3,62.3,0
2026-09-29,NODE-025,Pul Prehladpur Cluster,South Delhi Zone 4,700,39000,1,9,0,0,0,,0,33.2,87,0.0,478.3,68.3,0
2026-09-30,NODE-001,Lajpat Nagar Market Bin Cluster,South Delhi Zone 3,800,38000,2,9,0,0,0,,61,28.9,69,43.4,562.2,70.3,0
2026-09-30,NODE-002,Sarojini Nagar Community Bins,South Delhi Zone 3,600,32000,2,9,0,0,0,,61,28.9,69,43.4,445.5,74.2,0
2026-09-30,NODE-003,INA Colony Street Cluster,South Delhi Zone 3,400,25000,2,9,0,0,0,,61,28.9,69,43.4,240.6,60.2,0
2026-09-30,NODE-004,Nehru Place Commercial Hub,South Delhi Zone 3,1200,45000,2,9,0,0,0,,61,28.9,69,43.4,987.5,82.3,0
2026-09-30,NODE-005,Greater Kailash Block N,South Delhi Zone 3,500,20000,2,9,0,0,0,,61,28.9,69,43.4,304.8,61.0,0
2026-09-30,NODE-006,Defence Colony Main Road,South Delhi Zone 3,600,22000,2,9,0,0,0,,61,28.9,69,43.4,394.6,65.8,0
2026-09-30,NODE-007,CR Park Bengali Colony,South Delhi Zone 3,500,28000,2,9,0,0,0,,61,28.9,69,43.4,344.9,69.0,0
2026-09-30,NODE-008,Jangpura Extension Market,South Delhi Zone 3,450,30000,2,9,0,0,0,,61,28.9,69,43.4,312.5,69.4,0
2026-09-30,NODE-009,Bhogal Vegetable Market,South Delhi Zone 3,700,40000,2,9,0,0,0,,61,28.9,69,43.4,521.6,74.5,0
2026-09-30,NODE-010,Andrews Ganj Colony,South Delhi Zone 3,350,18000,2,9,0,0,0,,61,28.9,69,43.4,212.7,60.8,0
2026-09-30,NODE-011,Moolchand Market Cluster,South Delhi Zone 3,550,26000,2,9,0,0,0,,61,28.9,69,43.4,360.9,65.6,0
2026-09-30,NODE-012,Sidhartha Nagar Bins,South Delhi Zone 3,400,35000,2,9,0,0,0,,61,28.9,69,43.4,292.4,73.1,0
2026-09-30,NODE-013,Kotla Mubarakpur Street,South Delhi Zone 3,480,33000,2,9,0,0,0,,61,28.9,69,43.4,351.6,73.2,0
2026-09-30,NODE-014,Malviya Nagar Main Market,South Delhi Zone 4,700,30000,2,9,0,0,0,,61,28.9,69,43.4,448.2,64.0,0
2026-09-30,NODE-015,Okhla Phase 1 Industrial Area,South Delhi Zone 4,1500,15000,2,9,0,0,0,,61,28.9,69,43.4,902.7,60.2,0
2026-09-30,NODE-016,Hauz Khas Village Cluster,South Delhi Zone 4,450,18000,2,9,0,0,0,,61,28.9,69,43.4,257.2,57.2,0
2026-09-30,NODE-017,Saket Select Citywalk Area,South Delhi Zone 4,900,25000,2,9,0,0,0,,61,28.9,69,43.4,599.3,66.6,0
2026-09-30,NODE-018,Sheikh Sarai Phase 2,South Delhi Zone 4,400,22000,2,9,0,0,0,,61,28.9,69,43.4,263.6,65.9,0
2026-09-30,NODE-019,Kalkaji Main Road Bins,South Delhi Zone 4,600,36000,2,9,0,0,0,,61,28.9,69,43.4,426.9,71.1,0
2026-09-30,NODE-020,Govindpuri Market Cluster,South Delhi Zone 4,550,42000,2,9,0,0,0,,61,28.9,69,43.4,416.6,75.7,0
2026-09-30,NODE-021,Sangam Vihar Block A,South Delhi Zone 4,800,48000,2,9,0,0,0,,61,28.9,69,43.4,611.7,76.5,0
2026-09-30,NODE-022,Madanpur Khadar Bins,South Delhi Zone 4,650,44000,2,9,0,0,0,,61,28.9,69,43.4,516.7,79.5,0
2026-09-30,NODE-023,Jasola Apollo Hospital Area,South Delhi Zone 4,500,20000,2,9,0,0,0,,61,28.9,69,43.4,287.6,57.5,0
2026-09-30,NODE-024,Alaknanda Market Community Bins,South Delhi Zone 4,480,27000,2,9,0,0,0,,61,28.9,69,43.4,297.3,61.9,0
2026-09-30,NODE-025,Pul Prehladpur Cluster,South Delhi Zone 4,700,39000,2,9,0,0,0,,61,28.9,69,43.4,547.1,78.2,0
2026-10-01,NODE-001,Lajpat Nagar Market Bin Cluster,South Delhi Zone 3,800,38000,3,10,0,0,0,,0,25.3,37,0.0,506.0,63.2,0
2026-10-01,NODE-002,Sarojini Nagar Community Bins,South Delhi Zone 3,600,32000,3,10,0,0,0,,0,25.3,37,0.0,376.5,62.7,0
2026-10-01,NODE-003,INA Colony Street Cluster,South Delhi Zone 3,400,25000,3,10,0,0,0,,0,25.3,37,0.0,221.0,55.3,0
2026-10-01,NODE-004,Nehru Place Commercial Hub,South Delhi Zone 3,1200,45000,3,10,0,0,0,,0,25.3,37,0.0,906.3,75.5,0
2026-10-01,NODE-005,Greater Kailash Block N,South Delhi Zone 3,500,20000,3,10,0,0,0,,0,25.3,37,0.0,277.1,55.4,0
2026-10-01,NODE-006,Defence Colony Main Road,South Delhi Zone 3,600,22000,3,10,0,0,0,,0,25.3,37,0.0,346.1,57.7,0
2026-10-01,NODE-007,CR Park Bengali Colony,South Delhi Zone 3,500,28000,3,10,0,0,0,,0,25.3,37,0.0,307.3,61.5,0
2026-10-01,NODE-008,Jangpura Extension Market,South Delhi Zone 3,450,30000,3,10,0,0,0,,0,25.3,37,0.0,292.1,64.9,0
2026-10-01,NODE-009,Bhogal Vegetable Market,South Delhi Zone 3,700,40000,3,10,0,0,0,,0,25.3,37,0.0,462.6,66.1,0
2026-10-01,NODE-010,Andrews Ganj Colony,South Delhi Zone 3,350,18000,3,10,0,0,0,,0,25.3,37,0.0,183.9,52.5,0
2026-10-01,NODE-011,Moolchand Market Cluster,South Delhi Zone 3,550,26000,3,10,0,0,0,,0,25.3,37,0.0,328.7,59.8,0
2026-10-01,NODE-012,Sidhartha Nagar Bins,South Delhi Zone 3,400,35000,3,10,0,0,0,,0,25.3,37,0.0,281.7,70.4,0
2026-10-01,NODE-013,Kotla Mubarakpur Street,South Delhi Zone 3,480,33000,3,10,0,0,0,,0,25.3,37,0.0,288.8,60.2,0
2026-10-01,NODE-014,Malviya Nagar Main Market,South Delhi Zone 4,700,30000,3,10,0,0,0,,0,25.3,37,0.0,420.5,60.1,0
2026-10-01,NODE-015,Okhla Phase 1 Industrial Area,South Delhi Zone 4,1500,15000,3,10,0,0,0,,0,25.3,37,0.0,743.5,49.6,0
2026-10-01,NODE-016,Hauz Khas Village Cluster,South Delhi Zone 4,450,18000,3,10,0,0,0,,0,25.3,37,0.0,233.5,51.9,0
2026-10-01,NODE-017,Saket Select Citywalk Area,South Delhi Zone 4,900,25000,3,10,0,0,0,,0,25.3,37,0.0,488.0,54.2,0
2026-10-01,NODE-018,Sheikh Sarai Phase 2,South Delhi Zone 4,400,22000,3,10,0,0,0,,0,25.3,37,0.0,221.3,55.3,0
2026-10-01,NODE-019,Kalkaji Main Road Bins,South Delhi Zone 4,600,36000,3,10,0,0,0,,0,25.3,37,0.0,403.1,67.2,0
2026-10-01,NODE-020,Govindpuri Market Cluster,South Delhi Zone 4,550,42000,3,10,0,0,0,,0,25.3,37,0.0,378.7,68.9,0
2026-10-01,NODE-021,Sangam Vihar Block A,South Delhi Zone 4,800,48000,3,10,0,0,0,,0,25.3,37,0.0,553.6,69.2,0
2026-10-01,NODE-022,Madanpur Khadar Bins,South Delhi Zone 4,650,44000,3,10,0,0,0,,0,25.3,37,0.0,487.5,75.0,0
2026-10-01,NODE-023,Jasola Apollo Hospital Area,South Delhi Zone 4,500,20000,3,10,0,0,0,,0,25.3,37,0.0,262.4,52.5,0
2026-10-01,NODE-024,Alaknanda Market Community Bins,South Delhi Zone 4,480,27000,3,10,0,0,0,,0,25.3,37,0.0,288.2,60.0,0
2026-10-01,NODE-025,Pul Prehladpur Cluster,South Delhi Zone 4,700,39000,3,10,0,0,0,,0,25.3,37,0.0,484.4,69.2,0
2026-10-02,NODE-001,Lajpat Nagar Market Bin Cluster,South Delhi Zone 3,800,38000,4,10,0,0,1,Gandhi Jayanti,0,28.1,38,0.0,744.6,93.1,0
2026-10-02,NODE-002,Sarojini Nagar Community Bins,South Delhi Zone 3,600,32000,4,10,0,0,1,Gandhi Jayanti,0,28.1,38,0.0,554.6,92.4,0
2026-10-02,NODE-003,INA Colony Street Cluster,South Delhi Zone 3,400,25000,4,10,0,0,1,Gandhi Jayanti,0,28.1,38,0.0,316.0,79.0,0
2026-10-02,NODE-004,Nehru Place Commercial Hub,South Delhi Zone 3,1200,45000,4,10,0,0,1,Gandhi Jayanti,0,28.1,38,0.0,1112.1,92.7,0
2026-10-02,NODE-005,Greater Kailash Block N,South Delhi Zone 3,500,20000,4,10,0,0,1,Gandhi Jayanti,0,28.1,38,0.0,380.7,76.1,0
2026-10-02,NODE-006,Defence Colony Main Road,South Delhi Zone 3,600,22000,4,10,0,0,1,Gandhi Jayanti,0,28.1,38,0.0,460.9,76.8,0
2026-10-02,NODE-007,CR Park Bengali Colony,South Delhi Zone 3,500,28000,4,10,0,0,1,Gandhi Jayanti,0,28.1,38,0.0,427.5,85.5,0
2026-10-02,NODE-008,Jangpura Extension Market,South Delhi Zone 3,450,30000,4,10,0,0,1,Gandhi Jayanti,0,28.1,38,0.0,389.5,86.6,0
2026-10-02,NODE-009,Bhogal Vegetable Market,South Delhi Zone 3,700,40000,4,10,0,0,1,Gandhi Jayanti,0,28.1,38,0.0,650.9,93.0,0
2026-10-02,NODE-010,Andrews Ganj Colony,South Delhi Zone 3,350,18000,4,10,0,0,1,Gandhi Jayanti,0,28.1,38,0.0,264.0,75.4,0
2026-10-02,NODE-011,Moolchand Market Cluster,South Delhi Zone 3,550,26000,4,10,0,0,1,Gandhi Jayanti,0,28.1,38,0.0,421.4,76.6,0
2026-10-02,NODE-012,Sidhartha Nagar Bins,South Delhi Zone 3,400,35000,4,10,0,0,1,Gandhi Jayanti,0,28.1,38,0.0,360.0,90.0,0
2026-10-02,NODE-013,Kotla Mubarakpur Street,South Delhi Zone 3,480,33000,4,10,0,0,1,Gandhi Jayanti,0,28.1,38,0.0,425.2,88.6,0
2026-10-02,NODE-014,Malviya Nagar Main Market,South Delhi Zone 4,700,30000,4,10,0,0,1,Gandhi Jayanti,0,28.1,38,0.0,626.6,89.5,0
2026-10-02,NODE-015,Okhla Phase 1 Industrial Area,South Delhi Zone 4,1500,15000,4,10,0,0,1,Gandhi Jayanti,0,28.1,38,0.0,1044.1,69.6,0
2026-10-02,NODE-016,Hauz Khas Village Cluster,South Delhi Zone 4,450,18000,4,10,0,0,1,Gandhi Jayanti,0,28.1,38,0.0,321.3,71.4,0
2026-10-02,NODE-017,Saket Select Citywalk Area,South Delhi Zone 4,900,25000,4,10,0,0,1,Gandhi Jayanti,0,28.1,38,0.0,733.8,81.5,0
2026-10-02,NODE-018,Sheikh Sarai Phase 2,South Delhi Zone 4,400,22000,4,10,0,0,1,Gandhi Jayanti,0,28.1,38,0.0,302.1,75.5,0
2026-10-02,NODE-019,Kalkaji Main Road Bins,South Delhi Zone 4,600,36000,4,10,0,0,1,Gandhi Jayanti,0,28.1,38,0.0,566.4,94.4,0
2026-10-02,NODE-020,Govindpuri Market Cluster,South Delhi Zone 4,550,42000,4,10,0,0,1,Gandhi Jayanti,0,28.1,38,0.0,561.2,102.0,1
2026-10-02,NODE-021,Sangam Vihar Block A,South Delhi Zone 4,800,48000,4,10,0,0,1,Gandhi Jayanti,0,28.1,38,0.0,759.9,95.0,0
2026-10-02,NODE-022,Madanpur Khadar Bins,South Delhi Zone 4,650,44000,4,10,0,0,1,Gandhi Jayanti,0,28.1,38,0.0,616.9,94.9,0
2026-10-02,NODE-023,Jasola Apollo Hospital Area,South Delhi Zone 4,500,20000,4,10,0,0,1,Gandhi Jayanti,0,28.1,38,0.0,349.5,69.9,0
2026-10-02,NODE-024,Alaknanda Market Community Bins,South Delhi Zone 4,480,27000,4,10,0,0,1,Gandhi Jayanti,0,28.1,38,0.0,363.7,75.8,0
2026-10-02,NODE-025,Pul Prehladpur Cluster,South Delhi Zone 4,700,39000,4,10,0,0,1,Gandhi Jayanti,0,28.1,38,0.0,647.7,92.5,0
2026-10-03,NODE-001,Lajpat Nagar Market Bin Cluster,South Delhi Zone 3,800,38000,5,10,1,0,0,,1,29.4,41,0.0,728.9,91.1,0
2026-10-03,NODE-002,Sarojini Nagar Community Bins,South Delhi Zone 3,600,32000,5,10,1,0,0,,1,29.4,41,0.0,525.5,87.6,0
2026-10-03,NODE-003,INA Colony Street Cluster,South Delhi Zone 3,400,25000,5,10,1,0,0,,1,29.4,41,0.0,293.1,73.3,0
2026-10-03,NODE-004,Nehru Place Commercial Hub,South Delhi Zone 3,1200,45000,5,10,1,0,0,,1,29.4,41,0.0,1095.1,91.3,0
2026-10-03,NODE-005,Greater Kailash Block N,South Delhi Zone 3,500,20000,5,10,1,0,0,,1,29.4,41,0.0,350.6,70.1,0
2026-10-03,NODE-006,Defence Colony Main Road,South Delhi Zone 3,600,22000,5,10,1,0,0,,1,29.4,41,0.0,437.8,73.0,0
2026-10-03,NODE-007,CR Park Bengali Colony,South Delhi Zone 3,500,28000,5,10,1,0,0,,1,29.4,41,0.0,355.9,71.2,0
2026-10-03,NODE-008,Jangpura Extension Market,South Delhi Zone 3,450,30000,5,10,1,0,0,,1,29.4,41,0.0,339.2,75.4,0
2026-10-03,NODE-009,Bhogal Vegetable Market,South Delhi Zone 3,700,40000,5,10,1,0,0,,1,29.4,41,0.0,600.5,85.8,0
2026-10-03,NODE-010,Andrews Ganj Colony,South Delhi Zone 3,350,18000,5,10,1,0,0,,1,29.4,41,0.0,247.2,70.6,0
2026-10-03,NODE-011,Moolchand Market Cluster,South Delhi Zone 3,550,26000,5,10,1,0,0,,1,29.4,41,0.0,401.3,73.0,0
2026-10-03,NODE-012,Sidhartha Nagar Bins,South Delhi Zone 3,400,35000,5,10,1,0,0,,1,29.4,41,0.0,336.5,84.1,0
2026-10-03,NODE-013,Kotla Mubarakpur Street,South Delhi Zone 3,480,33000,5,10,1,0,0,,1,29.4,41,0.0,382.9,79.8,0
2026-10-03,NODE-014,Malviya Nagar Main Market,South Delhi Zone 4,700,30000,5,10,1,0,0,,1,29.4,41,0.0,510.4,72.9,0
2026-10-03,NODE-015,Okhla Phase 1 Industrial Area,South Delhi Zone 4,1500,15000,5,10,1,0,0,,1,29.4,41,0.0,997.6,66.5,0
2026-10-03,NODE-016,Hauz Khas Village Cluster,South Delhi Zone 4,450,18000,5,10,1,0,0,,1,29.4,41,0.0,296.0,65.8,0
2026-10-03,NODE-017,Saket Select Citywalk Area,South Delhi Zone 4,900,25000,5,10,1,0,0,,1,29.4,41,0.0,692.8,77.0,0
2026-10-03,NODE-018,Sheikh Sarai Phase 2,South Delhi Zone 4,400,22000,5,10,1,0,0,,1,29.4,41,0.0,290.9,72.7,0
2026-10-03,NODE-019,Kalkaji Main Road Bins,South Delhi Zone 4,600,36000,5,10,1,0,0,,1,29.4,41,0.0,471.6,78.6,0
2026-10-03,NODE-020,Govindpuri Market Cluster,South Delhi Zone 4,550,42000,5,10,1,0,0,,1,29.4,41,0.0,473.7,86.1,0
2026-10-03,NODE-021,Sangam Vihar Block A,South Delhi Zone 4,800,48000,5,10,1,0,0,,1,29.4,41,0.0,729.7,91.2,0
2026-10-03,NODE-022,Madanpur Khadar Bins,South Delhi Zone 4,650,44000,5,10,1,0,0,,1,29.4,41,0.0,587.4,90.4,0
2026-10-03,NODE-023,Jasola Apollo Hospital Area,South Delhi Zone 4,500,20000,5,10,1,0,0,,1,29.4,41,0.0,356.8,71.4,0
2026-10-03,NODE-024,Alaknanda Market Community Bins,South Delhi Zone 4,480,27000,5,10,1,0,0,,1,29.4,41,0.0,390.4,81.3,0
2026-10-03,NODE-025,Pul Prehladpur Cluster,South Delhi Zone 4,700,39000,5,10,1,0,0,,1,29.4,41,0.0,644.7,92.1,0
